Timestamp,Open,High,Low,Close,Volume,Open Interest
2024-08-01 15:15:00+05:30,51571.3,51639.15,51570.15,51603.5,0,0
2024-08-01 14:45:00+05:30,51573.35,51591.75,51456.2,51571.65,0,0
2024-08-01 14:15:00+05:30,51568.55,51595.8,51457.8,51574.3,0,0
2024-08-01 13:45:00+05:30,51656.2,51696.3,51565.7,51569.1,0,0
2024-08-01 13:15:00+05:30,51694.4,51721.3,51652.5,51656.45,0,0
2024-08-01 12:45:00+05:30,51630.25,51706.75,51591.8,51694.15,0,0
2024-08-01 12:15:00+05:30,51706.65,51723.3,51580.85,51628.65,0,0
2024-08-01 11:45:00+05:30,51705.05,51755.4,51685.7,51711.0,0,0
2024-08-01 11:15:00+05:30,51749.6,51765.4,51695.0,51704.35,0,0
2024-08-01 10:45:00+05:30,51728.25,51779.25,51667.6,51750.3,0,0
2024-08-01 10:15:00+05:30,51688.8,51766.6,51688.8,51728.75,0,0
2024-08-01 09:45:00+05:30,51782.2,51814.75,51646.05,51692.55,0,0
2024-08-01 09:15:00+05:30,51672.6,51877.15,51652.45,51787.75,0,0
2024-07-31 15:15:00+05:30,51549.0,51663.1,51542.65,51620.8,0,0
2024-07-31 14:45:00+05:30,51460.45,51583.45,51436.45,51547.45,0,0
2024-07-31 14:15:00+05:30,51385.65,51504.55,51363.4,51459.1,0,0
2024-07-31 13:45:00+05:30,51424.25,51470.35,51335.7,51385.7,0,0
2024-07-31 13:15:00+05:30,51491.05,51541.25,51348.75,51426.65,0,0
2024-07-31 12:45:00+05:30,51469.5,51579.8,51460.3,51498.05,0,0
2024-07-31 12:15:00+05:30,51475.6,51498.35,51444.9,51475.35,0,0
2024-07-31 11:45:00+05:30,51488.3,51511.95,51448.05,51475.9,0,0
2024-07-31 11:15:00+05:30,51555.45,51571.85,51400.1,51493.2,0,0
2024-07-31 10:45:00+05:30,51591.8,51612.7,51523.2,51557.15,0,0
2024-07-31 10:15:00+05:30,51603.35,51661.85,51530.2,51592.1,0,0
2024-07-31 09:45:00+05:30,51475.85,51621.75,51439.05,51606.85,0,0
2024-07-31 09:15:00+05:30,51583.45,51587.95,51392.85,51472.45,0,0
2024-07-30 15:15:00+05:30,51460.9,51510.85,51390.6,51435.95,0,0
2024-07-30 14:45:00+05:30,51871.3,51876.95,51413.2,51462.35,0,0
2024-07-30 14:15:00+05:30,51795.85,51922.55,51795.85,51875.55,0,0
2024-07-30 13:45:00+05:30,51809.25,51866.5,51768.1,51795.5,0,0
2024-07-30 13:15:00+05:30,51797.3,51838.45,51627.75,51814.05,0,0
2024-07-30 12:45:00+05:30,51698.3,51957.75,51676.15,51802.6,0,0
2024-07-30 12:15:00+05:30,51690.6,51751.3,51671.75,51706.5,0,0
2024-07-30 11:45:00+05:30,51761.05,51762.65,51649.75,51689.15,0,0
2024-07-30 11:15:00+05:30,51645.2,51784.6,51642.25,51758.1,0,0
2024-07-30 10:45:00+05:30,51676.9,51703.0,51576.65,51645.1,0,0
2024-07-30 10:15:00+05:30,51472.05,51692.45,51448.15,51667.6,0,0
2024-07-30 09:45:00+05:30,51584.05,51601.55,51305.15,51470.1,0,0
2024-07-30 09:15:00+05:30,51383.9,51599.65,51260.05,51588.25,0,0
2024-07-29 15:15:00+05:30,51311.35,51395.05,51293.45,51388.4,0,0
2024-07-29 14:45:00+05:30,51484.55,51617.85,51283.35,51311.85,0,0
2024-07-29 14:15:00+05:30,51345.9,51548.65,51264.65,51481.8,0,0
2024-07-29 13:45:00+05:30,51673.75,51687.05,51343.75,51345.35,0,0
2024-07-29 13:15:00+05:30,51521.9,51717.65,51512.3,51677.45,0,0
2024-07-29 12:45:00+05:30,51688.25,51778.45,51512.3,51516.85,0,0
2024-07-29 12:15:00+05:30,51829.15,51866.9,51186.95,51687.15,0,0
2024-07-29 11:45:00+05:30,52232.9,52340.25,51737.0,51833.8,0,0
2024-07-29 11:15:00+05:30,52130.45,52244.45,52102.15,52229.6,0,0
2024-07-29 10:45:00+05:30,51865.65,52183.0,51865.3,52130.35,0,0
2024-07-29 10:15:00+05:30,51798.5,51898.6,51778.75,51867.4,0,0
2024-07-29 09:45:00+05:30,51931.3,51954.4,51751.15,51798.95,0,0
2024-07-29 09:15:00+05:30,51546.65,51939.8,51433.9,51930.3,0,0
2024-07-26 15:15:00+05:30,51319.5,51398.6,51264.9,51352.65,0,0
2024-07-26 14:45:00+05:30,51248.1,51345.45,51230.15,51321.25,0,0
2024-07-26 14:15:00+05:30,51223.8,51256.6,51136.95,51249.45,0,0
2024-07-26 13:45:00+05:30,51228.8,51322.2,51178.95,51222.75,0,0
2024-07-26 13:15:00+05:30,51205.15,51277.2,51160.3,51232.25,0,0
2024-07-26 12:45:00+05:30,51061.3,51201.55,51023.15,51200.0,0,0
2024-07-26 12:15:00+05:30,50878.15,51064.45,50863.0,51061.55,0,0
2024-07-26 11:45:00+05:30,50916.3,50987.25,50873.55,50878.85,0,0
2024-07-26 11:15:00+05:30,50891.45,50924.4,50851.5,50916.55,0,0
2024-07-26 10:45:00+05:30,50745.9,50950.45,50706.4,50895.3,0,0
2024-07-26 10:15:00+05:30,50722.4,50785.8,50721.2,50740.35,0,0
2024-07-26 09:45:00+05:30,50772.15,50818.15,50616.95,50722.15,0,0
2024-07-26 09:15:00+05:30,50456.1,50876.4,50438.3,50770.95,0,0
2024-07-25 15:15:00+05:30,50898.55,50898.55,50853.8,50893.15,0,0
2024-07-25 14:45:00+05:30,50855.8,50928.35,50841.45,50897.9,0,0
2024-07-25 14:15:00+05:30,50894.4,50936.25,50847.45,50855.9,0,0
2024-07-25 13:45:00+05:30,50792.15,50921.7,50785.05,50890.4,0,0
2024-07-25 13:15:00+05:30,50831.35,50864.6,50776.1,50790.15,0,0
2024-07-25 12:45:00+05:30,50793.65,50879.55,50791.65,50833.25,0,0
2024-07-25 12:15:00+05:30,50837.25,50857.15,50778.9,50793.1,0,0
2024-07-25 11:45:00+05:30,50838.8,50869.05,50783.95,50839.65,0,0
2024-07-25 11:15:00+05:30,50736.35,50879.15,50696.55,50839.75,0,0
2024-07-25 10:45:00+05:30,50687.35,50768.25,50651.25,50737.25,0,0
2024-07-25 10:15:00+05:30,50638.05,50707.75,50559.9,50692.75,0,0
2024-07-25 09:45:00+05:30,50795.55,50799.25,50572.0,50636.05,0,0
2024-07-25 09:15:00+05:30,50762.3,51006.1,50702.25,50800.15,0,0
2024-07-24 15:15:00+05:30,51314.7,51462.15,51260.15,51429.4,0,0
2024-07-24 14:45:00+05:30,51180.45,51328.2,51175.85,51314.45,0,0
2024-07-24 14:15:00+05:30,51039.35,51334.8,50994.1,51183.55,0,0
2024-07-24 13:45:00+05:30,51487.25,51491.45,51006.95,51034.95,0,0
2024-07-24 13:15:00+05:30,51103.0,51515.55,51012.55,51490.25,0,0
2024-07-24 12:45:00+05:30,50871.4,51120.55,50865.65,51102.65,0,0
2024-07-24 12:15:00+05:30,51071.85,51082.05,50784.25,50876.85,0,0
2024-07-24 11:45:00+05:30,51045.1,51171.0,51035.8,51071.15,0,0
2024-07-24 11:15:00+05:30,51190.15,51236.95,51009.1,51048.65,0,0
2024-07-24 10:45:00+05:30,51461.3,51530.4,51153.6,51190.6,0,0
2024-07-24 10:15:00+05:30,51701.05,51831.4,51361.35,51458.15,0,0
2024-07-24 09:45:00+05:30,51612.15,51944.65,51551.7,51703.35,0,0
2024-07-24 09:15:00+05:30,51657.65,51937.65,51469.8,51619.75,0,0
2024-07-23 15:15:00+05:30,51747.8,51778.5,51661.0,51758.15,0,0
2024-07-23 14:45:00+05:30,52046.65,52054.7,51749.55,51752.3,0,0
2024-07-23 14:15:00+05:30,51850.35,52086.35,51670.5,52048.25,0,0
2024-07-23 13:45:00+05:30,51639.75,51917.8,51559.25,51849.15,0,0
2024-07-23 13:15:00+05:30,51363.45,51703.1,51363.45,51631.55,0,0
2024-07-23 12:45:00+05:30,51910.6,51913.1,51342.65,51359.75,0,0
2024-07-23 12:15:00+05:30,52167.8,52197.25,51554.85,51909.75,0,0
2024-07-23 11:45:00+05:30,52129.55,52249.1,52018.6,52163.4,0,0
2024-07-23 11:15:00+05:30,52350.5,52370.5,51801.1,52130.55,0,0
2024-07-23 10:45:00+05:30,52208.75,52427.45,52190.35,52351.1,0,0
2024-07-23 10:15:00+05:30,52215.1,52335.2,52124.45,52209.15,0,0
2024-07-23 09:45:00+05:30,52220.4,52286.45,52156.3,52219.95,0,0
2024-07-23 09:15:00+05:30,52511.0,52547.55,52088.55,52218.5,0,0
2024-07-22 15:15:00+05:30,52312.75,52332.55,52262.75,52328.6,0,0
2024-07-22 14:45:00+05:30,52290.2,52332.55,52226.35,52309.8,0,0
2024-07-22 14:15:00+05:30,52244.85,52321.15,52217.65,52292.8,0,0
2024-07-22 13:45:00+05:30,52291.6,52320.7,52231.45,52243.75,0,0
2024-07-22 13:15:00+05:30,52242.4,52324.85,52237.5,52290.05,0,0
2024-07-22 12:45:00+05:30,52234.3,52268.65,52194.4,52241.9,0,0
2024-07-22 12:15:00+05:30,52264.45,52272.15,52165.8,52237.0,0,0
2024-07-22 11:45:00+05:30,52291.15,52307.35,52230.0,52263.55,0,0
2024-07-22 11:15:00+05:30,52314.2,52331.05,52254.1,52291.8,0,0
2024-07-22 10:45:00+05:30,52391.85,52417.8,52267.55,52313.9,0,0
2024-07-22 10:15:00+05:30,52364.6,52427.0,52316.7,52392.75,0,0
2024-07-22 09:45:00+05:30,52269.65,52369.05,52248.65,52365.45,0,0
2024-07-22 09:15:00+05:30,52145.6,52334.05,51874.55,52274.95,0,0
2024-07-19 15:15:00+05:30,52281.6,52287.45,52195.35,52217.75,0,0
2024-07-19 14:45:00+05:30,52290.35,52341.15,52251.5,52277.05,0,0
2024-07-19 14:15:00+05:30,52264.8,52324.7,52234.75,52290.65,0,0
2024-07-19 13:45:00+05:30,52306.65,52384.4,52246.75,52263.9,0,0
2024-07-19 13:15:00+05:30,52250.0,52361.7,52217.25,52303.65,0,0
2024-07-19 12:45:00+05:30,52261.5,52278.15,52182.3,52255.4,0,0
2024-07-19 12:15:00+05:30,52342.9,52376.1,52200.2,52261.7,0,0
2024-07-19 11:45:00+05:30,52307.65,52381.0,52277.7,52344.1,0,0
2024-07-19 11:15:00+05:30,52297.2,52397.75,52257.95,52306.75,0,0
2024-07-19 10:45:00+05:30,52384.35,52399.25,52146.3,52298.1,0,0
2024-07-19 10:15:00+05:30,52360.65,52475.45,52344.4,52385.6,0,0
2024-07-19 09:45:00+05:30,52551.85,52554.0,52317.5,52362.4,0,0
2024-07-19 09:15:00+05:30,52531.55,52586.75,52339.95,52551.85,0,0
2024-07-18 15:15:00+05:30,52631.1,52653.05,52558.25,52559.25,0,0
2024-07-18 14:45:00+05:30,52736.75,52766.15,52607.05,52630.1,0,0
2024-07-18 14:15:00+05:30,52730.95,52782.75,52650.2,52738.8,0,0
2024-07-18 13:45:00+05:30,52548.6,52754.05,52534.55,52734.6,0,0
2024-07-18 13:15:00+05:30,52562.25,52623.3,52505.95,52546.85,0,0
2024-07-18 12:45:00+05:30,52436.05,52583.4,52352.7,52557.8,0,0
2024-07-18 12:15:00+05:30,52424.05,52489.15,52359.9,52433.1,0,0
2024-07-18 11:45:00+05:30,52238.05,52436.35,52204.35,52427.85,0,0
2024-07-18 11:15:00+05:30,52273.6,52316.05,52185.7,52239.75,0,0
2024-07-18 10:45:00+05:30,52519.6,52539.6,52267.65,52272.95,0,0
2024-07-18 10:15:00+05:30,52602.4,52631.05,52467.0,52513.85,0,0
2024-07-18 09:45:00+05:30,52408.7,52668.8,52403.95,52608.0,0,0
2024-07-18 09:15:00+05:30,52215.05,52426.4,52168.65,52402.7,0,0
2024-07-16 15:15:00+05:30,52407.25,52454.35,52365.85,52413.1,0,0
2024-07-16 14:45:00+05:30,52392.7,52456.7,52374.3,52407.5,0,0
2024-07-16 14:15:00+05:30,52419.05,52419.05,52331.6,52394.65,0,0
2024-07-16 13:45:00+05:30,52395.1,52436.7,52389.1,52416.1,0,0
2024-07-16 13:15:00+05:30,52461.5,52476.85,52375.5,52396.4,0,0
2024-07-16 12:45:00+05:30,52469.9,52513.85,52428.25,52461.55,0,0
2024-07-16 12:15:00+05:30,52436.9,52492.85,52423.7,52468.75,0,0
2024-07-16 11:45:00+05:30,52475.55,52480.95,52426.2,52436.0,0,0
2024-07-16 11:15:00+05:30,52497.45,52512.7,52457.7,52475.85,0,0
2024-07-16 10:45:00+05:30,52501.25,52515.8,52435.75,52499.0,0,0
2024-07-16 10:15:00+05:30,52450.05,52526.4,52440.55,52502.3,0,0
2024-07-16 09:45:00+05:30,52508.45,52517.0,52357.5,52448.1,0,0
2024-07-16 09:15:00+05:30,52466.7,52619.05,52459.05,52510.3,0,0
2024-07-15 15:15:00+05:30,52442.9,52486.65,52422.65,52481.15,0,0
2024-07-15 14:45:00+05:30,52522.55,52586.2,52424.65,52448.95,0,0
2024-07-15 14:15:00+05:30,52542.05,52614.15,52510.8,52523.9,0,0
2024-07-15 13:45:00+05:30,52555.85,52662.25,52515.95,52545.2,0,0
2024-07-15 13:15:00+05:30,52438.5,52622.85,52426.8,52552.5,0,0
2024-07-15 12:45:00+05:30,52286.55,52441.9,52275.25,52434.6,0,0
2024-07-15 12:15:00+05:30,52357.85,52363.5,52256.3,52289.2,0,0
2024-07-15 11:45:00+05:30,52403.85,52445.9,52154.0,52358.3,0,0
2024-07-15 11:15:00+05:30,52426.6,52435.0,52367.5,52406.3,0,0
2024-07-15 10:45:00+05:30,52447.75,52473.1,52385.5,52426.7,0,0
2024-07-15 10:15:00+05:30,52313.5,52516.4,52228.8,52446.45,0,0
2024-07-15 09:45:00+05:30,52273.45,52358.15,52167.25,52313.0,0,0
2024-07-15 09:15:00+05:30,52330.05,52444.9,52219.95,52272.15,0,0
2024-07-12 15:15:00+05:30,52224.75,52350.65,52193.3,52348.7,0,0
2024-07-12 14:45:00+05:30,52437.65,52439.8,52226.05,52228.45,0,0
2024-07-12 14:15:00+05:30,52562.3,52582.3,52404.55,52437.0,0,0
2024-07-12 13:45:00+05:30,52547.15,52586.25,52532.0,52562.15,0,0
2024-07-12 13:15:00+05:30,52555.55,52637.35,52537.0,52546.3,0,0
2024-07-12 12:45:00+05:30,52478.05,52586.5,52444.65,52554.65,0,0
2024-07-12 12:15:00+05:30,52554.85,52562.4,52469.3,52479.45,0,0
2024-07-12 11:45:00+05:30,52525.45,52577.4,52468.5,52551.5,0,0
2024-07-12 11:15:00+05:30,52647.4,52659.45,52448.4,52524.8,0,0
2024-07-12 10:45:00+05:30,52292.3,52794.55,52253.8,52649.8,0,0
2024-07-12 10:15:00+05:30,52232.15,52352.65,52224.9,52292.15,0,0
2024-07-12 09:45:00+05:30,52487.85,52491.1,52171.15,52237.0,0,0
2024-07-12 09:15:00+05:30,52272.65,52510.75,52193.8,52490.25,0,0
2024-07-11 15:15:00+05:30,52288.85,52335.2,52254.85,52300.05,0,0
2024-07-11 14:45:00+05:30,52146.8,52343.3,52132.0,52287.6,0,0
2024-07-11 14:15:00+05:30,52170.5,52215.6,52131.25,52148.6,0,0
2024-07-11 13:45:00+05:30,51919.05,52244.7,51915.85,52168.7,0,0
2024-07-11 13:15:00+05:30,51933.85,51955.95,51877.95,51920.25,0,0
2024-07-11 12:45:00+05:30,51930.65,51965.7,51886.15,51933.1,0,0
2024-07-11 12:15:00+05:30,51883.5,51960.8,51863.5,51929.2,0,0
2024-07-11 11:45:00+05:30,51890.9,51920.95,51768.35,51882.85,0,0
2024-07-11 11:15:00+05:30,51796.6,51928.35,51779.1,51891.6,0,0
2024-07-11 10:45:00+05:30,51850.65,51870.6,51749.45,51801.5,0,0
2024-07-11 10:15:00+05:30,52141.55,52142.85,51824.2,51848.0,0,0
2024-07-11 09:45:00+05:30,52143.5,52305.7,52119.4,52140.65,0,0
2024-07-11 09:15:00+05:30,52316.9,52400.3,52110.0,52142.5,0,0
2024-07-10 15:15:00+05:30,52172.7,52234.5,52160.15,52217.55,0,0
2024-07-10 14:45:00+05:30,52197.65,52238.55,52100.1,52174.4,0,0
2024-07-10 14:15:00+05:30,52121.7,52235.95,52108.3,52199.85,0,0
2024-07-10 13:45:00+05:30,52117.7,52133.05,52075.4,52120.35,0,0
2024-07-10 13:15:00+05:30,52128.2,52147.85,52097.2,52114.3,0,0
2024-07-10 12:45:00+05:30,52116.45,52167.3,52107.75,52129.3,0,0
2024-07-10 12:15:00+05:30,52156.25,52168.8,52111.65,52113.1,0,0
2024-07-10 11:45:00+05:30,52145.9,52187.75,52116.45,52153.75,0,0
2024-07-10 11:15:00+05:30,52123.7,52168.55,52082.15,52145.3,0,0
2024-07-10 10:45:00+05:30,52150.15,52160.65,52102.3,52124.0,0,0
2024-07-10 10:15:00+05:30,52278.7,52300.95,52077.9,52151.15,0,0
2024-07-10 09:45:00+05:30,52299.05,52386.4,52201.85,52284.55,0,0
2024-07-10 09:15:00+05:30,52528.8,52528.8,52175.2,52299.4,0,0
2024-07-09 15:15:00+05:30,52567.25,52607.65,52488.4,52517.5,0,0
2024-07-09 14:45:00+05:30,52543.3,52603.0,52500.95,52567.0,0,0
2024-07-09 14:15:00+05:30,52578.7,52582.3,52511.9,52548.0,0,0
2024-07-09 13:45:00+05:30,52549.5,52595.5,52548.3,52581.15,0,0
2024-07-09 13:15:00+05:30,52558.05,52583.4,52534.1,52550.5,0,0
2024-07-09 12:45:00+05:30,52492.0,52573.15,52491.05,52558.75,0,0
2024-07-09 12:15:00+05:30,52557.9,52567.15,52483.7,52493.95,0,0
2024-07-09 11:45:00+05:30,52615.85,52626.6,52544.85,52560.8,0,0
2024-07-09 11:15:00+05:30,52529.75,52620.0,52512.8,52617.0,0,0
2024-07-09 10:45:00+05:30,52554.3,52574.55,52496.9,52527.9,0,0
2024-07-09 10:15:00+05:30,52490.85,52568.25,52475.0,52552.75,0,0
2024-07-09 09:45:00+05:30,52526.7,52545.35,52416.35,52490.15,0,0
2024-07-09 09:15:00+05:30,52390.5,52586.3,52292.95,52529.05,0,0
2024-07-08 15:15:00+05:30,52401.1,52507.8,52377.3,52482.65,0,0
2024-07-08 14:45:00+05:30,52384.05,52480.7,52348.75,52400.55,0,0
2024-07-08 14:15:00+05:30,52436.45,52508.95,52377.35,52382.3,0,0
2024-07-08 13:45:00+05:30,52379.45,52518.25,52364.15,52430.85,0,0
2024-07-08 13:15:00+05:30,52395.25,52447.15,52333.8,52379.6,0,0
2024-07-08 12:45:00+05:30,52350.6,52437.1,52340.95,52389.8,0,0
2024-07-08 12:15:00+05:30,52285.1,52382.4,52246.7,52350.9,0,0
2024-07-08 11:45:00+05:30,52328.3,52439.7,52252.45,52283.65,0,0
2024-07-08 11:15:00+05:30,52447.85,52469.7,52300.75,52326.3,0,0
2024-07-08 10:45:00+05:30,52562.55,52564.9,52388.75,52450.7,0,0
2024-07-08 10:15:00+05:30,52561.9,52688.0,52461.35,52563.25,0,0
2024-07-08 09:45:00+05:30,52459.95,52628.8,52394.4,52561.35,0,0
2024-07-08 09:15:00+05:30,52533.1,52710.8,52321.2,52461.45,0,0
2024-07-05 15:15:00+05:30,52687.05,52715.05,52616.9,52616.9,0,0
2024-07-05 14:45:00+05:30,52498.0,52732.6,52464.25,52685.8,0,0
2024-07-05 14:15:00+05:30,52512.5,52533.7,52431.45,52498.8,0,0
2024-07-05 13:45:00+05:30,52506.05,52520.95,52465.7,52512.65,0,0
2024-07-05 13:15:00+05:30,52499.85,52581.2,52484.9,52505.65,0,0
2024-07-05 12:45:00+05:30,52598.05,52616.4,52485.45,52500.55,0,0
2024-07-05 12:15:00+05:30,52548.3,52624.05,52545.4,52601.6,0,0
2024-07-05 11:45:00+05:30,52626.35,52640.75,52547.8,52551.05,0,0
2024-07-05 11:15:00+05:30,52553.9,52660.6,52549.65,52627.35,0,0
2024-07-05 10:45:00+05:30,52510.85,52663.55,52507.0,52552.3,0,0
2024-07-05 10:15:00+05:30,52384.4,52523.5,52339.2,52511.45,0,0
2024-07-05 09:45:00+05:30,52397.75,52451.65,52290.05,52385.8,0,0
2024-07-05 09:15:00+05:30,52560.1,52817.85,52290.45,52396.5,0,0
2024-07-04 15:15:00+05:30,53107.15,53123.0,53072.85,53084.55,0,0
2024-07-04 14:45:00+05:30,53160.55,53188.05,53063.6,53108.0,0,0
2024-07-04 14:15:00+05:30,53032.85,53186.95,52984.8,53163.55,0,0
2024-07-04 13:45:00+05:30,52954.95,53092.85,52923.95,53031.85,0,0
2024-07-04 13:15:00+05:30,52995.25,53019.45,52925.75,52955.2,0,0
2024-07-04 12:45:00+05:30,52960.35,53028.2,52956.8,52996.2,0,0
2024-07-04 12:15:00+05:30,52941.15,52981.7,52922.15,52959.9,0,0
2024-07-04 11:45:00+05:30,52914.05,52959.95,52880.85,52942.0,0,0
2024-07-04 11:15:00+05:30,52881.35,52947.85,52863.0,52912.45,0,0
2024-07-04 10:45:00+05:30,52910.2,52916.3,52815.9,52881.2,0,0
2024-07-04 10:15:00+05:30,53180.8,53202.3,52864.0,52911.9,0,0
2024-07-04 09:45:00+05:30,53189.85,53225.85,53143.4,53180.05,0,0
2024-07-04 09:15:00+05:30,53357.7,53357.7,53044.5,53190.85,0,0
2024-07-03 15:15:00+05:30,53108.15,53145.4,53025.7,53036.35,0,0
2024-07-03 14:45:00+05:30,53113.1,53121.25,53047.1,53110.0,0,0
2024-07-03 14:15:00+05:30,53101.1,53143.0,53053.1,53109.0,0,0
2024-07-03 13:45:00+05:30,53150.05,53191.3,53089.3,53096.5,0,0
2024-07-03 13:15:00+05:30,53087.75,53157.45,53070.95,53151.9,0,0
2024-07-03 12:45:00+05:30,53104.15,53130.6,53057.95,53084.15,0,0
2024-07-03 12:15:00+05:30,53079.5,53144.8,53069.95,53102.35,0,0
2024-07-03 11:45:00+05:30,53085.0,53119.5,53044.6,53078.35,0,0
2024-07-03 11:15:00+05:30,53045.5,53107.7,52967.4,53083.25,0,0
2024-07-03 10:45:00+05:30,53158.75,53167.7,53025.3,53046.9,0,0
2024-07-03 10:15:00+05:30,53078.95,53256.7,53008.65,53158.75,0,0
2024-07-03 09:45:00+05:30,53105.5,53201.5,53046.05,53074.4,0,0
2024-07-03 09:15:00+05:30,52872.3,53110.75,52482.65,53103.35,0,0
2024-07-02 15:15:00+05:30,52164.5,52200.7,52131.2,52143.15,0,0
2024-07-02 14:45:00+05:30,52194.5,52222.75,52141.4,52164.4,0,0
2024-07-02 14:15:00+05:30,52132.6,52227.1,52125.75,52197.05,0,0
2024-07-02 13:45:00+05:30,52213.45,52231.85,52119.05,52132.6,0,0
2024-07-02 13:15:00+05:30,52146.15,52251.35,52109.6,52213.75,0,0
2024-07-02 12:45:00+05:30,52105.1,52175.8,51996.65,52147.85,0,0
2024-07-02 12:15:00+05:30,52141.0,52190.0,52070.5,52099.95,0,0
2024-07-02 11:45:00+05:30,52094.3,52225.15,52079.85,52142.0,0,0
2024-07-02 11:15:00+05:30,52357.5,52412.65,52057.3,52095.4,0,0
2024-07-02 10:45:00+05:30,52301.55,52371.45,52277.2,52364.1,0,0
2024-07-02 10:15:00+05:30,52255.15,52352.7,52252.9,52303.35,0,0
2024-07-02 09:45:00+05:30,52214.35,52390.35,52120.25,52256.55,0,0
2024-07-02 09:15:00+05:30,52793.75,52828.45,52209.1,52217.45,0,0
2024-07-01 15:15:00+05:30,52611.1,52630.0,52504.55,52515.2,0,0
2024-07-01 14:45:00+05:30,52516.65,52656.15,52497.6,52613.4,0,0
2024-07-01 14:15:00+05:30,52583.75,52602.5,52487.95,52516.75,0,0
2024-07-01 13:45:00+05:30,52611.9,52638.45,52544.0,52582.95,0,0
2024-07-01 13:15:00+05:30,52582.0,52630.95,52532.1,52610.75,0,0
2024-07-01 12:45:00+05:30,52560.8,52593.4,52537.8,52579.95,0,0
2024-07-01 12:15:00+05:30,52549.3,52616.9,52524.8,52562.25,0,0
2024-07-01 11:45:00+05:30,52567.2,52607.55,52523.55,52549.55,0,0
2024-07-01 11:15:00+05:30,52410.85,52599.85,52395.45,52566.55,0,0
2024-07-01 10:45:00+05:30,52415.7,52437.95,52338.8,52413.5,0,0
2024-07-01 10:15:00+05:30,52396.05,52483.1,52393.6,52416.95,0,0
2024-07-01 09:45:00+05:30,52511.25,52545.2,52373.35,52396.1,0,0
2024-07-01 09:15:00+05:30,52351.15,52515.75,52166.05,52507.65,0,0
2024-06-28 15:15:00+05:30,52289.85,52334.9,52242.3,52320.4,0,0
2024-06-28 14:45:00+05:30,52494.55,52590.6,52279.1,52289.05,0,0
2024-06-28 14:15:00+05:30,52673.75,52706.7,52407.0,52495.1,0,0
2024-06-28 13:45:00+05:30,52581.65,52723.05,52538.25,52672.4,0,0
2024-06-28 13:15:00+05:30,52513.45,52615.1,52455.15,52577.55,0,0
2024-06-28 12:45:00+05:30,52608.3,52646.85,52419.45,52516.55,0,0
2024-06-28 12:15:00+05:30,52742.4,52752.1,52528.8,52607.55,0,0
2024-06-28 11:45:00+05:30,52832.5,52845.45,52723.65,52740.1,0,0
2024-06-28 11:15:00+05:30,52862.05,52878.55,52674.9,52832.65,0,0
2024-06-28 10:45:00+05:30,52958.15,52964.5,52842.3,52861.5,0,0
2024-06-28 10:15:00+05:30,52970.3,53000.85,52900.75,52962.3,0,0
2024-06-28 09:45:00+05:30,52962.65,53023.1,52895.8,52972.85,0,0
2024-06-28 09:15:00+05:30,52874.95,53030.3,52783.3,52965.55,0,0
2024-06-27 15:15:00+05:30,52811.65,52882.9,52759.8,52776.5,0,0
2024-06-27 14:45:00+05:30,52902.1,52964.45,52730.9,52805.15,0,0
2024-06-27 14:15:00+05:30,52839.25,52909.65,52694.65,52901.75,0,0
2024-06-27 13:45:00+05:30,52871.65,52923.7,52751.05,52843.35,0,0
2024-06-27 13:15:00+05:30,52864.3,52935.45,52821.0,52869.35,0,0
2024-06-27 12:45:00+05:30,52930.25,52997.0,52800.9,52862.05,0,0
2024-06-27 12:15:00+05:30,53005.15,53035.2,52897.6,52934.65,0,0
2024-06-27 11:45:00+05:30,52938.6,53010.35,52870.4,53010.35,0,0
2024-06-27 11:15:00+05:30,52945.6,52963.7,52849.35,52939.8,0,0
2024-06-27 10:45:00+05:30,52741.75,52958.8,52668.65,52950.05,0,0
2024-06-27 10:15:00+05:30,53100.5,53136.9,52735.85,52743.3,0,0
2024-06-27 09:45:00+05:30,52759.3,53180.75,52750.3,53100.1,0,0
2024-06-27 09:15:00+05:30,52980.3,52980.3,52639.0,52749.4,0,0
2024-06-26 15:15:00+05:30,52832.85,52898.7,52694.2,52700.1,0,0
2024-06-26 14:45:00+05:30,52932.75,52988.3,52814.95,52837.55,0,0
2024-06-26 14:15:00+05:30,52940.3,52958.9,52861.0,52925.7,0,0
2024-06-26 13:45:00+05:30,52873.85,52958.75,52867.35,52938.55,0,0
2024-06-26 13:15:00+05:30,52863.55,52947.2,52851.0,52869.8,0,0
2024-06-26 12:45:00+05:30,52890.35,52915.25,52730.0,52867.55,0,0
2024-06-26 12:15:00+05:30,52888.9,52950.05,52830.15,52889.95,0,0
2024-06-26 11:45:00+05:30,52834.4,52957.95,52820.65,52885.05,0,0
2024-06-26 11:15:00+05:30,52674.15,52908.65,52666.35,52834.5,0,0
2024-06-26 10:45:00+05:30,52481.5,52753.65,52476.2,52680.1,0,0
2024-06-26 10:15:00+05:30,52398.3,52597.75,52398.3,52487.4,0,0
2024-06-26 09:45:00+05:30,52442.45,52543.3,52373.7,52399.3,0,0
2024-06-26 09:15:00+05:30,52653.2,52701.7,52440.9,52450.2,0,0
2024-06-25 15:15:00+05:30,52628.5,52746.5,52599.25,52620.15,0,0
2024-06-25 14:45:00+05:30,52620.15,52662.55,52508.1,52627.9,0,0
2024-06-25 14:15:00+05:30,52613.2,52633.75,52457.15,52616.8,0,0
2024-06-25 13:45:00+05:30,52607.15,52669.3,52539.2,52609.9,0,0
2024-06-25 13:15:00+05:30,52490.75,52638.85,52489.25,52603.3,0,0
2024-06-25 12:45:00+05:30,52397.5,52527.0,52383.3,52495.15,0,0
2024-06-25 12:15:00+05:30,52095.2,52493.75,52062.7,52394.15,0,0
2024-06-25 11:45:00+05:30,52072.8,52113.9,52044.85,52087.85,0,0
2024-06-25 11:15:00+05:30,52117.55,52121.65,52013.85,52074.15,0,0
2024-06-25 10:45:00+05:30,52088.95,52188.25,52088.7,52119.7,0,0
2024-06-25 10:15:00+05:30,52083.05,52118.25,52051.35,52093.8,0,0
2024-06-25 09:45:00+05:30,51948.6,52096.7,51926.45,52084.2,0,0
2024-06-25 09:15:00+05:30,51759.45,51973.5,51747.65,51953.6,0,0
2024-06-24 15:15:00+05:30,51736.95,51768.8,51686.95,51704.75,0,0
2024-06-24 14:45:00+05:30,51681.15,51762.6,51562.35,51737.6,0,0
2024-06-24 14:15:00+05:30,51619.95,51704.2,51565.6,51675.3,0,0
2024-06-24 13:45:00+05:30,51679.65,51728.45,51592.15,51620.65,0,0
2024-06-24 13:15:00+05:30,51706.65,51783.95,51648.4,51677.85,0,0
2024-06-24 12:45:00+05:30,51603.5,51718.2,51598.85,51706.4,0,0
2024-06-24 12:15:00+05:30,51618.75,51712.3,51596.95,51609.1,0,0
2024-06-24 11:45:00+05:30,51549.9,51674.7,51510.25,51616.7,0,0
2024-06-24 11:15:00+05:30,51522.8,51718.95,51514.3,51550.7,0,0
2024-06-24 10:45:00+05:30,51476.85,51610.45,51405.75,51523.1,0,0
2024-06-24 10:15:00+05:30,51321.25,51485.3,51251.65,51477.6,0,0
2024-06-24 09:45:00+05:30,51197.35,51357.95,51160.15,51318.25,0,0
2024-06-24 09:15:00+05:30,51280.25,51394.75,51138.9,51199.3,0,0
2024-06-21 15:15:00+05:30,51629.4,51669.15,51524.35,51558.55,0,0
2024-06-21 14:45:00+05:30,51461.15,51797.8,51461.15,51628.2,0,0
2024-06-21 14:15:00+05:30,51660.8,51680.0,51282.05,51467.7,0,0
2024-06-21 13:45:00+05:30,51393.6,51754.35,51384.3,51660.35,0,0
2024-06-21 13:15:00+05:30,51293.65,51433.65,51256.2,51393.95,0,0
2024-06-21 12:45:00+05:30,51396.35,51455.0,51224.95,51293.3,0,0
2024-06-21 12:15:00+05:30,51467.75,51550.55,51361.4,51391.15,0,0
2024-06-21 11:45:00+05:30,51466.2,51477.1,51406.45,51467.45,0,0
2024-06-21 11:15:00+05:30,51429.2,51504.7,51357.4,51463.75,0,0
2024-06-21 10:45:00+05:30,51451.05,51466.15,51350.9,51426.55,0,0
2024-06-21 10:15:00+05:30,51501.1,51558.95,51421.3,51452.1,0,0
2024-06-21 09:45:00+05:30,51543.75,51655.85,51478.7,51500.3,0,0
2024-06-21 09:15:00+05:30,51927.3,51934.35,51512.75,51547.3,0,0
2024-06-20 15:15:00+05:30,51770.45,51826.45,51756.0,51757.3,0,0
2024-06-20 14:45:00+05:30,51767.95,51813.4,51647.75,51770.3,0,0
2024-06-20 14:15:00+05:30,51748.6,51815.4,51711.45,51768.3,0,0
2024-06-20 13:45:00+05:30,51807.9,51818.55,51644.2,51744.25,0,0
2024-06-20 13:15:00+05:30,51666.65,51842.2,51660.75,51806.3,0,0
2024-06-20 12:45:00+05:30,51599.4,51715.15,51587.9,51667.4,0,0
2024-06-20 12:15:00+05:30,51665.2,51732.55,51590.6,51602.4,0,0
2024-06-20 11:45:00+05:30,51656.15,51698.95,51612.45,51664.65,0,0
2024-06-20 11:15:00+05:30,51525.1,51687.95,51506.55,51655.2,0,0
2024-06-20 10:45:00+05:30,51491.6,51647.6,51442.8,51527.5,0,0
2024-06-20 10:15:00+05:30,51336.05,51527.05,51281.5,51491.8,0,0
2024-06-20 09:45:00+05:30,51562.85,51588.2,51300.7,51337.1,0,0
2024-06-20 09:15:00+05:30,51712.9,51798.0,51495.45,51559.55,0,0
2024-06-19 15:15:00+05:30,51375.1,51478.05,51322.05,51439.9,0,0
2024-06-19 14:45:00+05:30,51822.2,51884.15,51232.35,51377.25,0,0
2024-06-19 14:15:00+05:30,51574.9,51957.0,51496.0,51821.05,0,0
2024-06-19 13:45:00+05:30,51201.85,51580.8,51151.4,51571.9,0,0
2024-06-19 13:15:00+05:30,51133.2,51263.15,51031.1,51201.95,0,0
2024-06-19 12:45:00+05:30,51135.95,51175.75,51046.75,51132.7,0,0
2024-06-19 12:15:00+05:30,51129.2,51214.5,51102.3,51135.05,0,0
2024-06-19 11:45:00+05:30,51062.9,51113.75,50994.15,51113.75,0,0
2024-06-19 11:15:00+05:30,51046.3,51099.25,50879.05,51063.5,0,0
2024-06-19 10:45:00+05:30,50759.95,51179.9,50722.45,51045.4,0,0
2024-06-19 10:15:00+05:30,51097.55,51103.55,50594.85,50765.15,0,0
2024-06-19 09:45:00+05:30,50963.5,51255.95,50910.0,51091.6,0,0
2024-06-19 09:15:00+05:30,50607.9,50968.6,50441.75,50967.25,0,0
2024-06-18 15:15:00+05:30,50432.5,50562.15,50427.65,50473.05,0,0
2024-06-18 14:45:00+05:30,50369.4,50432.1,50361.45,50430.35,0,0
2024-06-18 14:15:00+05:30,50403.3,50427.9,50339.8,50367.6,0,0
2024-06-18 13:45:00+05:30,50385.05,50425.65,50356.05,50402.95,0,0
2024-06-18 13:15:00+05:30,50326.25,50387.9,50313.45,50382.4,0,0
2024-06-18 12:45:00+05:30,50310.7,50338.45,50285.5,50328.9,0,0
2024-06-18 12:15:00+05:30,50308.2,50336.65,50277.75,50316.8,0,0
2024-06-18 11:45:00+05:30,50315.25,50348.25,50273.9,50309.6,0,0
2024-06-18 11:15:00+05:30,50241.5,50324.0,50237.85,50313.45,0,0
2024-06-18 10:45:00+05:30,50218.8,50265.2,50186.15,50241.6,0,0
2024-06-18 10:15:00+05:30,50177.6,50251.55,50068.15,50218.2,0,0
2024-06-18 09:45:00+05:30,50114.2,50246.65,50106.35,50174.65,0,0
2024-06-18 09:15:00+05:30,50194.35,50204.75,49900.2,50111.55,0,0
2024-06-14 15:15:00+05:30,50028.3,50038.8,49933.2,49980.5,0,0
2024-06-14 14:45:00+05:30,50000.35,50087.85,49952.05,50026.25,0,0
2024-06-14 14:15:00+05:30,49963.7,50028.2,49946.0,50001.3,0,0
2024-06-14 13:45:00+05:30,49980.15,50008.25,49940.8,49962.75,0,0
2024-06-14 13:15:00+05:30,50013.85,50022.65,49968.65,49979.85,0,0
2024-06-14 12:45:00+05:30,49979.85,50026.6,49961.5,50012.0,0,0
2024-06-14 12:15:00+05:30,49980.85,49986.15,49931.0,49978.05,0,0
2024-06-14 11:45:00+05:30,50020.45,50025.4,49942.4,49980.8,0,0
2024-06-14 11:15:00+05:30,50061.9,50070.05,49964.8,50018.2,0,0
2024-06-14 10:45:00+05:30,50072.0,50084.15,50009.3,50061.75,0,0
2024-06-14 10:15:00+05:30,50022.95,50102.6,49994.15,50071.05,0,0
2024-06-14 09:45:00+05:30,49705.5,50070.2,49697.35,50024.85,0,0
2024-06-14 09:15:00+05:30,49993.95,50028.2,49693.35,49702.15,0,0
2024-06-13 15:15:00+05:30,49818.8,49920.6,49817.95,49889.3,0,0
2024-06-13 14:45:00+05:30,49879.6,49905.3,49799.65,49821.05,0,0
2024-06-13 14:15:00+05:30,49902.85,49905.7,49817.25,49883.2,0,0
2024-06-13 13:45:00+05:30,49921.2,49944.0,49860.7,49902.9,0,0
2024-06-13 13:15:00+05:30,49965.85,49975.5,49923.4,49927.0,0,0
2024-06-13 12:45:00+05:30,49950.3,49984.8,49921.5,49967.45,0,0
2024-06-13 12:15:00+05:30,49940.75,49982.45,49921.55,49951.3,0,0
2024-06-13 11:45:00+05:30,49929.05,50032.15,49924.75,49939.25,0,0
2024-06-13 11:15:00+05:30,49939.35,49967.25,49835.25,49933.55,0,0
2024-06-13 10:45:00+05:30,49950.8,50005.2,49913.95,49942.4,0,0
2024-06-13 10:15:00+05:30,50033.7,50037.3,49882.75,49951.0,0,0
2024-06-13 09:45:00+05:30,49983.2,50073.55,49919.6,50037.3,0,0
2024-06-13 09:15:00+05:30,50179.0,50186.45,49964.35,49978.75,0,0
2024-06-12 15:15:00+05:30,49926.55,49953.25,49772.5,49801.6,0,0
2024-06-12 14:45:00+05:30,49985.7,50006.3,49825.45,49925.6,0,0
2024-06-12 14:15:00+05:30,49899.4,49988.3,49873.85,49980.95,0,0
2024-06-12 13:45:00+05:30,49966.05,49999.7,49877.1,49901.1,0,0
2024-06-12 13:15:00+05:30,50001.55,50021.15,49941.3,49965.85,0,0
2024-06-12 12:45:00+05:30,50003.0,50028.7,49913.05,50001.7,0,0
2024-06-12 12:15:00+05:30,50026.25,50042.45,49966.1,50001.35,0,0
2024-06-12 11:45:00+05:30,50036.1,50106.4,49991.05,50023.5,0,0
2024-06-12 11:15:00+05:30,50144.2,50159.95,49968.55,50033.45,0,0
2024-06-12 10:45:00+05:30,50216.55,50226.85,50129.1,50144.5,0,0
2024-06-12 10:15:00+05:30,50166.8,50233.4,50099.6,50222.1,0,0
2024-06-12 09:45:00+05:30,49848.3,50222.0,49829.15,50162.9,0,0
2024-06-12 09:15:00+05:30,49857.45,49859.55,49697.35,49848.65,0,0
2024-06-11 15:15:00+05:30,49735.85,49740.6,49615.55,49670.1,0,0
2024-06-11 14:45:00+05:30,49806.35,49840.15,49682.4,49732.85,0,0
2024-06-11 14:15:00+05:30,49814.3,49851.75,49744.6,49803.15,0,0
2024-06-11 13:45:00+05:30,49934.0,49970.3,49768.8,49814.55,0,0
2024-06-11 13:15:00+05:30,49860.55,49945.25,49856.65,49935.4,0,0
2024-06-11 12:45:00+05:30,49797.7,49905.0,49775.0,49858.25,0,0
2024-06-11 12:15:00+05:30,49801.65,49817.4,49751.75,49798.55,0,0
2024-06-11 11:45:00+05:30,49824.4,49832.3,49750.2,49801.4,0,0
2024-06-11 11:15:00+05:30,49863.55,49871.55,49774.05,49823.35,0,0
2024-06-11 10:45:00+05:30,49870.4,49897.6,49812.6,49861.3,0,0
2024-06-11 10:15:00+05:30,49860.9,49937.1,49806.05,49869.0,0,0
2024-06-11 09:45:00+05:30,49660.3,49891.75,49660.1,49861.4,0,0
2024-06-11 09:15:00+05:30,49751.2,49766.9,49530.45,49659.2,0,0
2024-06-10 15:15:00+05:30,49814.75,49826.95,49622.75,49689.75,0,0
2024-06-10 14:45:00+05:30,49895.15,49895.2,49760.0,49818.35,0,0
2024-06-10 14:15:00+05:30,50046.3,50065.9,49716.8,49895.25,0,0
2024-06-10 13:45:00+05:30,50063.4,50099.2,49990.35,50046.5,0,0
2024-06-10 13:15:00+05:30,49926.2,50071.3,49898.1,50062.0,0,0
2024-06-10 12:45:00+05:30,49917.6,49980.9,49882.75,49930.25,0,0
2024-06-10 12:15:00+05:30,49862.75,49925.3,49844.75,49916.15,0,0
2024-06-10 11:45:00+05:30,49950.4,49973.15,49825.7,49861.3,0,0
2024-06-10 11:15:00+05:30,49860.0,50019.9,49859.55,49949.55,0,0
2024-06-10 10:45:00+05:30,49829.8,49919.05,49772.1,49858.05,0,0
2024-06-10 10:15:00+05:30,49911.05,49986.4,49795.75,49835.1,0,0
2024-06-10 09:45:00+05:30,49921.35,49969.5,49654.2,49910.65,0,0
2024-06-10 09:15:00+05:30,49808.15,50252.95,49746.5,49916.1,0,0
2024-06-07 15:15:00+05:30,49776.5,49849.05,49752.35,49805.5,0,0
2024-06-07 14:45:00+05:30,49734.05,49887.6,49734.05,49777.75,0,0
2024-06-07 14:15:00+05:30,49817.3,49909.2,49711.25,49735.45,0,0
2024-06-07 13:45:00+05:30,49847.75,49897.45,49707.7,49814.0,0,0
2024-06-07 13:15:00+05:30,49857.65,49860.4,49665.25,49850.2,0,0
2024-06-07 12:45:00+05:30,49863.95,49943.2,49761.05,49857.9,0,0
2024-06-07 12:15:00+05:30,49833.9,49873.05,49730.95,49865.6,0,0
2024-06-07 11:45:00+05:30,49777.45,49932.15,49755.6,49832.0,0,0
2024-06-07 11:15:00+05:30,49658.35,49789.35,49564.0,49776.15,0,0
2024-06-07 10:45:00+05:30,49574.7,49677.4,49531.45,49659.15,0,0
2024-06-07 10:15:00+05:30,49408.2,49660.6,49228.05,49580.3,0,0
2024-06-07 09:45:00+05:30,49392.6,49506.25,49288.75,49409.9,0,0
2024-06-07 09:15:00+05:30,49316.95,49454.3,49080.45,49394.5,0,0
2024-06-06 15:15:00+05:30,49326.85,49367.1,49194.65,49311.3,0,0
2024-06-06 14:45:00+05:30,49084.25,49335.4,49051.75,49326.4,0,0
2024-06-06 14:15:00+05:30,49197.9,49210.55,48948.3,49082.05,0,0
2024-06-06 13:45:00+05:30,49369.1,49380.0,49114.75,49199.0,0,0
2024-06-06 13:15:00+05:30,49040.95,49378.85,49024.35,49365.0,0,0
2024-06-06 12:45:00+05:30,49165.3,49288.55,48906.75,49040.95,0,0
2024-06-06 12:15:00+05:30,49232.7,49366.25,49146.2,49165.5,0,0
2024-06-06 11:45:00+05:30,49425.65,49489.8,49160.8,49231.15,0,0
2024-06-06 11:15:00+05:30,49601.4,49612.6,49360.25,49425.1,0,0
2024-06-06 10:45:00+05:30,49592.85,49648.6,49508.3,49600.6,0,0
2024-06-06 10:15:00+05:30,49317.95,49672.75,49310.5,49587.65,0,0
2024-06-06 09:45:00+05:30,49318.05,49370.2,49125.9,49319.0,0,0
2024-06-06 09:15:00+05:30,49426.4,49477.5,49063.75,49314.8,0,0
2024-06-05 15:15:00+05:30,49063.1,49100.0,48801.3,48853.4,0,0
2024-06-05 14:45:00+05:30,49129.65,49362.9,48952.6,49065.2,0,0
2024-06-05 14:15:00+05:30,48667.25,49252.8,48515.45,49121.65,0,0
2024-06-05 13:45:00+05:30,48328.55,48799.95,48180.3,48659.95,0,0
2024-06-05 13:15:00+05:30,48136.55,48383.95,48067.0,48327.55,0,0
2024-06-05 12:45:00+05:30,47862.05,48285.55,47708.05,48139.0,0,0
2024-06-05 12:15:00+05:30,47672.9,47984.8,47671.65,47861.1,0,0
2024-06-05 11:45:00+05:30,47763.1,47792.55,47384.4,47673.3,0,0
2024-06-05 11:15:00+05:30,47861.4,48000.6,47681.45,47783.4,0,0
2024-06-05 10:45:00+05:30,46800.75,47865.9,46754.1,47863.2,0,0
2024-06-05 10:15:00+05:30,47006.8,47069.15,46446.8,46803.4,0,0
2024-06-05 09:45:00+05:30,46873.5,47038.1,46473.6,47004.45,0,0
2024-06-05 09:15:00+05:30,47486.6,47502.0,46760.5,46870.95,0,0
2024-06-04 15:15:00+05:30,47035.45,47600.75,46887.1,47197.25,0,0
2024-06-04 14:45:00+05:30,47413.6,47461.45,46652.15,47035.8,0,0
2024-06-04 14:15:00+05:30,47509.35,47670.55,47041.35,47420.2,0,0
2024-06-04 13:45:00+05:30,47295.05,48083.85,47072.0,47512.6,0,0
2024-06-04 13:15:00+05:30,47284.35,47581.9,46943.2,47296.95,0,0
2024-06-04 12:45:00+05:30,47096.9,47399.9,46689.55,47284.4,0,0
2024-06-04 12:15:00+05:30,46693.6,47160.75,46077.85,47088.75,0,0
2024-06-04 11:45:00+05:30,47666.4,47881.8,46138.35,46701.45,0,0
2024-06-04 11:15:00+05:30,47712.65,48439.25,47650.85,47667.85,0,0
2024-06-04 10:45:00+05:30,48814.2,48935.9,47414.4,47714.95,0,0
2024-06-04 10:15:00+05:30,49526.7,49526.7,48692.7,48817.35,0,0
2024-06-04 09:45:00+05:30,49104.35,49699.1,49052.5,49525.65,0,0
2024-06-04 09:15:00+05:30,50667.05,50667.05,48741.55,49104.6,0,0
2024-06-03 15:15:00+05:30,50957.4,51133.2,50956.6,51097.1,0,0
2024-06-03 14:45:00+05:30,50853.1,50965.6,50785.05,50955.0,0,0
2024-06-03 14:15:00+05:30,50787.85,50869.35,50709.55,50850.85,0,0
2024-06-03 13:45:00+05:30,50820.55,50899.35,50760.65,50791.7,0,0
2024-06-03 13:15:00+05:30,50913.15,50921.85,50611.4,50818.45,0,0
2024-06-03 12:45:00+05:30,50752.45,50932.35,50730.3,50914.45,0,0
2024-06-03 12:15:00+05:30,50850.3,50910.5,50723.35,50752.75,0,0
2024-06-03 11:45:00+05:30,50762.5,50948.2,50756.2,50852.05,0,0
2024-06-03 11:15:00+05:30,50544.85,50777.15,50535.8,50759.65,0,0
2024-06-03 10:45:00+05:30,50441.15,50559.4,50420.55,50539.0,0,0
2024-06-03 10:15:00+05:30,50471.35,50579.8,50387.3,50447.2,0,0
2024-06-03 09:45:00+05:30,50147.65,50490.1,50092.65,50471.35,0,0
2024-06-03 09:15:00+05:30,50889.85,50990.0,50105.5,50147.0,0,0
2024-05-31 15:15:00+05:30,48964.15,49122.55,48937.45,48982.4,0,0
2024-05-31 14:45:00+05:30,48864.9,48984.05,48787.8,48966.3,0,0
2024-05-31 14:15:00+05:30,49034.65,49035.9,48722.8,48861.2,0,0
2024-05-31 13:45:00+05:30,48960.0,49108.35,48950.55,49030.75,0,0
2024-05-31 13:15:00+05:30,48835.7,48983.85,48831.8,48961.5,0,0
2024-05-31 12:45:00+05:30,48754.15,48863.4,48715.7,48836.95,0,0
2024-05-31 12:15:00+05:30,48684.65,48761.1,48681.25,48751.5,0,0
2024-05-31 11:45:00+05:30,48765.0,48792.15,48684.25,48688.5,0,0
2024-05-31 11:15:00+05:30,48698.35,48778.75,48569.05,48764.4,0,0
2024-05-31 10:45:00+05:30,48756.0,48809.55,48636.2,48698.5,0,0
2024-05-31 10:15:00+05:30,48717.85,48821.2,48612.45,48755.45,0,0
2024-05-31 09:45:00+05:30,48989.8,48999.9,48719.5,48719.5,0,0
2024-05-31 09:15:00+05:30,48895.15,49079.05,48874.5,48986.0,0,0
2024-05-30 15:15:00+05:30,48642.25,48838.65,48642.25,48826.1,0,0
2024-05-30 14:45:00+05:30,48736.25,48791.1,48545.0,48637.25,0,0
2024-05-30 14:15:00+05:30,48850.5,48905.4,48678.15,48736.55,0,0
2024-05-30 13:45:00+05:30,48892.45,49044.6,48843.35,48852.4,0,0
2024-05-30 13:15:00+05:30,48850.25,48923.7,48766.1,48890.8,0,0
2024-05-30 12:45:00+05:30,48751.85,48874.2,48750.4,48851.1,0,0
2024-05-30 12:15:00+05:30,48644.9,48798.75,48614.7,48753.4,0,0
2024-05-30 11:45:00+05:30,48547.55,48713.2,48537.35,48644.1,0,0
2024-05-30 11:15:00+05:30,48642.95,48660.35,48531.05,48552.4,0,0
2024-05-30 10:45:00+05:30,48726.5,48744.25,48638.35,48646.15,0,0
2024-05-30 10:15:00+05:30,48649.3,48788.65,48632.15,48726.0,0,0
2024-05-30 09:45:00+05:30,48787.15,48828.75,48637.75,48654.0,0,0
2024-05-30 09:15:00+05:30,48313.6,48919.9,48313.6,48786.75,0,0
2024-05-29 15:15:00+05:30,48518.4,48624.9,48460.75,48563.05,0,0
2024-05-29 14:45:00+05:30,48495.3,48547.85,48401.55,48525.7,0,0
2024-05-29 14:15:00+05:30,48556.25,48580.15,48475.3,48493.25,0,0
2024-05-29 13:45:00+05:30,48625.5,48650.15,48502.65,48549.5,0,0
2024-05-29 13:15:00+05:30,48580.0,48662.55,48568.9,48628.4,0,0
2024-05-29 12:45:00+05:30,48614.0,48670.75,48560.45,48579.45,0,0
2024-05-29 12:15:00+05:30,48615.7,48644.55,48567.45,48612.9,0,0
2024-05-29 11:45:00+05:30,48612.0,48642.85,48578.7,48620.6,0,0
2024-05-29 11:15:00+05:30,48627.65,48697.6,48549.5,48613.15,0,0
2024-05-29 10:45:00+05:30,48669.75,48684.5,48613.5,48629.15,0,0
2024-05-29 10:15:00+05:30,48709.15,48729.2,48601.75,48671.0,0,0
2024-05-29 09:45:00+05:30,48848.3,48864.75,48689.5,48705.85,0,0
2024-05-29 09:15:00+05:30,48786.7,49022.6,48770.95,48852.55,0,0
2024-05-28 15:15:00+05:30,49153.8,49171.4,49043.65,49059.15,0,0
2024-05-28 14:45:00+05:30,49222.15,49243.35,49135.2,49151.9,0,0
2024-05-28 14:15:00+05:30,49245.15,49291.1,49191.95,49216.7,0,0
2024-05-28 13:45:00+05:30,49278.05,49292.9,49205.1,49250.4,0,0
2024-05-28 13:15:00+05:30,49288.25,49321.0,49186.9,49277.4,0,0
2024-05-28 12:45:00+05:30,49166.75,49327.75,49144.6,49288.15,0,0
2024-05-28 12:15:00+05:30,49173.75,49193.25,49086.4,49167.95,0,0
2024-05-28 11:45:00+05:30,49238.75,49265.15,49165.4,49172.7,0,0
2024-05-28 11:15:00+05:30,49294.45,49315.85,49164.3,49238.45,0,0
2024-05-28 10:45:00+05:30,49316.5,49351.05,49253.1,49294.65,0,0
2024-05-28 10:15:00+05:30,49308.45,49388.0,49288.4,49316.6,0,0
2024-05-28 09:45:00+05:30,49344.4,49375.5,49223.0,49310.5,0,0
2024-05-28 09:15:00+05:30,49390.9,49511.15,49297.25,49342.1,0,0
2024-05-27 15:15:00+05:30,49310.25,49324.65,49215.95,49284.65,0,0
2024-05-27 14:45:00+05:30,49510.3,49548.5,49059.65,49312.75,0,0
2024-05-27 14:15:00+05:30,49614.35,49640.35,49507.55,49511.55,0,0
2024-05-27 13:45:00+05:30,49594.1,49644.9,49502.45,49612.95,0,0
2024-05-27 13:15:00+05:30,49588.6,49645.65,49546.1,49593.6,0,0
2024-05-27 12:45:00+05:30,49631.0,49658.3,49528.35,49583.7,0,0
2024-05-27 12:15:00+05:30,49518.2,49688.85,49505.0,49630.7,0,0
2024-05-27 11:45:00+05:30,49346.2,49524.65,49330.6,49520.75,0,0
2024-05-27 11:15:00+05:30,49308.9,49359.45,49287.55,49343.9,0,0
2024-05-27 10:45:00+05:30,49320.85,49356.95,49274.95,49310.15,0,0
2024-05-27 10:15:00+05:30,49214.8,49327.4,49206.2,49320.5,0,0
2024-05-27 09:45:00+05:30,49271.55,49283.4,49174.65,49217.6,0,0
2024-05-27 09:15:00+05:30,49105.9,49296.25,49051.25,49277.95,0,0
2024-05-24 15:15:00+05:30,48982.2,48999.2,48928.95,48950.95,0,0
2024-05-24 14:45:00+05:30,49015.0,49052.95,48870.7,48976.05,0,0
2024-05-24 14:15:00+05:30,48932.35,49020.65,48924.6,49016.2,0,0
2024-05-24 13:45:00+05:30,48904.0,48938.45,48858.1,48933.3,0,0
2024-05-24 13:15:00+05:30,48880.0,48929.65,48867.45,48904.5,0,0
2024-05-24 12:45:00+05:30,48853.5,48946.4,48840.7,48881.95,0,0
2024-05-24 12:15:00+05:30,48853.4,48870.05,48801.25,48858.4,0,0
2024-05-24 11:45:00+05:30,48830.4,48852.4,48789.75,48851.8,0,0
2024-05-24 11:15:00+05:30,48783.2,48857.55,48781.25,48830.9,0,0
2024-05-24 10:45:00+05:30,48730.0,48874.65,48725.65,48784.95,0,0
2024-05-24 10:15:00+05:30,48680.9,48826.1,48675.1,48730.4,0,0
2024-05-24 09:45:00+05:30,48856.1,48902.15,48678.55,48679.15,0,0
2024-05-24 09:15:00+05:30,48668.0,48976.7,48644.8,48856.5,0,0
2024-05-23 15:15:00+05:30,48804.4,48826.15,48731.5,48766.15,0,0
2024-05-23 14:45:00+05:30,48710.45,48829.7,48607.2,48802.2,0,0
2024-05-23 14:15:00+05:30,48705.75,48819.7,48621.9,48707.05,0,0
2024-05-23 13:45:00+05:30,48548.5,48711.9,48515.2,48709.6,0,0
2024-05-23 13:15:00+05:30,48536.2,48594.75,48454.65,48550.25,0,0
2024-05-23 12:45:00+05:30,48543.7,48626.55,48511.9,48539.1,0,0
2024-05-23 12:15:00+05:30,48430.95,48573.45,48427.45,48541.05,0,0
2024-05-23 11:45:00+05:30,48355.85,48463.3,48330.45,48428.55,0,0
2024-05-23 11:15:00+05:30,48314.05,48409.35,48309.55,48355.6,0,0
2024-05-23 10:45:00+05:30,48265.8,48367.1,48239.1,48313.5,0,0
2024-05-23 10:15:00+05:30,48188.55,48395.25,48179.4,48270.25,0,0
2024-05-23 09:45:00+05:30,48094.3,48204.45,48075.55,48190.1,0,0
2024-05-23 09:15:00+05:30,47899.35,48104.75,47873.15,48097.75,0,0
2024-05-22 15:15:00+05:30,47828.5,47959.15,47825.3,47911.15,0,0
2024-05-22 14:45:00+05:30,47723.6,47851.5,47435.25,47826.75,0,0
2024-05-22 14:15:00+05:30,47708.25,47748.4,47679.3,47726.3,0,0
2024-05-22 13:45:00+05:30,47674.45,47803.55,47663.1,47706.9,0,0
2024-05-22 13:15:00+05:30,47648.15,47738.05,47643.9,47677.0,0,0
2024-05-22 12:45:00+05:30,47659.15,47677.15,47625.15,47649.35,0,0
2024-05-22 12:15:00+05:30,47716.6,47759.95,47638.9,47664.45,0,0
2024-05-22 11:45:00+05:30,47672.55,47757.3,47661.4,47717.95,0,0
2024-05-22 11:15:00+05:30,47673.2,47716.85,47633.3,47672.55,0,0
2024-05-22 10:45:00+05:30,47731.3,47779.65,47634.2,47674.3,0,0
2024-05-22 10:15:00+05:30,47805.45,47828.95,47721.95,47734.75,0,0
2024-05-22 09:45:00+05:30,47818.05,47840.8,47702.15,47801.9,0,0
2024-05-22 09:15:00+05:30,48113.9,48114.05,47798.15,47813.45,0,0
2024-05-21 15:15:00+05:30,48033.5,48055.5,47968.65,47988.85,0,0
2024-05-21 14:45:00+05:30,48122.25,48135.05,48001.1,48030.85,0,0
2024-05-21 14:15:00+05:30,48112.65,48144.65,48066.35,48125.5,0,0
2024-05-21 13:45:00+05:30,48143.4,48177.55,48098.15,48113.75,0,0
2024-05-21 13:15:00+05:30,48232.85,48241.7,48113.75,48141.85,0,0
2024-05-21 12:45:00+05:30,48164.5,48259.75,48159.25,48231.8,0,0
2024-05-21 12:15:00+05:30,48169.1,48182.0,48116.2,48164.7,0,0
2024-05-21 11:45:00+05:30,48151.45,48204.1,48132.3,48170.75,0,0
2024-05-21 11:15:00+05:30,48110.8,48162.75,48108.55,48151.3,0,0
2024-05-21 10:45:00+05:30,48022.95,48126.8,48015.8,48112.55,0,0
2024-05-21 10:15:00+05:30,48003.2,48085.35,47961.2,48022.1,0,0
2024-05-21 09:45:00+05:30,48087.2,48113.5,47993.95,48000.55,0,0
2024-05-21 09:15:00+05:30,47927.1,48218.7,47927.1,48085.4,0,0
2024-05-18 12:00:00+05:30,48173.05,48220.9,48163.4,48204.0,0,0
2024-05-18 11:30:00+05:30,48168.0,48190.5,48108.15,48174.25,0,0
2024-05-18 09:45:00+05:30,48179.0,48192.1,48130.8,48149.1,0,0
2024-05-18 09:15:00+05:30,48197.3,48227.05,48111.2,48178.5,0,0
2024-05-17 15:15:00+05:30,48129.3,48188.65,48111.55,48120.0,0,0
2024-05-17 14:45:00+05:30,48125.65,48138.75,48022.55,48130.85,0,0
2024-05-17 14:15:00+05:30,48110.85,48163.2,48095.7,48127.5,0,0
2024-05-17 13:45:00+05:30,48056.1,48143.55,48055.1,48115.3,0,0
2024-05-17 13:15:00+05:30,48068.35,48123.9,48003.9,48056.7,0,0
2024-05-17 12:45:00+05:30,48087.7,48109.65,48024.6,48065.0,0,0
2024-05-17 12:15:00+05:30,48043.8,48134.65,48039.1,48088.0,0,0
2024-05-17 11:45:00+05:30,48121.2,48185.7,48028.25,48040.85,0,0
2024-05-17 11:15:00+05:30,48145.15,48170.55,48031.25,48116.75,0,0
2024-05-17 10:45:00+05:30,48084.4,48160.3,48027.4,48144.85,0,0
2024-05-17 10:15:00+05:30,47949.15,48139.1,47922.9,48084.4,0,0
2024-05-17 09:45:00+05:30,47771.95,48025.35,47770.5,47952.8,0,0
2024-05-17 09:15:00+05:30,47842.95,47981.6,47758.8,47773.65,0,0
2024-05-16 15:15:00+05:30,47973.7,48052.9,47958.05,47974.9,0,0
2024-05-16 14:45:00+05:30,47744.6,47998.95,47704.85,47973.7,0,0
2024-05-16 14:15:00+05:30,47407.65,47750.9,47395.05,47746.4,0,0
2024-05-16 13:45:00+05:30,47392.05,47535.8,47345.1,47404.9,0,0
2024-05-16 13:15:00+05:30,47484.4,47486.35,47371.1,47402.15,0,0
2024-05-16 12:45:00+05:30,47587.0,47608.9,47440.7,47484.3,0,0
2024-05-16 12:15:00+05:30,47841.2,47876.9,47514.45,47588.2,0,0
2024-05-16 11:45:00+05:30,47509.1,47837.85,47458.45,47833.35,0,0
2024-05-16 11:15:00+05:30,47480.7,47519.9,47396.45,47510.85,0,0
2024-05-16 10:45:00+05:30,47672.7,47680.15,47340.35,47481.15,0,0
2024-05-16 10:15:00+05:30,47789.05,47796.5,47588.15,47674.05,0,0
2024-05-16 09:45:00+05:30,47755.85,47854.1,47741.4,47791.2,0,0
2024-05-16 09:15:00+05:30,47945.85,48001.9,47743.7,47754.1,0,0
2024-05-15 15:15:00+05:30,47719.0,47730.95,47665.75,47709.3,0,0
2024-05-15 14:45:00+05:30,47617.6,47734.9,47604.2,47718.2,0,0
2024-05-15 14:15:00+05:30,47629.0,47665.75,47584.4,47617.45,0,0
2024-05-15 13:45:00+05:30,47586.05,47650.05,47535.25,47629.8,0,0
2024-05-15 13:15:00+05:30,47612.3,47655.35,47534.5,47585.55,0,0
2024-05-15 12:45:00+05:30,47641.55,47660.15,47586.2,47614.75,0,0
2024-05-15 12:15:00+05:30,47679.95,47696.2,47615.8,47642.1,0,0
2024-05-15 11:45:00+05:30,47635.3,47715.8,47622.3,47681.1,0,0
2024-05-15 11:15:00+05:30,47727.85,47748.7,47586.7,47633.75,0,0
2024-05-15 10:45:00+05:30,47715.1,47786.45,47658.5,47725.0,0,0
2024-05-15 10:15:00+05:30,47733.9,47790.1,47668.6,47713.25,0,0
2024-05-15 09:45:00+05:30,47885.4,47936.0,47690.7,47735.45,0,0
2024-05-15 09:15:00+05:30,47923.1,47957.2,47799.75,47883.8,0,0
2024-05-14 15:15:00+05:30,47861.1,47910.3,47842.05,47874.1,0,0
2024-05-14 14:45:00+05:30,47822.25,47883.6,47802.4,47859.2,0,0
2024-05-14 14:15:00+05:30,47857.95,47902.6,47751.3,47822.95,0,0
2024-05-14 13:45:00+05:30,47862.75,47912.9,47829.35,47858.95,0,0
2024-05-14 13:15:00+05:30,47836.7,47869.65,47780.4,47863.1,0,0
2024-05-14 12:45:00+05:30,47786.7,47937.25,47778.2,47837.6,0,0
2024-05-14 12:15:00+05:30,47793.9,47826.85,47740.2,47786.0,0,0
2024-05-14 11:45:00+05:30,47772.4,47832.45,47744.3,47792.2,0,0
2024-05-14 11:15:00+05:30,47810.6,47829.2,47721.35,47772.65,0,0
2024-05-14 10:45:00+05:30,47811.85,47828.6,47716.7,47812.7,0,0
2024-05-14 10:15:00+05:30,47666.0,47809.65,47657.6,47809.15,0,0
2024-05-14 09:45:00+05:30,47726.95,47885.8,47610.45,47666.05,0,0
2024-05-14 09:15:00+05:30,47748.85,47908.95,47607.85,47726.0,0,0
2024-05-13 15:15:00+05:30,47728.55,47841.6,47714.55,47786.0,0,0
2024-05-13 14:45:00+05:30,47735.65,47831.65,47686.05,47727.45,0,0
2024-05-13 14:15:00+05:30,47721.5,47827.85,47662.7,47740.95,0,0
2024-05-13 13:45:00+05:30,47241.45,47774.35,47214.35,47720.75,0,0
2024-05-13 13:15:00+05:30,47471.35,47494.3,47155.65,47238.3,0,0
2024-05-13 12:45:00+05:30,47455.2,47485.2,47391.15,47470.95,0,0
2024-05-13 12:15:00+05:30,47313.9,47520.15,47298.5,47454.7,0,0
2024-05-13 11:45:00+05:30,47282.65,47319.5,47216.8,47313.15,0,0
2024-05-13 11:15:00+05:30,47132.55,47339.55,47129.7,47281.75,0,0
2024-05-13 10:45:00+05:30,47021.0,47194.65,47002.3,47133.6,0,0
2024-05-13 10:15:00+05:30,47126.35,47126.55,46983.25,47021.1,0,0
2024-05-13 09:45:00+05:30,47104.45,47152.5,47021.9,47128.05,0,0
2024-05-13 09:15:00+05:30,47389.8,47508.55,47080.8,47102.25,0,0
2024-05-10 15:15:00+05:30,47426.8,47455.25,47411.15,47449.65,0,0
2024-05-10 14:45:00+05:30,47433.05,47502.5,47392.0,47424.05,0,0
2024-05-10 14:15:00+05:30,47479.15,47515.65,47362.75,47432.5,0,0
2024-05-10 13:45:00+05:30,47541.6,47592.55,47444.55,47479.9,0,0
2024-05-10 13:15:00+05:30,47426.65,47553.75,47387.35,47541.35,0,0
2024-05-10 12:45:00+05:30,47568.75,47571.4,47313.35,47430.45,0,0
2024-05-10 12:15:00+05:30,47650.5,47670.9,47548.1,47569.05,0,0
2024-05-10 11:45:00+05:30,47690.8,47703.8,47601.65,47651.85,0,0
2024-05-10 11:15:00+05:30,47672.45,47777.15,47657.55,47690.65,0,0
2024-05-10 10:45:00+05:30,47742.15,47746.95,47563.2,47673.0,0,0
2024-05-10 10:15:00+05:30,47791.95,47824.6,47639.25,47747.45,0,0
2024-05-10 09:45:00+05:30,47646.45,47868.7,47569.5,47790.85,0,0
2024-05-10 09:15:00+05:30,47555.5,47669.6,47362.7,47646.7,0,0
2024-05-09 15:15:00+05:30,47469.5,47520.3,47440.65,47513.7,0,0
2024-05-09 14:45:00+05:30,47539.2,47642.75,47460.75,47465.75,0,0
2024-05-09 14:15:00+05:30,47776.8,47806.0,47513.45,47534.95,0,0
2024-05-09 13:45:00+05:30,47734.2,47892.25,47609.65,47783.35,0,0
2024-05-09 13:15:00+05:30,47685.5,47777.3,47643.65,47731.0,0,0
2024-05-09 12:45:00+05:30,47829.45,47844.1,47615.7,47687.25,0,0
2024-05-09 12:15:00+05:30,47850.65,47910.95,47804.3,47827.65,0,0
2024-05-09 11:45:00+05:30,47777.25,47868.45,47773.4,47849.75,0,0
2024-05-09 11:15:00+05:30,47775.55,47799.8,47661.05,47775.4,0,0
2024-05-09 10:45:00+05:30,47841.85,47907.35,47764.0,47778.25,0,0
2024-05-09 10:15:00+05:30,47987.55,48024.55,47822.15,47841.75,0,0
2024-05-09 09:45:00+05:30,48111.15,48173.45,47986.65,47992.45,0,0
2024-05-09 09:15:00+05:30,47976.35,48258.65,47964.85,48107.9,0,0
2024-05-08 15:15:00+05:30,48016.7,48105.5,47992.45,48101.6,0,0
2024-05-08 14:45:00+05:30,48050.75,48090.45,47961.6,48017.9,0,0
2024-05-08 14:15:00+05:30,48020.0,48056.7,47959.15,48047.5,0,0
2024-05-08 13:45:00+05:30,48066.45,48076.35,47973.55,48020.5,0,0
2024-05-08 13:15:00+05:30,48103.65,48173.65,48003.45,48067.05,0,0
2024-05-08 12:45:00+05:30,48078.15,48162.85,48071.75,48106.45,0,0
2024-05-08 12:15:00+05:30,48085.75,48144.6,48038.9,48081.4,0,0
2024-05-08 11:45:00+05:30,48020.4,48117.5,48007.45,48084.15,0,0
2024-05-08 11:15:00+05:30,47951.9,48171.15,47944.65,48017.95,0,0
2024-05-08 10:45:00+05:30,47918.7,48042.0,47904.55,47951.35,0,0
2024-05-08 10:15:00+05:30,48108.0,48108.0,47851.15,47919.95,0,0
2024-05-08 09:45:00+05:30,48180.5,48198.95,48045.65,48100.6,0,0
2024-05-08 09:15:00+05:30,48124.2,48223.05,48038.45,48179.5,0,0
2024-05-07 15:15:00+05:30,48309.9,48352.0,48249.4,48269.6,0,0
2024-05-07 14:45:00+05:30,48349.3,48372.95,48213.75,48305.3,0,0
2024-05-07 14:15:00+05:30,48390.4,48399.0,48257.05,48349.8,0,0
2024-05-07 13:45:00+05:30,48432.9,48444.6,48367.4,48393.9,0,0
2024-05-07 13:15:00+05:30,48300.05,48457.45,48291.85,48434.35,0,0
2024-05-07 12:45:00+05:30,48254.55,48345.3,48247.25,48299.7,0,0
2024-05-07 12:15:00+05:30,48280.9,48342.25,48222.2,48257.2,0,0
2024-05-07 11:45:00+05:30,48293.2,48345.1,48238.3,48286.1,0,0
2024-05-07 11:15:00+05:30,48378.6,48379.45,48230.4,48291.65,0,0
2024-05-07 10:45:00+05:30,48411.85,48465.0,48360.75,48376.9,0,0
2024-05-07 10:15:00+05:30,48598.2,48609.6,48395.1,48414.85,0,0
2024-05-07 09:45:00+05:30,48872.8,48911.2,48522.55,48598.05,0,0
2024-05-07 09:15:00+05:30,48965.05,49023.5,48804.45,48872.3,0,0
2024-05-06 15:15:00+05:30,48897.35,48954.7,48874.25,48938.3,0,0
2024-05-06 14:45:00+05:30,48889.4,49010.45,48862.45,48898.0,0,0
2024-05-06 14:15:00+05:30,48835.3,48945.75,48784.0,48888.55,0,0
2024-05-06 13:45:00+05:30,48946.9,48950.7,48834.25,48841.35,0,0
2024-05-06 13:15:00+05:30,48900.55,48955.6,48821.1,48945.85,0,0
2024-05-06 12:45:00+05:30,48967.8,48981.25,48863.8,48900.3,0,0
2024-05-06 12:15:00+05:30,49079.5,49091.15,48928.0,48967.8,0,0
2024-05-06 11:45:00+05:30,49041.1,49110.75,49015.4,49080.8,0,0
2024-05-06 11:15:00+05:30,49094.45,49140.95,49014.85,49042.3,0,0
2024-05-06 10:45:00+05:30,49161.75,49231.6,49090.75,49094.8,0,0
2024-05-06 10:15:00+05:30,49107.5,49199.5,49026.05,49164.0,0,0
2024-05-06 09:45:00+05:30,49090.7,49131.7,48976.25,49103.8,0,0
2024-05-06 09:15:00+05:30,49174.55,49252.65,48874.65,49098.55,0,0
2024-05-03 15:15:00+05:30,48939.2,48997.25,48853.9,48873.6,0,0
2024-05-03 14:45:00+05:30,48852.65,48949.55,48785.1,48940.9,0,0
2024-05-03 14:15:00+05:30,48817.05,48871.5,48731.0,48857.2,0,0
2024-05-03 13:45:00+05:30,48734.5,48842.1,48710.8,48821.6,0,0
2024-05-03 13:15:00+05:30,48740.3,48874.55,48659.7,48732.0,0,0
2024-05-03 12:45:00+05:30,49118.15,49120.25,48715.95,48747.95,0,0
2024-05-03 12:15:00+05:30,48913.3,49130.75,48899.3,49119.9,0,0
2024-05-03 11:45:00+05:30,48898.85,48974.05,48830.9,48914.45,0,0
2024-05-03 11:15:00+05:30,49093.2,49099.35,48816.8,48899.85,0,0
2024-05-03 10:45:00+05:30,49113.15,49152.35,49005.3,49096.6,0,0
2024-05-03 10:15:00+05:30,49253.3,49299.45,49048.35,49109.3,0,0
2024-05-03 09:45:00+05:30,49469.55,49470.0,49246.05,49253.7,0,0
2024-05-03 09:15:00+05:30,49375.05,49607.75,49373.2,49469.75,0,0
2024-05-02 15:15:00+05:30,49237.65,49265.6,49217.85,49244.1,0,0
2024-05-02 14:45:00+05:30,49199.55,49261.45,49176.75,49242.65,0,0
2024-05-02 14:15:00+05:30,49251.6,49275.55,49174.3,49199.85,0,0
2024-05-02 13:45:00+05:30,49275.9,49344.9,49214.6,49254.1,0,0
2024-05-02 13:15:00+05:30,49258.5,49313.1,49226.25,49280.15,0,0
2024-05-02 12:45:00+05:30,49237.65,49280.9,49178.15,49259.0,0,0
2024-05-02 12:15:00+05:30,49251.15,49314.35,49209.5,49237.5,0,0
2024-05-02 11:45:00+05:30,49252.05,49274.6,49197.35,49254.35,0,0
2024-05-02 11:15:00+05:30,49251.9,49350.45,49123.6,49256.95,0,0
2024-05-02 10:45:00+05:30,49385.05,49420.1,49232.0,49249.25,0,0
2024-05-02 10:15:00+05:30,49465.1,49475.65,49344.45,49390.2,0,0
2024-05-02 09:45:00+05:30,49424.6,49529.35,49292.4,49476.05,0,0
2024-05-02 09:15:00+05:30,49262.0,49521.3,49221.45,49429.35,0,0
2024-04-30 15:15:00+05:30,49409.1,49409.1,49249.9,49279.0,0,0
2024-04-30 14:45:00+05:30,49816.1,49839.3,49373.3,49410.25,0,0
2024-04-30 14:15:00+05:30,49914.35,49974.75,49818.1,49818.1,0,0
2024-04-30 13:45:00+05:30,49519.9,49953.45,49488.85,49913.2,0,0
2024-04-30 13:15:00+05:30,49466.5,49562.2,49421.2,49517.8,0,0
2024-04-30 12:45:00+05:30,49518.95,49566.7,49441.9,49463.1,0,0
2024-04-30 12:15:00+05:30,49561.2,49576.65,49445.9,49525.25,0,0
2024-04-30 11:45:00+05:30,49578.1,49591.3,49505.4,49562.6,0,0
2024-04-30 11:15:00+05:30,49598.35,49617.8,49514.8,49576.0,0,0
2024-04-30 10:45:00+05:30,49560.95,49659.05,49478.9,49587.65,0,0
2024-04-30 10:15:00+05:30,49522.15,49595.9,49476.4,49558.0,0,0
2024-04-30 09:45:00+05:30,49397.15,49672.85,49378.2,49504.45,0,0
2024-04-30 09:15:00+05:30,49477.1,49509.7,49354.35,49395.9,0,0
2024-04-29 15:15:00+05:30,49462.65,49464.6,49359.15,49387.85,0,0
2024-04-29 14:45:00+05:30,49310.5,49473.6,49295.1,49462.15,0,0
2024-04-29 14:15:00+05:30,49347.6,49358.15,49253.75,49310.25,0,0
2024-04-29 13:45:00+05:30,49334.35,49399.3,49264.2,49348.45,0,0
2024-04-29 13:15:00+05:30,48995.25,49359.9,48981.2,49334.8,0,0
2024-04-29 12:45:00+05:30,49013.1,49031.85,48958.2,48996.85,0,0
2024-04-29 12:15:00+05:30,48946.7,49027.2,48902.7,49015.0,0,0
2024-04-29 11:45:00+05:30,48861.55,48979.1,48840.15,48952.1,0,0
2024-04-29 11:15:00+05:30,48721.35,48901.15,48705.5,48861.6,0,0
2024-04-29 10:45:00+05:30,48715.25,48735.5,48676.5,48720.9,0,0
2024-04-29 10:15:00+05:30,48552.05,48778.6,48520.8,48714.35,0,0
2024-04-29 09:45:00+05:30,48509.4,48581.4,48382.55,48556.8,0,0
2024-04-29 09:15:00+05:30,48359.9,48592.65,48342.7,48511.25,0,0
2024-04-26 15:15:00+05:30,48155.4,48352.55,48146.55,48294.7,0,0
2024-04-26 14:45:00+05:30,48285.5,48302.8,48088.25,48154.75,0,0
2024-04-26 14:15:00+05:30,48293.8,48359.55,48254.95,48288.7,0,0
2024-04-26 13:45:00+05:30,48288.3,48301.45,48220.45,48288.2,0,0
2024-04-26 13:15:00+05:30,48490.3,48499.0,48251.4,48286.35,0,0
2024-04-26 12:45:00+05:30,48451.75,48508.85,48436.6,48495.75,0,0
2024-04-26 12:15:00+05:30,48399.9,48473.65,48379.05,48451.45,0,0
2024-04-26 11:45:00+05:30,48414.85,48439.15,48361.25,48400.85,0,0
2024-04-26 11:15:00+05:30,48388.2,48453.6,48374.35,48414.85,0,0
2024-04-26 10:45:00+05:30,48407.5,48442.25,48340.45,48388.95,0,0
2024-04-26 10:15:00+05:30,48469.9,48524.6,48344.85,48408.95,0,0
2024-04-26 09:45:00+05:30,48618.35,48647.2,48411.45,48475.3,0,0
2024-04-26 09:15:00+05:30,48660.0,48679.65,48466.05,48619.5,0,0
2024-04-25 15:15:00+05:30,48482.95,48504.55,48435.5,48499.2,0,0
2024-04-25 14:45:00+05:30,48581.05,48583.8,48481.1,48482.8,0,0
2024-04-25 14:15:00+05:30,48531.35,48625.45,48503.95,48579.1,0,0
2024-04-25 13:45:00+05:30,48427.25,48566.15,48381.6,48531.3,0,0
2024-04-25 13:15:00+05:30,48360.1,48432.4,48313.3,48426.05,0,0
2024-04-25 12:45:00+05:30,48228.95,48370.35,48202.55,48357.85,0,0
2024-04-25 12:15:00+05:30,48164.75,48284.3,48151.45,48228.4,0,0
2024-04-25 11:45:00+05:30,48193.45,48218.95,48128.0,48161.75,0,0
2024-04-25 11:15:00+05:30,48290.2,48302.45,48179.8,48198.15,0,0
2024-04-25 10:45:00+05:30,48240.55,48319.3,48087.0,48288.75,0,0
2024-04-25 10:15:00+05:30,48299.5,48348.05,48214.25,48239.9,0,0
2024-04-25 09:45:00+05:30,48131.45,48320.1,48052.6,48302.45,0,0
2024-04-25 09:15:00+05:30,47772.65,48184.4,47737.2,48135.35,0,0
2024-04-24 15:15:00+05:30,48178.05,48208.0,48152.15,48199.8,0,0
2024-04-24 14:45:00+05:30,48167.3,48246.2,48132.75,48176.55,0,0
2024-04-24 14:15:00+05:30,48204.8,48219.85,48142.8,48167.45,0,0
2024-04-24 13:45:00+05:30,48205.4,48224.95,48183.25,48205.85,0,0
2024-04-24 13:15:00+05:30,48202.4,48228.05,48182.55,48205.95,0,0
2024-04-24 12:45:00+05:30,48199.85,48203.85,48157.25,48203.25,0,0
2024-04-24 12:15:00+05:30,48198.2,48209.3,48170.0,48199.1,0,0
2024-04-24 11:45:00+05:30,48183.65,48216.65,48160.75,48200.15,0,0
2024-04-24 11:15:00+05:30,48195.75,48220.0,48169.35,48188.6,0,0
2024-04-24 10:45:00+05:30,48219.55,48235.2,48174.65,48197.5,0,0
2024-04-24 10:15:00+05:30,48171.25,48232.05,48161.6,48217.35,0,0
2024-04-24 09:45:00+05:30,48101.0,48199.15,48098.75,48166.3,0,0
2024-04-24 09:15:00+05:30,48120.9,48140.55,48028.7,48099.95,0,0
2024-04-23 15:15:00+05:30,48004.4,48009.4,47933.0,47947.85,0,0
2024-04-23 14:45:00+05:30,47985.65,48039.75,47929.3,48003.1,0,0
2024-04-23 14:15:00+05:30,47977.15,48015.85,47958.7,47983.0,0,0
2024-04-23 13:45:00+05:30,48004.75,48016.8,47937.5,47977.15,0,0
2024-04-23 13:15:00+05:30,47981.55,48023.0,47899.3,47998.5,0,0
2024-04-23 12:45:00+05:30,48034.05,48058.05,47941.15,47977.85,0,0
2024-04-23 12:15:00+05:30,48046.85,48088.85,48029.2,48040.0,0,0
2024-04-23 11:45:00+05:30,48011.6,48054.5,47976.5,48047.6,0,0
2024-04-23 11:15:00+05:30,47985.45,48029.6,47976.7,48009.55,0,0
2024-04-23 10:45:00+05:30,47958.45,47998.7,47937.45,47982.75,0,0
2024-04-23 10:15:00+05:30,48069.4,48084.5,47958.05,47958.2,0,0
2024-04-23 09:45:00+05:30,48012.15,48078.85,47942.75,48069.6,0,0
2024-04-23 09:15:00+05:30,48299.6,48302.7,47968.85,48010.35,0,0
2024-04-22 15:15:00+05:30,47954.6,48009.55,47902.5,47993.4,0,0
2024-04-22 14:45:00+05:30,47944.95,47962.65,47841.35,47959.95,0,0
2024-04-22 14:15:00+05:30,47834.45,47946.15,47782.65,47944.4,0,0
2024-04-22 13:45:00+05:30,47833.8,47882.35,47818.7,47837.45,0,0
2024-04-22 13:15:00+05:30,47782.4,47847.0,47766.7,47833.4,0,0
2024-04-22 12:45:00+05:30,47801.75,47808.85,47744.35,47783.3,0,0
2024-04-22 12:15:00+05:30,47821.9,47850.7,47760.9,47802.95,0,0
2024-04-22 11:45:00+05:30,47806.4,47886.35,47803.9,47825.7,0,0
2024-04-22 11:15:00+05:30,47822.8,47859.15,47787.7,47804.95,0,0
2024-04-22 10:45:00+05:30,47749.35,47842.6,47728.4,47822.6,0,0
2024-04-22 10:15:00+05:30,47751.85,47777.35,47628.45,47750.8,0,0
2024-04-22 09:45:00+05:30,47730.15,47814.8,47671.25,47750.45,0,0
2024-04-22 09:15:00+05:30,48145.7,48146.3,47710.85,47732.8,0,0
2024-04-19 15:15:00+05:30,47631.95,47668.7,47551.85,47614.15,0,0
2024-04-19 14:45:00+05:30,47389.9,47635.45,47381.25,47628.1,0,0
2024-04-19 14:15:00+05:30,47550.95,47571.45,47375.35,47400.6,0,0
2024-04-19 13:45:00+05:30,47277.8,47653.95,47268.0,47542.45,0,0
2024-04-19 13:15:00+05:30,47294.95,47324.35,47203.25,47277.55,0,0
2024-04-19 12:45:00+05:30,47235.15,47357.3,47200.35,47295.85,0,0
2024-04-19 12:15:00+05:30,46963.7,47243.25,46939.45,47238.1,0,0
2024-04-19 11:45:00+05:30,47011.6,47014.6,46870.2,46966.3,0,0
2024-04-19 11:15:00+05:30,46885.3,47045.4,46863.65,47008.65,0,0
2024-04-19 10:45:00+05:30,46819.45,46927.9,46800.45,46885.3,0,0
2024-04-19 10:15:00+05:30,46904.35,46907.75,46792.5,46821.6,0,0
2024-04-19 09:45:00+05:30,46782.1,46952.5,46750.8,46903.75,0,0
2024-04-19 09:15:00+05:30,46744.95,46855.8,46579.05,46785.3,0,0
2024-04-18 15:15:00+05:30,46995.7,47174.05,46982.15,47129.7,0,0
2024-04-18 14:45:00+05:30,47051.75,47188.1,46982.95,46995.9,0,0
2024-04-18 14:15:00+05:30,47349.15,47414.8,47029.5,47052.0,0,0
2024-04-18 13:45:00+05:30,47276.85,47419.1,47263.8,47351.0,0,0
2024-04-18 13:15:00+05:30,47663.1,47718.1,47133.15,47277.7,0,0
2024-04-18 12:45:00+05:30,47691.85,47697.95,47628.85,47666.85,0,0
2024-04-18 12:15:00+05:30,47616.25,47714.75,47609.8,47693.5,0,0
2024-04-18 11:45:00+05:30,47654.55,47713.95,47610.55,47614.95,0,0
2024-04-18 11:15:00+05:30,47716.65,47741.25,47618.45,47654.65,0,0
2024-04-18 10:45:00+05:30,47553.75,47748.95,47515.35,47719.8,0,0
2024-04-18 10:15:00+05:30,47575.5,47604.55,47465.3,47556.8,0,0
2024-04-18 09:45:00+05:30,47587.2,47683.1,47527.55,47577.15,0,0
2024-04-18 09:15:00+05:30,47592.7,47829.75,47563.1,47590.7,0,0
2024-04-16 15:15:00+05:30,47524.75,47609.0,47504.3,47594.85,0,0
2024-04-16 14:45:00+05:30,47464.75,47525.35,47392.65,47524.25,0,0
2024-04-16 14:15:00+05:30,47486.65,47507.2,47430.5,47465.65,0,0
2024-04-16 13:45:00+05:30,47462.45,47517.65,47458.1,47487.85,0,0
2024-04-16 13:15:00+05:30,47434.6,47504.15,47406.7,47460.5,0,0
2024-04-16 12:45:00+05:30,47421.25,47459.85,47413.3,47436.3,0,0
2024-04-16 12:15:00+05:30,47468.95,47475.1,47414.8,47422.5,0,0
2024-04-16 11:45:00+05:30,47480.4,47493.65,47395.75,47468.6,0,0
2024-04-16 11:15:00+05:30,47532.85,47570.25,47459.7,47481.05,0,0
2024-04-16 10:45:00+05:30,47488.85,47544.15,47476.5,47530.65,0,0
2024-04-16 10:15:00+05:30,47522.4,47522.4,47435.2,47487.15,0,0
2024-04-16 09:45:00+05:30,47430.8,47571.3,47401.75,47523.9,0,0
2024-04-16 09:15:00+05:30,47436.7,47519.05,47316.55,47431.3,0,0
2024-04-15 15:15:00+05:30,47772.45,47807.3,47725.8,47747.45,0,0
2024-04-15 14:45:00+05:30,47839.65,47848.2,47745.3,47770.2,0,0
2024-04-15 14:15:00+05:30,47960.7,47970.95,47824.85,47839.75,0,0
2024-04-15 13:45:00+05:30,47977.95,48010.05,47946.25,47960.7,0,0
2024-04-15 13:15:00+05:30,47983.6,48020.85,47933.55,47977.1,0,0
2024-04-15 12:45:00+05:30,48028.45,48054.3,47956.9,47979.4,0,0
2024-04-15 12:15:00+05:30,48064.55,48071.3,48004.35,48027.2,0,0
2024-04-15 11:45:00+05:30,48037.7,48074.1,48000.2,48065.8,0,0
2024-04-15 11:15:00+05:30,48028.3,48069.45,47998.95,48038.15,0,0
2024-04-15 10:45:00+05:30,48035.55,48119.65,48019.2,48027.65,0,0
2024-04-15 10:15:00+05:30,47982.4,48044.5,47953.2,48032.7,0,0
2024-04-15 09:45:00+05:30,47950.2,48039.05,47919.25,47981.95,0,0
2024-04-15 09:15:00+05:30,48069.1,48255.5,47904.95,47951.1,0,0
2024-04-12 15:15:00+05:30,48570.05,48579.35,48477.55,48513.05,0,0
2024-04-12 14:45:00+05:30,48575.4,48614.8,48547.75,48572.15,0,0
2024-04-12 14:15:00+05:30,48547.95,48665.55,48541.55,48572.6,0,0
2024-04-12 13:45:00+05:30,48586.25,48646.35,48527.0,48552.8,0,0
2024-04-12 13:15:00+05:30,48614.65,48646.6,48570.75,48586.75,0,0
2024-04-12 12:45:00+05:30,48612.65,48650.45,48547.65,48614.1,0,0
2024-04-12 12:15:00+05:30,48787.25,48797.35,48565.35,48613.85,0,0
2024-04-12 11:45:00+05:30,48725.3,48800.25,48715.7,48786.65,0,0
2024-04-12 11:15:00+05:30,48683.85,48741.65,48674.8,48725.55,0,0
2024-04-12 10:45:00+05:30,48693.95,48705.35,48651.25,48683.95,0,0
2024-04-12 10:15:00+05:30,48677.65,48732.35,48597.65,48699.95,0,0
2024-04-12 09:45:00+05:30,48727.05,48750.6,48648.0,48677.1,0,0
2024-04-12 09:15:00+05:30,48719.75,48882.65,48669.0,48729.75,0,0
2024-04-10 15:15:00+05:30,49010.6,49010.6,48899.55,48918.35,0,0
2024-04-10 14:45:00+05:30,48980.95,49057.4,48941.25,49007.45,0,0
2024-04-10 14:15:00+05:30,48895.1,49010.05,48885.55,48987.45,0,0
2024-04-10 13:45:00+05:30,48905.25,48937.05,48856.7,48893.1,0,0
2024-04-10 13:15:00+05:30,48880.95,48918.3,48868.0,48903.8,0,0
2024-04-10 12:45:00+05:30,48849.2,48902.45,48808.7,48882.35,0,0
2024-04-10 12:15:00+05:30,48884.2,48886.7,48815.75,48850.0,0,0
2024-04-10 11:45:00+05:30,48881.5,48896.65,48827.5,48889.6,0,0
2024-04-10 11:15:00+05:30,48903.7,48915.15,48847.45,48882.85,0,0
2024-04-10 10:45:00+05:30,48915.25,48954.25,48887.5,48904.85,0,0
2024-04-10 10:15:00+05:30,48880.0,48966.95,48839.05,48918.4,0,0
2024-04-10 09:45:00+05:30,48881.65,48942.05,48773.15,48883.4,0,0
2024-04-10 09:15:00+05:30,48868.15,48917.1,48669.25,48883.4,0,0
2024-04-09 15:15:00+05:30,48736.8,48771.0,48699.8,48708.35,0,0
2024-04-09 14:45:00+05:30,48716.1,48751.8,48685.45,48737.15,0,0
2024-04-09 14:15:00+05:30,48593.4,48768.6,48568.25,48716.9,0,0
2024-04-09 13:45:00+05:30,48751.45,48757.4,48571.05,48593.75,0,0
2024-04-09 13:15:00+05:30,48834.3,48847.25,48749.0,48752.0,0,0
2024-04-09 12:45:00+05:30,48851.05,48891.2,48833.6,48836.1,0,0
2024-04-09 12:15:00+05:30,48908.0,48929.0,48799.3,48853.05,0,0
2024-04-09 11:45:00+05:30,48913.35,48951.95,48873.7,48907.5,0,0
2024-04-09 11:15:00+05:30,48827.25,48960.75,48816.95,48910.65,0,0
2024-04-09 10:45:00+05:30,48901.4,48904.05,48818.4,48826.8,0,0
2024-04-09 10:15:00+05:30,48824.8,48940.35,48791.7,48899.9,0,0
2024-04-09 09:45:00+05:30,48707.2,48856.65,48699.1,48823.55,0,0
2024-04-09 09:15:00+05:30,48797.2,48812.15,48621.85,48706.25,0,0
2024-04-08 15:15:00+05:30,48606.85,48608.5,48535.35,48565.75,0,0
2024-04-08 14:45:00+05:30,48577.1,48622.65,48548.4,48605.85,0,0
2024-04-08 14:15:00+05:30,48570.2,48624.55,48563.75,48576.45,0,0
2024-04-08 13:45:00+05:30,48601.3,48603.75,48533.05,48567.3,0,0
2024-04-08 13:15:00+05:30,48672.75,48716.95,48499.8,48599.5,0,0
2024-04-08 12:45:00+05:30,48660.75,48691.1,48630.25,48669.45,0,0
2024-04-08 12:15:00+05:30,48562.9,48668.25,48561.7,48659.3,0,0
2024-04-08 11:45:00+05:30,48592.8,48594.1,48535.15,48563.85,0,0
2024-04-08 11:15:00+05:30,48561.45,48595.15,48532.2,48591.05,0,0
2024-04-08 10:45:00+05:30,48519.45,48565.5,48496.1,48562.0,0,0
2024-04-08 10:15:00+05:30,48529.6,48554.55,48497.95,48518.9,0,0
2024-04-08 09:45:00+05:30,48519.5,48543.9,48424.65,48524.5,0,0
2024-04-08 09:15:00+05:30,48562.2,48629.05,48442.5,48522.8,0,0
2024-04-05 15:15:00+05:30,48515.35,48557.4,48480.8,48524.4,0,0
2024-04-05 14:45:00+05:30,48313.85,48554.5,48304.3,48518.55,0,0
2024-04-05 14:15:00+05:30,48269.0,48355.85,48254.7,48312.7,0,0
2024-04-05 13:45:00+05:30,48233.15,48363.4,48206.0,48268.8,0,0
2024-04-05 13:15:00+05:30,48183.5,48265.3,48173.95,48232.5,0,0
2024-04-05 12:45:00+05:30,48214.6,48241.85,48162.0,48185.35,0,0
2024-04-05 12:15:00+05:30,48265.75,48267.35,48194.2,48212.6,0,0
2024-04-05 11:45:00+05:30,48207.55,48290.45,48200.3,48266.4,0,0
2024-04-05 11:15:00+05:30,48236.65,48263.45,48164.3,48206.9,0,0
2024-04-05 10:45:00+05:30,48158.8,48268.05,48139.8,48237.25,0,0
2024-04-05 10:15:00+05:30,48092.2,48182.15,48051.15,48157.4,0,0
2024-04-05 09:45:00+05:30,48087.6,48163.75,48043.1,48091.85,0,0
2024-04-05 09:15:00+05:30,48104.65,48106.05,47894.5,48083.65,0,0
2024-04-04 15:15:00+05:30,48053.1,48139.9,48039.25,48126.45,0,0
2024-04-04 14:45:00+05:30,48117.5,48125.6,47984.8,48051.0,0,0
2024-04-04 14:15:00+05:30,47990.45,48116.75,47975.55,48115.1,0,0
2024-04-04 13:45:00+05:30,48071.05,48079.65,47896.15,47992.75,0,0
2024-04-04 13:15:00+05:30,48009.2,48145.7,47987.05,48075.95,0,0
2024-04-04 12:45:00+05:30,48038.95,48053.95,47971.0,48016.9,0,0
2024-04-04 12:15:00+05:30,47849.7,48047.6,47842.55,48035.9,0,0
2024-04-04 11:45:00+05:30,47881.4,47904.65,47810.3,47849.7,0,0
2024-04-04 11:15:00+05:30,47928.75,47943.05,47804.9,47878.1,0,0
2024-04-04 10:45:00+05:30,47851.8,47934.3,47712.7,47926.0,0,0
2024-04-04 10:15:00+05:30,47769.5,47899.1,47769.5,47861.15,0,0
2024-04-04 09:45:00+05:30,47944.7,48033.5,47772.4,47777.95,0,0
2024-04-04 09:15:00+05:30,48086.2,48254.65,47930.6,47943.1,0,0
2024-04-03 15:15:00+05:30,47626.7,47663.75,47621.95,47659.0,0,0
2024-04-03 14:45:00+05:30,47550.95,47647.5,47548.9,47626.55,0,0
2024-04-03 14:15:00+05:30,47585.95,47638.85,47525.7,47549.5,0,0
2024-04-03 13:45:00+05:30,47639.15,47645.0,47525.95,47582.15,0,0
2024-04-03 13:15:00+05:30,47594.05,47676.95,47591.1,47636.9,0,0
2024-04-03 12:45:00+05:30,47624.05,47635.65,47587.15,47599.9,0,0
2024-04-03 12:15:00+05:30,47624.5,47648.65,47561.8,47624.95,0,0
2024-04-03 11:45:00+05:30,47501.75,47625.95,47482.9,47623.6,0,0
2024-04-03 11:15:00+05:30,47490.55,47543.55,47481.2,47499.3,0,0
2024-04-03 10:45:00+05:30,47485.15,47530.05,47428.85,47490.1,0,0
2024-04-03 10:15:00+05:30,47494.45,47536.6,47457.7,47490.25,0,0
2024-04-03 09:45:00+05:30,47330.9,47517.95,47324.15,47493.0,0,0
2024-04-03 09:15:00+05:30,47350.25,47451.5,47279.8,47335.95,0,0
2024-04-02 15:15:00+05:30,47530.35,47582.3,47525.25,47559.55,0,0
2024-04-02 14:45:00+05:30,47531.55,47589.55,47490.6,47531.35,0,0
2024-04-02 14:15:00+05:30,47545.1,47593.7,47504.15,47531.25,0,0
2024-04-02 13:45:00+05:30,47594.15,47594.2,47501.7,47543.9,0,0
2024-04-02 13:15:00+05:30,47576.5,47631.35,47564.25,47595.15,0,0
2024-04-02 12:45:00+05:30,47654.7,47661.4,47549.95,47573.35,0,0
2024-04-02 12:15:00+05:30,47597.65,47663.1,47579.25,47651.5,0,0
2024-04-02 11:45:00+05:30,47607.05,47628.95,47582.3,47598.85,0,0
2024-04-02 11:15:00+05:30,47619.55,47649.2,47599.1,47605.75,0,0
2024-04-02 10:45:00+05:30,47593.5,47697.35,47550.85,47623.25,0,0
2024-04-02 10:15:00+05:30,47577.9,47627.5,47546.4,47596.15,0,0
2024-04-02 09:45:00+05:30,47689.25,47707.35,47560.75,47575.75,0,0
2024-04-02 09:15:00+05:30,47490.75,47696.35,47408.55,47688.7,0,0
2024-04-01 15:15:00+05:30,47585.8,47646.8,47542.6,47568.65,0,0
2024-04-01 14:45:00+05:30,47478.65,47591.5,47470.45,47583.85,0,0
2024-04-01 14:15:00+05:30,47505.5,47526.75,47447.9,47480.45,0,0
2024-04-01 13:45:00+05:30,47523.95,47536.15,47476.15,47498.55,0,0
2024-04-01 13:15:00+05:30,47468.1,47562.8,47461.0,47527.4,0,0
2024-04-01 12:45:00+05:30,47543.4,47543.5,47432.3,47466.8,0,0
2024-04-01 12:15:00+05:30,47547.55,47572.5,47530.2,47544.7,0,0
2024-04-01 11:45:00+05:30,47570.8,47587.5,47535.7,47547.7,0,0
2024-04-01 11:15:00+05:30,47566.65,47589.05,47540.45,47571.75,0,0
2024-04-01 10:45:00+05:30,47556.15,47570.95,47485.05,47563.65,0,0
2024-04-01 10:15:00+05:30,47543.05,47612.25,47494.4,47555.5,0,0
2024-04-01 09:45:00+05:30,47514.35,47596.35,47488.35,47543.55,0,0
2024-04-01 09:15:00+05:30,47391.05,47642.15,47373.1,47515.45,0,0
2024-03-28 15:15:00+05:30,47038.3,47167.25,47029.15,47150.3,0,0
2024-03-28 14:45:00+05:30,47407.45,47417.35,46997.55,47036.7,0,0
2024-03-28 14:15:00+05:30,47407.35,47440.45,47377.65,47416.3,0,0
2024-03-28 13:45:00+05:30,47347.15,47422.95,47318.95,47405.7,0,0
2024-03-28 13:15:00+05:30,47337.85,47367.1,47318.3,47347.65,0,0
2024-03-28 12:45:00+05:30,47329.1,47381.1,47284.45,47337.8,0,0
2024-03-28 12:15:00+05:30,47207.5,47346.75,47179.25,47329.35,0,0
2024-03-28 11:45:00+05:30,47256.1,47287.7,47184.65,47207.4,0,0
2024-03-28 11:15:00+05:30,47346.6,47350.2,47233.95,47254.6,0,0
2024-03-28 10:45:00+05:30,47286.7,47347.25,47246.0,47346.05,0,0
2024-03-28 10:15:00+05:30,47162.0,47303.75,47160.75,47285.95,0,0
2024-03-28 09:45:00+05:30,47147.15,47177.1,47087.85,47161.45,0,0
2024-03-28 09:15:00+05:30,46827.85,47148.95,46827.85,47139.35,0,0
2024-03-27 15:15:00+05:30,46789.3,46956.1,46772.2,46850.9,0,0
2024-03-27 14:45:00+05:30,46756.9,46788.3,46671.9,46787.4,0,0
2024-03-27 14:15:00+05:30,46761.4,46774.3,46697.0,46758.1,0,0
2024-03-27 13:45:00+05:30,46811.5,46825.5,46754.55,46763.8,0,0
2024-03-27 13:15:00+05:30,46791.2,46814.85,46751.3,46803.55,0,0
2024-03-27 12:45:00+05:30,46762.0,46827.35,46762.0,46794.3,0,0
2024-03-27 12:15:00+05:30,46791.2,46810.15,46753.85,46770.1,0,0
2024-03-27 11:45:00+05:30,46814.8,46833.35,46764.4,46792.55,0,0
2024-03-27 11:15:00+05:30,46795.55,46826.7,46768.75,46814.6,0,0
2024-03-27 10:45:00+05:30,46883.3,46895.15,46743.75,46796.4,0,0
2024-03-27 10:15:00+05:30,46875.5,46946.55,46840.6,46883.0,0,0
2024-03-27 09:45:00+05:30,46806.0,46920.6,46769.95,46871.25,0,0
2024-03-27 09:15:00+05:30,46643.45,46824.7,46643.45,46807.45,0,0
2024-03-26 15:15:00+05:30,46608.45,46647.5,46573.05,46625.15,0,0
2024-03-26 14:45:00+05:30,46555.5,46647.45,46545.45,46609.35,0,0
2024-03-26 14:15:00+05:30,46637.3,46663.25,46529.05,46554.05,0,0
2024-03-26 13:45:00+05:30,46626.3,46681.6,46584.6,46634.85,0,0
2024-03-26 13:15:00+05:30,46711.4,46724.4,46618.75,46627.5,0,0
2024-03-26 12:45:00+05:30,46703.55,46752.1,46693.6,46710.25,0,0
2024-03-26 12:15:00+05:30,46681.45,46730.1,46675.95,46706.9,0,0
2024-03-26 11:45:00+05:30,46730.9,46753.95,46662.95,46680.75,0,0
2024-03-26 11:15:00+05:30,46635.2,46732.9,46621.95,46731.75,0,0
2024-03-26 10:45:00+05:30,46630.3,46659.8,46608.95,46636.5,0,0
2024-03-26 10:15:00+05:30,46634.55,46725.65,46605.5,46631.4,0,0
2024-03-26 09:45:00+05:30,46714.1,46738.15,46594.05,46638.15,0,0
2024-03-26 09:15:00+05:30,46552.95,46788.35,46552.95,46713.45,0,0
2024-03-22 15:15:00+05:30,46848.05,46867.65,46812.25,46850.6,0,0
2024-03-22 14:45:00+05:30,46899.0,46974.15,46800.45,46845.1,0,0
2024-03-22 14:15:00+05:30,46851.7,46918.5,46851.7,46906.6,0,0
2024-03-22 13:45:00+05:30,46839.85,46870.45,46811.15,46855.75,0,0
2024-03-22 13:15:00+05:30,46881.5,46907.95,46809.25,46840.55,0,0
2024-03-22 12:45:00+05:30,46849.0,46919.15,46849.0,46882.45,0,0
2024-03-22 12:15:00+05:30,46858.6,46883.25,46812.75,46851.05,0,0
2024-03-22 11:45:00+05:30,46909.05,46925.55,46839.45,46859.75,0,0
2024-03-22 11:15:00+05:30,46870.45,46948.5,46870.45,46910.05,0,0
2024-03-22 10:45:00+05:30,46856.25,46924.1,46823.85,46870.3,0,0
2024-03-22 10:15:00+05:30,46845.8,46938.85,46803.75,46855.45,0,0
2024-03-22 09:45:00+05:30,46764.1,46894.5,46634.95,46848.05,0,0
2024-03-22 09:15:00+05:30,46634.9,46862.3,46566.8,46777.5,0,0
2024-03-21 15:15:00+05:30,46698.4,46713.05,46670.75,46677.9,0,0
2024-03-21 14:45:00+05:30,46680.6,46725.45,46633.35,46704.5,0,0
2024-03-21 14:15:00+05:30,46685.95,46740.0,46640.25,46680.7,0,0
2024-03-21 13:45:00+05:30,46716.55,46743.15,46645.65,46680.75,0,0
2024-03-21 13:15:00+05:30,46724.35,46778.05,46687.4,46717.55,0,0
2024-03-21 12:45:00+05:30,46740.3,46756.7,46670.05,46727.75,0,0
2024-03-21 12:15:00+05:30,46628.35,46768.85,46570.15,46739.8,0,0
2024-03-21 11:45:00+05:30,46803.15,46847.45,46605.05,46625.2,0,0
2024-03-21 11:15:00+05:30,46873.55,46898.55,46785.3,46804.9,0,0
2024-03-21 10:45:00+05:30,46796.9,46901.75,46776.35,46875.7,0,0
2024-03-21 10:15:00+05:30,46947.45,46990.25,46760.3,46793.5,0,0
2024-03-21 09:45:00+05:30,46809.7,46979.35,46751.2,46951.45,0,0
2024-03-21 09:15:00+05:30,46674.85,46850.3,46674.85,46809.25,0,0
2024-03-20 15:15:00+05:30,46314.85,46412.0,46271.5,46374.85,0,0
2024-03-20 14:45:00+05:30,46288.0,46366.0,46236.6,46316.95,0,0
2024-03-20 14:15:00+05:30,46343.6,46417.55,46200.0,46283.95,0,0
2024-03-20 13:45:00+05:30,46597.0,46630.2,46310.6,46342.15,0,0
2024-03-20 13:15:00+05:30,46551.15,46655.55,46502.95,46591.15,0,0
2024-03-20 12:45:00+05:30,46461.65,46590.05,46372.45,46542.65,0,0
2024-03-20 12:15:00+05:30,46289.6,46491.4,46271.1,46461.8,0,0
2024-03-20 11:45:00+05:30,46250.2,46308.5,46226.0,46282.9,0,0
2024-03-20 11:15:00+05:30,46138.25,46248.95,46051.3,46248.95,0,0
2024-03-20 10:45:00+05:30,45914.2,46181.1,45843.3,46137.5,0,0
2024-03-20 10:15:00+05:30,46136.5,46179.3,45828.8,45913.45,0,0
2024-03-20 09:45:00+05:30,46494.7,46503.65,46107.15,46137.05,0,0
2024-03-20 09:15:00+05:30,46392.9,46570.25,46328.8,46493.1,0,0
2024-03-19 15:15:00+05:30,46368.95,46387.65,46331.15,46347.25,0,0
2024-03-19 14:45:00+05:30,46373.1,46464.2,46320.05,46373.95,0,0
2024-03-19 14:15:00+05:30,46334.15,46398.8,46258.75,46373.55,0,0
2024-03-19 13:45:00+05:30,46433.65,46434.75,46302.1,46333.15,0,0
2024-03-19 13:15:00+05:30,46434.25,46456.25,46401.35,46431.9,0,0
2024-03-19 12:45:00+05:30,46431.75,46480.5,46411.5,46432.8,0,0
2024-03-19 12:15:00+05:30,46419.4,46469.0,46409.35,46431.05,0,0
2024-03-19 11:45:00+05:30,46399.5,46451.2,46394.9,46419.9,0,0
2024-03-19 11:15:00+05:30,46415.55,46524.45,46399.8,46407.8,0,0
2024-03-19 10:45:00+05:30,46455.75,46460.75,46363.15,46418.2,0,0
2024-03-19 10:15:00+05:30,46415.1,46553.5,46322.5,46458.05,0,0
2024-03-19 09:45:00+05:30,46580.65,46580.65,46344.5,46415.75,0,0
2024-03-19 09:15:00+05:30,46421.9,46602.35,46412.2,46580.55,0,0
2024-03-18 15:15:00+05:30,46549.1,46628.65,46549.1,46619.65,0,0
2024-03-18 14:45:00+05:30,46681.75,46681.8,46489.45,46554.15,0,0
2024-03-18 14:15:00+05:30,46577.25,46727.3,46565.0,46680.85,0,0
2024-03-18 13:45:00+05:30,46586.6,46644.9,46543.35,46573.9,0,0
2024-03-18 13:15:00+05:30,46626.2,46649.65,46572.35,46585.75,0,0
2024-03-18 12:45:00+05:30,46561.1,46638.5,46520.2,46622.3,0,0
2024-03-18 12:15:00+05:30,46591.95,46739.25,46543.05,46557.55,0,0
2024-03-18 11:45:00+05:30,46298.85,46699.85,46249.05,46589.45,0,0
2024-03-18 11:15:00+05:30,46200.7,46302.3,46022.15,46302.3,0,0
2024-03-18 10:45:00+05:30,46424.55,46485.65,46205.85,46209.8,0,0
2024-03-18 10:15:00+05:30,46375.4,46530.75,46367.7,46422.95,0,0
2024-03-18 09:45:00+05:30,46451.7,46580.45,46304.4,46374.25,0,0
2024-03-18 09:15:00+05:30,46458.75,46677.85,46405.4,46453.1,0,0
2024-03-15 15:15:00+05:30,46559.35,46673.7,46512.8,46543.9,0,0
2024-03-15 14:45:00+05:30,46469.55,46675.35,46394.65,46561.95,0,0
2024-03-15 14:15:00+05:30,46570.35,46604.55,46381.7,46467.6,0,0
2024-03-15 13:45:00+05:30,46543.5,46711.7,46542.5,46569.2,0,0
2024-03-15 13:15:00+05:30,46437.1,46574.75,46407.1,46538.95,0,0
2024-03-15 12:45:00+05:30,46361.55,46499.7,46356.5,46439.2,0,0
2024-03-15 12:15:00+05:30,46365.5,46400.75,46332.65,46365.3,0,0
2024-03-15 11:45:00+05:30,46432.4,46474.2,46327.6,46365.2,0,0
2024-03-15 11:15:00+05:30,46384.45,46457.55,46350.3,46432.15,0,0
2024-03-15 10:45:00+05:30,46417.0,46574.75,46324.75,46379.5,0,0
2024-03-15 10:15:00+05:30,46497.9,46515.3,46310.5,46411.85,0,0
2024-03-15 09:45:00+05:30,46595.15,46653.45,46418.75,46499.55,0,0
2024-03-15 09:15:00+05:30,46572.1,46802.55,46484.0,46595.45,0,0
2024-03-14 15:15:00+05:30,46795.1,46845.4,46742.55,46834.85,0,0
2024-03-14 14:45:00+05:30,46742.3,46821.8,46688.35,46799.6,0,0
2024-03-14 14:15:00+05:30,46801.75,46905.35,46736.45,46742.55,0,0
2024-03-14 13:45:00+05:30,46904.0,46970.95,46761.6,46803.55,0,0
2024-03-14 13:15:00+05:30,47043.2,47072.9,46887.5,46903.55,0,0
2024-03-14 12:45:00+05:30,46984.55,47097.55,46915.4,47044.65,0,0
2024-03-14 12:15:00+05:30,47128.5,47192.8,46979.8,46981.85,0,0
2024-03-14 11:45:00+05:30,47202.1,47215.75,47087.2,47128.0,0,0
2024-03-14 11:15:00+05:30,47065.35,47231.5,47002.0,47198.75,0,0
2024-03-14 10:45:00+05:30,46987.4,47084.65,46889.5,47064.5,0,0
2024-03-14 10:15:00+05:30,46690.25,47028.3,46687.2,46982.15,0,0
2024-03-14 09:45:00+05:30,46737.9,46868.8,46676.45,46685.15,0,0
2024-03-14 09:15:00+05:30,46825.75,46856.85,46565.55,46740.75,0,0
2024-03-13 15:15:00+05:30,46862.45,46991.35,46842.15,46890.35,0,0
2024-03-13 14:45:00+05:30,46951.1,47128.7,46853.75,46861.35,0,0
2024-03-13 14:15:00+05:30,46923.1,46987.6,46856.2,46957.45,0,0
2024-03-13 13:45:00+05:30,47105.55,47119.1,46904.5,46934.1,0,0
2024-03-13 13:15:00+05:30,47099.95,47163.05,47063.25,47108.5,0,0
2024-03-13 12:45:00+05:30,47082.45,47136.9,47045.1,47104.3,0,0
2024-03-13 12:15:00+05:30,47076.75,47151.2,47038.6,47084.7,0,0
2024-03-13 11:45:00+05:30,47105.8,47162.45,47047.95,47069.95,0,0
2024-03-13 11:15:00+05:30,47234.15,47247.6,47029.3,47109.4,0,0
2024-03-13 10:45:00+05:30,47333.45,47346.4,47179.45,47232.6,0,0
2024-03-13 10:15:00+05:30,47426.0,47468.7,47269.85,47330.45,0,0
2024-03-13 09:45:00+05:30,47370.6,47453.3,47210.3,47430.75,0,0
2024-03-13 09:15:00+05:30,47341.15,47441.75,47290.6,47368.6,0,0
2024-03-12 15:15:00+05:30,47261.5,47306.65,47251.5,47263.55,0,0
2024-03-12 14:45:00+05:30,47287.35,47367.7,47240.1,47266.3,0,0
2024-03-12 14:15:00+05:30,47385.55,47438.25,47263.05,47291.5,0,0
2024-03-12 13:45:00+05:30,47392.85,47491.95,47369.9,47387.5,0,0
2024-03-12 13:15:00+05:30,47412.25,47488.8,47361.35,47393.6,0,0
2024-03-12 12:45:00+05:30,47371.25,47433.55,47276.0,47410.7,0,0
2024-03-12 12:15:00+05:30,47268.0,47378.15,47247.95,47377.75,0,0
2024-03-12 11:45:00+05:30,47273.4,47407.8,47178.1,47266.05,0,0
2024-03-12 11:15:00+05:30,47331.6,47339.7,47210.05,47273.5,0,0
2024-03-12 10:45:00+05:30,47243.7,47373.95,46884.45,47325.05,0,0
2024-03-12 10:15:00+05:30,47728.35,47768.6,47233.8,47237.1,0,0
2024-03-12 09:45:00+05:30,47721.15,47812.75,47654.8,47728.75,0,0
2024-03-12 09:15:00+05:30,47351.35,47748.9,47196.95,47720.05,0,0
2024-03-11 15:15:00+05:30,47340.95,47340.95,47264.25,47289.6,0,0
2024-03-11 14:45:00+05:30,47369.4,47422.3,47320.25,47343.65,0,0
2024-03-11 14:15:00+05:30,47292.45,47382.9,47230.65,47369.75,0,0
2024-03-11 13:45:00+05:30,47338.25,47373.55,47283.3,47288.15,0,0
2024-03-11 13:15:00+05:30,47308.75,47388.8,47282.55,47339.4,0,0
2024-03-11 12:45:00+05:30,47394.65,47397.5,47275.1,47308.2,0,0
2024-03-11 12:15:00+05:30,47344.35,47415.15,47294.75,47393.8,0,0
2024-03-11 11:45:00+05:30,47499.75,47518.8,47323.4,47345.7,0,0
2024-03-11 11:15:00+05:30,47618.05,47618.05,47450.1,47498.85,0,0
2024-03-11 10:45:00+05:30,47612.8,47652.45,47577.45,47621.55,0,0
2024-03-11 10:15:00+05:30,47594.85,47680.6,47589.45,47614.75,0,0
2024-03-11 09:45:00+05:30,47709.35,47729.35,47594.85,47599.85,0,0
2024-03-11 09:15:00+05:30,47792.2,47853.8,47666.55,47708.5,0,0
2024-03-07 15:15:00+05:30,47857.3,47858.95,47759.25,47791.4,0,0
2024-03-07 14:45:00+05:30,47880.75,47923.45,47803.95,47857.0,0,0
2024-03-07 14:15:00+05:30,47844.55,47975.6,47841.5,47887.3,0,0
2024-03-07 13:45:00+05:30,47856.6,47901.5,47830.4,47852.65,0,0
2024-03-07 13:15:00+05:30,47846.4,47883.6,47810.95,47854.45,0,0
2024-03-07 12:45:00+05:30,47830.35,47861.6,47791.35,47854.6,0,0
2024-03-07 12:15:00+05:30,47837.45,47860.7,47777.25,47831.65,0,0
2024-03-07 11:45:00+05:30,47869.65,47884.65,47815.85,47836.0,0,0
2024-03-07 11:15:00+05:30,47876.55,47909.9,47834.25,47868.1,0,0
2024-03-07 10:45:00+05:30,47823.7,47933.05,47747.2,47878.3,0,0
2024-03-07 10:15:00+05:30,47946.6,47986.0,47818.55,47832.8,0,0
2024-03-07 09:45:00+05:30,47925.65,47963.65,47837.4,47944.8,0,0
2024-03-07 09:15:00+05:30,48035.8,48071.7,47869.2,47928.65,0,0
2024-03-06 15:15:00+05:30,47916.5,48021.55,47861.2,47971.15,0,0
2024-03-06 14:45:00+05:30,48117.05,48122.3,47876.0,47919.95,0,0
2024-03-06 14:15:00+05:30,48123.9,48161.25,48073.3,48115.15,0,0
2024-03-06 13:45:00+05:30,48066.1,48149.25,48059.45,48121.95,0,0
2024-03-06 13:15:00+05:30,48109.45,48124.5,48015.6,48065.95,0,0
2024-03-06 12:45:00+05:30,48044.35,48113.65,48012.15,48110.25,0,0
2024-03-06 12:15:00+05:30,48038.05,48098.6,47970.7,48045.55,0,0
2024-03-06 11:45:00+05:30,47992.75,48036.25,47921.05,48035.7,0,0
2024-03-06 11:15:00+05:30,48017.25,48067.35,47954.35,47998.3,0,0
2024-03-06 10:45:00+05:30,48021.95,48096.65,47905.85,48010.3,0,0
2024-03-06 10:15:00+05:30,48012.8,48155.85,47921.25,48019.65,0,0
2024-03-06 09:45:00+05:30,47899.5,48073.8,47739.5,48016.75,0,0
2024-03-06 09:15:00+05:30,47451.65,47904.0,47442.25,47892.65,0,0
2024-03-05 15:15:00+05:30,47583.3,47611.1,47560.9,47580.05,0,0
2024-03-05 14:45:00+05:30,47651.15,47680.9,47529.75,47583.35,0,0
2024-03-05 14:15:00+05:30,47597.75,47701.0,47576.8,47653.45,0,0
2024-03-05 13:45:00+05:30,47651.95,47674.35,47512.75,47596.65,0,0
2024-03-05 13:15:00+05:30,47674.8,47712.7,47634.05,47653.7,0,0
2024-03-05 12:45:00+05:30,47424.2,47737.85,47414.95,47676.8,0,0
2024-03-05 12:15:00+05:30,47379.25,47425.05,47353.75,47422.95,0,0
2024-03-05 11:45:00+05:30,47356.75,47429.25,47348.8,47382.9,0,0
2024-03-05 11:15:00+05:30,47359.4,47372.85,47273.7,47355.05,0,0
2024-03-05 10:45:00+05:30,47324.4,47420.85,47311.8,47358.15,0,0
2024-03-05 10:15:00+05:30,47331.3,47336.2,47241.8,47325.05,0,0
2024-03-05 09:45:00+05:30,47363.75,47379.75,47285.45,47330.45,0,0
2024-03-05 09:15:00+05:30,47265.7,47390.7,47196.75,47368.35,0,0
2024-03-04 15:15:00+05:30,47481.35,47486.0,47378.0,47418.9,0,0
2024-03-04 14:45:00+05:30,47372.3,47529.6,47362.55,47484.8,0,0
2024-03-04 14:15:00+05:30,47485.1,47506.6,47335.0,47367.55,0,0
2024-03-04 13:45:00+05:30,47390.3,47490.65,47353.55,47485.3,0,0
2024-03-04 13:15:00+05:30,47326.4,47411.75,47325.05,47393.15,0,0
2024-03-04 12:45:00+05:30,47365.5,47371.4,47273.75,47326.75,0,0
2024-03-04 12:15:00+05:30,47300.6,47373.1,47299.95,47363.85,0,0
2024-03-04 11:45:00+05:30,47327.05,47350.55,47265.7,47309.3,0,0
2024-03-04 11:15:00+05:30,47319.9,47355.85,47249.0,47324.3,0,0
2024-03-04 10:45:00+05:30,47489.8,47489.8,47191.65,47320.65,0,0
2024-03-04 10:15:00+05:30,47411.65,47520.9,47411.65,47488.9,0,0
2024-03-04 09:45:00+05:30,47381.55,47436.4,47279.25,47413.3,0,0
2024-03-04 09:15:00+05:30,47318.5,47461.15,47306.85,47383.75,0,0
2024-03-02 12:00:00+05:30,47267.95,47318.3,47263.55,47294.6,0,0
2024-03-02 11:30:00+05:30,47327.0,47348.15,47237.0,47265.65,0,0
2024-03-02 09:45:00+05:30,47348.85,47393.35,47272.55,47308.9,0,0
2024-03-02 09:15:00+05:30,47377.45,47438.6,47241.1,47350.25,0,0
2024-03-01 15:15:00+05:30,47312.5,47342.25,47212.75,47250.0,0,0
2024-03-01 14:45:00+05:30,47234.8,47334.85,47233.95,47313.5,0,0
2024-03-01 14:15:00+05:30,47160.95,47267.35,47142.4,47235.35,0,0
2024-03-01 13:45:00+05:30,47038.5,47174.65,47010.95,47161.6,0,0
2024-03-01 13:15:00+05:30,46992.8,47047.8,46965.6,47038.05,0,0
2024-03-01 12:45:00+05:30,47041.75,47082.6,46977.35,46993.55,0,0
2024-03-01 12:15:00+05:30,46911.05,47066.05,46887.95,47041.45,0,0
2024-03-01 11:45:00+05:30,46884.95,46941.15,46869.35,46911.0,0,0
2024-03-01 11:15:00+05:30,46685.55,46969.55,46685.55,46886.2,0,0
2024-03-01 10:45:00+05:30,46621.7,46726.6,46592.9,46685.45,0,0
2024-03-01 10:15:00+05:30,46599.9,46661.3,46569.25,46627.0,0,0
2024-03-01 09:45:00+05:30,46580.25,46625.0,46526.7,46604.9,0,0
2024-03-01 09:15:00+05:30,46218.0,46602.15,46218.0,46583.25,0,0
2024-02-29 15:15:00+05:30,46152.55,46322.6,46144.7,46266.2,0,0
2024-02-29 14:45:00+05:30,46275.2,46329.65,45933.15,46155.05,0,0
2024-02-29 14:15:00+05:30,46141.2,46276.75,46012.65,46271.1,0,0
2024-02-29 13:45:00+05:30,46031.55,46189.15,46026.85,46144.1,0,0
2024-02-29 13:15:00+05:30,46073.5,46136.45,46005.5,46034.75,0,0
2024-02-29 12:45:00+05:30,46002.75,46086.7,45939.55,46075.75,0,0
2024-02-29 12:15:00+05:30,45887.0,46016.85,45804.65,46005.85,0,0
2024-02-29 11:45:00+05:30,45872.65,45931.3,45838.25,45889.7,0,0
2024-02-29 11:15:00+05:30,45904.55,45925.55,45802.35,45880.45,0,0
2024-02-29 10:45:00+05:30,45813.05,45908.05,45751.55,45903.65,0,0
2024-02-29 10:15:00+05:30,45739.85,45850.2,45702.8,45813.95,0,0
2024-02-29 09:45:00+05:30,45873.2,46154.2,45661.75,45738.4,0,0
2024-02-29 09:15:00+05:30,45881.45,45989.25,45766.3,45864.9,0,0
2024-02-28 15:15:00+05:30,45961.65,45963.45,45852.55,45909.25,0,0
2024-02-28 14:45:00+05:30,46037.5,46142.5,45920.95,45962.35,0,0
2024-02-28 14:15:00+05:30,46253.65,46254.15,45990.55,46042.75,0,0
2024-02-28 13:45:00+05:30,46206.45,46279.55,46169.65,46252.9,0,0
2024-02-28 13:15:00+05:30,45944.1,46270.15,45944.1,46207.05,0,0
2024-02-28 12:45:00+05:30,46246.7,46259.05,45913.65,45939.75,0,0
2024-02-28 12:15:00+05:30,46237.55,46253.75,46170.65,46247.5,0,0
2024-02-28 11:45:00+05:30,46179.25,46269.45,46149.6,46235.15,0,0
2024-02-28 11:15:00+05:30,46206.4,46312.3,46173.2,46174.65,0,0
2024-02-28 10:45:00+05:30,46630.4,46642.45,46040.3,46204.2,0,0
2024-02-28 10:15:00+05:30,46705.95,46754.55,46614.8,46631.1,0,0
2024-02-28 09:45:00+05:30,46624.3,46731.15,46523.3,46708.1,0,0
2024-02-28 09:15:00+05:30,46640.9,46682.45,46552.95,46620.15,0,0
2024-02-27 15:15:00+05:30,46580.85,46626.65,46551.55,46617.5,0,0
2024-02-27 14:45:00+05:30,46636.8,46647.15,46541.7,46585.3,0,0
2024-02-27 14:15:00+05:30,46642.8,46687.9,46565.9,46633.65,0,0
2024-02-27 13:45:00+05:30,46624.9,46654.15,46522.9,46644.35,0,0
2024-02-27 13:15:00+05:30,46656.7,46722.25,46607.4,46625.75,0,0
2024-02-27 12:45:00+05:30,46489.45,46670.0,46479.05,46664.5,0,0
2024-02-27 12:15:00+05:30,46455.85,46497.05,46398.1,46488.05,0,0
2024-02-27 11:45:00+05:30,46461.6,46489.05,46411.2,46454.35,0,0
2024-02-27 11:15:00+05:30,46452.85,46533.7,46417.3,46466.05,0,0
2024-02-27 10:45:00+05:30,46450.65,46506.75,46429.65,46453.3,0,0
2024-02-27 10:15:00+05:30,46386.9,46447.95,46324.9,46447.95,0,0
2024-02-27 09:45:00+05:30,46546.45,46604.1,46359.8,46384.6,0,0
2024-02-27 09:15:00+05:30,46480.2,46582.5,46427.65,46550.25,0,0
2024-02-26 15:15:00+05:30,46564.55,46590.3,46526.55,46563.75,0,0
2024-02-26 14:45:00+05:30,46680.1,46699.1,46556.65,46562.25,0,0
2024-02-26 14:15:00+05:30,46698.5,46759.25,46646.6,46677.55,0,0
2024-02-26 13:45:00+05:30,46651.65,46756.65,46649.55,46696.15,0,0
2024-02-26 13:15:00+05:30,46770.8,46801.8,46646.4,46650.9,0,0
2024-02-26 12:45:00+05:30,46622.15,46805.4,46608.4,46771.95,0,0
2024-02-26 12:15:00+05:30,46581.15,46671.6,46513.55,46623.1,0,0
2024-02-26 11:45:00+05:30,46627.15,46643.0,46542.35,46583.75,0,0
2024-02-26 11:15:00+05:30,46639.75,46665.9,46593.25,46628.95,0,0
2024-02-26 10:45:00+05:30,46624.15,46672.6,46559.7,46639.95,0,0
2024-02-26 10:15:00+05:30,46644.95,46714.55,46602.3,46626.75,0,0
2024-02-26 09:45:00+05:30,46881.9,46893.15,46553.05,46645.35,0,0
2024-02-26 09:15:00+05:30,46615.85,46891.9,46611.7,46879.35,0,0
2024-02-23 15:15:00+05:30,46820.3,46853.3,46723.15,46778.0,0,0
2024-02-23 14:45:00+05:30,46955.95,46959.85,46806.55,46819.85,0,0
2024-02-23 14:15:00+05:30,46777.35,46961.45,46741.85,46954.95,0,0
2024-02-23 13:45:00+05:30,46872.95,46926.55,46776.3,46776.8,0,0
2024-02-23 13:15:00+05:30,47049.75,47055.6,46755.9,46872.4,0,0
2024-02-23 12:45:00+05:30,47059.35,47084.7,47008.9,47050.35,0,0
2024-02-23 12:15:00+05:30,46986.25,47075.25,46941.6,47058.45,0,0
2024-02-23 11:45:00+05:30,47040.8,47055.2,46931.55,46992.3,0,0
2024-02-23 11:15:00+05:30,47018.0,47074.7,46994.95,47041.55,0,0
2024-02-23 10:45:00+05:30,46985.85,47091.3,46876.5,47021.9,0,0
2024-02-23 10:15:00+05:30,47176.0,47245.35,46851.8,46986.15,0,0
2024-02-23 09:45:00+05:30,47106.95,47174.25,47060.6,47173.35,0,0
2024-02-23 09:15:00+05:30,47060.7,47135.25,46927.9,47106.15,0,0
2024-02-22 15:15:00+05:30,46909.1,47010.6,46889.15,46947.25,0,0
2024-02-22 14:45:00+05:30,46777.45,46955.65,46758.25,46906.55,0,0
2024-02-22 14:15:00+05:30,46748.0,46814.1,46667.75,46786.85,0,0
2024-02-22 13:45:00+05:30,46706.4,46909.55,46703.25,46754.65,0,0
2024-02-22 13:15:00+05:30,46529.05,46718.85,46513.35,46707.7,0,0
2024-02-22 12:45:00+05:30,46580.2,46580.65,46476.3,46530.8,0,0
2024-02-22 12:15:00+05:30,46579.2,46612.3,46543.1,46580.7,0,0
2024-02-22 11:45:00+05:30,46542.5,46636.5,46487.9,46575.4,0,0
2024-02-22 11:15:00+05:30,46556.45,46569.75,46426.85,46547.7,0,0
2024-02-22 10:45:00+05:30,46619.4,46620.1,46462.0,46558.0,0,0
2024-02-22 10:15:00+05:30,46651.35,46664.3,46519.4,46620.55,0,0
2024-02-22 09:45:00+05:30,46908.7,46968.35,46600.5,46652.0,0,0
2024-02-22 09:15:00+05:30,46934.55,47024.05,46797.85,46912.8,0,0
2024-02-21 15:15:00+05:30,47061.85,47073.05,46886.95,46933.9,0,0
2024-02-21 14:45:00+05:30,47034.8,47105.1,46983.55,47060.1,0,0
2024-02-21 14:15:00+05:30,47089.2,47155.7,46967.55,47036.95,0,0
2024-02-21 13:45:00+05:30,47272.0,47272.6,47033.75,47086.4,0,0
2024-02-21 13:15:00+05:30,47270.65,47298.85,47177.7,47272.25,0,0
2024-02-21 12:45:00+05:30,47209.05,47319.2,47208.65,47271.2,0,0
2024-02-21 12:15:00+05:30,47140.45,47233.45,47127.75,47200.4,0,0
2024-02-21 11:45:00+05:30,47170.35,47183.6,47080.85,47138.9,0,0
2024-02-21 11:15:00+05:30,47026.05,47188.1,46985.35,47169.9,0,0
2024-02-21 10:45:00+05:30,46969.25,47064.85,46925.05,47025.55,0,0
2024-02-21 10:15:00+05:30,47134.1,47172.65,46949.3,46973.9,0,0
2024-02-21 09:45:00+05:30,47306.75,47359.05,47074.75,47138.95,0,0
2024-02-21 09:15:00+05:30,47363.4,47363.4,47085.25,47304.5,0,0
2024-02-20 15:15:00+05:30,47094.4,47136.75,47081.9,47112.85,0,0
2024-02-20 14:45:00+05:30,47009.75,47128.35,46981.9,47094.2,0,0
2024-02-20 14:15:00+05:30,46917.85,47069.95,46915.25,47010.65,0,0
2024-02-20 13:45:00+05:30,46972.05,46978.0,46806.15,46917.0,0,0
2024-02-20 13:15:00+05:30,46935.05,47059.3,46915.05,46972.8,0,0
2024-02-20 12:45:00+05:30,46945.8,46991.4,46921.6,46934.3,0,0
2024-02-20 12:15:00+05:30,46933.1,46970.2,46900.45,46950.55,0,0
2024-02-20 11:45:00+05:30,46855.95,46980.7,46841.55,46932.15,0,0
2024-02-20 11:15:00+05:30,46878.45,46968.25,46828.4,46860.95,0,0
2024-02-20 10:45:00+05:30,46798.9,46892.65,46798.9,46882.25,0,0
2024-02-20 10:15:00+05:30,46873.05,46968.8,46792.9,46800.0,0,0
2024-02-20 09:45:00+05:30,46627.85,46878.85,46525.85,46876.5,0,0
2024-02-20 09:15:00+05:30,46444.9,46660.25,46367.8,46630.3,0,0
2024-02-19 15:15:00+05:30,46519.55,46578.65,46495.4,46544.8,0,0
2024-02-19 14:45:00+05:30,46639.85,46644.0,46453.85,46515.95,0,0
2024-02-19 14:15:00+05:30,46648.3,46695.85,46602.15,46638.05,0,0
2024-02-19 13:45:00+05:30,46624.05,46717.4,46621.15,46647.3,0,0
2024-02-19 13:15:00+05:30,46670.2,46675.05,46557.3,46626.45,0,0
2024-02-19 12:45:00+05:30,46631.65,46676.8,46601.2,46669.75,0,0
2024-02-19 12:15:00+05:30,46624.0,46662.8,46585.95,46636.15,0,0
2024-02-19 11:45:00+05:30,46610.2,46653.75,46579.25,46622.05,0,0
2024-02-19 11:15:00+05:30,46612.6,46692.25,46533.4,46611.05,0,0
2024-02-19 10:45:00+05:30,46490.25,46632.55,46477.3,46605.7,0,0
2024-02-19 10:15:00+05:30,46454.05,46541.5,46411.1,46484.95,0,0
2024-02-19 09:45:00+05:30,46400.5,46478.35,46317.7,46455.45,0,0
2024-02-19 09:15:00+05:30,46554.9,46619.05,46358.45,46400.55,0,0
2024-02-16 15:15:00+05:30,46353.15,46381.95,46310.3,46368.1,0,0
2024-02-16 14:45:00+05:30,46423.65,46492.1,46331.3,46353.5,0,0
2024-02-16 14:15:00+05:30,46408.9,46549.75,46355.1,46420.7,0,0
2024-02-16 13:45:00+05:30,46568.45,46693.4,46314.85,46413.9,0,0
2024-02-16 13:15:00+05:30,46443.15,46575.6,46400.1,46562.35,0,0
2024-02-16 12:45:00+05:30,46429.9,46478.5,46409.0,46442.35,0,0
2024-02-16 12:15:00+05:30,46449.5,46456.45,46362.15,46428.4,0,0
2024-02-16 11:45:00+05:30,46354.7,46477.75,46290.35,46451.5,0,0
2024-02-16 11:15:00+05:30,46389.75,46406.25,46297.6,46350.45,0,0
2024-02-16 10:45:00+05:30,46402.05,46461.0,46354.2,46390.1,0,0
2024-02-16 10:15:00+05:30,46452.3,46459.9,46354.35,46401.45,0,0
2024-02-16 09:45:00+05:30,46333.75,46471.15,46264.4,46453.1,0,0
2024-02-16 09:15:00+05:30,46454.3,46485.25,46292.8,46335.3,0,0
2024-02-15 15:15:00+05:30,46211.6,46297.7,46167.9,46266.15,0,0
2024-02-15 14:45:00+05:30,46165.85,46256.7,46132.25,46207.3,0,0
2024-02-15 14:15:00+05:30,46117.65,46168.4,46027.9,46164.75,0,0
2024-02-15 13:45:00+05:30,46205.75,46232.8,46101.35,46121.0,0,0
2024-02-15 13:15:00+05:30,45982.65,46228.2,45922.15,46207.05,0,0
2024-02-15 12:45:00+05:30,45973.65,46016.65,45917.9,45980.7,0,0
2024-02-15 12:15:00+05:30,46050.5,46092.65,45889.5,45975.1,0,0
2024-02-15 11:45:00+05:30,45929.5,46080.9,45929.5,46051.6,0,0
2024-02-15 11:15:00+05:30,45895.75,45958.9,45846.45,45926.1,0,0
2024-02-15 10:45:00+05:30,45877.85,45972.6,45824.55,45894.95,0,0
2024-02-15 10:15:00+05:30,45854.8,45976.15,45800.95,45875.05,0,0
2024-02-15 09:45:00+05:30,45659.65,45865.7,45590.2,45853.2,0,0
2024-02-15 09:15:00+05:30,46027.1,46100.65,45641.8,45662.15,0,0
2024-02-14 15:15:00+05:30,45780.9,45953.8,45690.75,45917.6,0,0
2024-02-14 14:45:00+05:30,46093.85,46170.45,45670.3,45785.45,0,0
2024-02-14 14:15:00+05:30,45684.85,46107.4,45660.4,46096.15,0,0
2024-02-14 13:45:00+05:30,45495.45,45683.85,45470.25,45683.85,0,0
2024-02-14 13:15:00+05:30,45665.95,45673.15,45430.0,45493.25,0,0
2024-02-14 12:45:00+05:30,45536.9,45764.55,45495.6,45666.8,0,0
2024-02-14 12:15:00+05:30,45395.15,45587.6,45394.95,45538.35,0,0
2024-02-14 11:45:00+05:30,45315.55,45480.5,45284.8,45396.4,0,0
2024-02-14 11:15:00+05:30,45360.3,45406.7,45227.6,45313.4,0,0
2024-02-14 10:45:00+05:30,45238.35,45454.5,45206.05,45361.35,0,0
2024-02-14 10:15:00+05:30,45271.3,45344.2,45197.05,45239.25,0,0
2024-02-14 09:45:00+05:30,45090.2,45259.05,45017.85,45255.9,0,0
2024-02-14 09:15:00+05:30,45014.65,45140.1,44860.75,45082.6,0,0
2024-02-13 15:15:00+05:30,45521.95,45564.5,45383.15,45421.45,0,0
2024-02-13 14:45:00+05:30,45489.55,45622.25,45474.4,45521.45,0,0
2024-02-13 14:15:00+05:30,45600.7,45600.7,45451.6,45492.45,0,0
2024-02-13 13:45:00+05:30,45609.0,45750.4,45541.7,45601.75,0,0
2024-02-13 13:15:00+05:30,45282.95,45633.3,45282.05,45611.55,0,0
2024-02-13 12:45:00+05:30,45072.4,45341.3,45050.6,45285.8,0,0
2024-02-13 12:15:00+05:30,45086.7,45108.4,44984.35,45070.6,0,0
2024-02-13 11:45:00+05:30,45211.8,45308.25,45082.7,45082.85,0,0
2024-02-13 11:15:00+05:30,45390.1,45390.1,45171.35,45206.4,0,0
2024-02-13 10:45:00+05:30,45402.6,45454.8,45342.15,45389.05,0,0
2024-02-13 10:15:00+05:30,45403.95,45461.95,45326.45,45413.55,0,0
2024-02-13 09:45:00+05:30,45141.3,45442.85,45085.15,45402.5,0,0
2024-02-13 09:15:00+05:30,45056.8,45183.0,44819.55,45139.25,0,0
2024-02-12 15:15:00+05:30,44838.7,44933.5,44807.95,44883.25,0,0
2024-02-12 14:45:00+05:30,44848.75,44996.75,44781.05,44838.7,0,0
2024-02-12 14:15:00+05:30,44937.95,44968.7,44785.35,44849.45,0,0
2024-02-12 13:45:00+05:30,44795.45,44958.45,44633.85,44939.1,0,0
2024-02-12 13:15:00+05:30,44750.85,44862.5,44673.35,44791.3,0,0
2024-02-12 12:45:00+05:30,45030.7,45042.9,44651.0,44745.85,0,0
2024-02-12 12:15:00+05:30,45051.25,45096.0,44958.9,45027.5,0,0
2024-02-12 11:45:00+05:30,45261.25,45276.5,44988.25,45050.95,0,0
2024-02-12 11:15:00+05:30,45334.85,45346.4,45242.65,45259.2,0,0
2024-02-12 10:45:00+05:30,45226.6,45345.65,45197.25,45334.8,0,0
2024-02-12 10:15:00+05:30,45376.5,45403.7,45146.3,45228.1,0,0
2024-02-12 09:45:00+05:30,45487.9,45508.65,45337.0,45376.35,0,0
2024-02-12 09:15:00+05:30,45664.3,45748.5,45473.85,45483.95,0,0
2024-02-09 15:15:00+05:30,45617.7,45718.15,45608.4,45698.6,0,0
2024-02-09 14:45:00+05:30,45629.3,45676.75,45547.05,45617.05,0,0
2024-02-09 14:15:00+05:30,45364.65,45717.5,45346.0,45626.6,0,0
2024-02-09 13:45:00+05:30,45334.85,45400.45,45278.0,45360.95,0,0
2024-02-09 13:15:00+05:30,45456.35,45464.4,45263.9,45331.9,0,0
2024-02-09 12:45:00+05:30,45405.0,45466.0,45300.55,45455.6,0,0
2024-02-09 12:15:00+05:30,45387.95,45481.7,45364.7,45404.65,0,0
2024-02-09 11:45:00+05:30,45378.55,45457.9,45345.5,45387.5,0,0
2024-02-09 11:15:00+05:30,45167.95,45488.9,45113.2,45376.25,0,0
2024-02-09 10:45:00+05:30,45232.65,45275.9,45052.9,45166.15,0,0
2024-02-09 10:15:00+05:30,45347.65,45349.95,45175.65,45234.0,0,0
2024-02-09 09:45:00+05:30,45119.75,45352.5,44995.7,45348.0,0,0
2024-02-09 09:15:00+05:30,44986.75,45236.1,44859.15,45125.3,0,0
2024-02-08 15:15:00+05:30,44986.2,45108.7,44948.9,45105.2,0,0
2024-02-08 14:45:00+05:30,45154.1,45184.85,44893.75,44979.85,0,0
2024-02-08 14:15:00+05:30,45376.75,45416.05,45084.65,45154.0,0,0
2024-02-08 13:45:00+05:30,45486.3,45505.8,45360.55,45373.9,0,0
2024-02-08 13:15:00+05:30,45460.7,45533.65,45424.8,45484.15,0,0
2024-02-08 12:45:00+05:30,45440.9,45501.65,45408.5,45457.5,0,0
2024-02-08 12:15:00+05:30,45479.4,45499.65,45331.75,45443.55,0,0
2024-02-08 11:45:00+05:30,45361.25,45517.2,45332.6,45481.25,0,0
2024-02-08 11:15:00+05:30,45398.25,45459.85,45324.3,45360.4,0,0
2024-02-08 10:45:00+05:30,45854.05,45956.85,45227.2,45405.0,0,0
2024-02-08 10:15:00+05:30,46023.05,46051.3,45829.9,45852.45,0,0
2024-02-08 09:45:00+05:30,46013.9,46181.2,45921.4,46020.6,0,0
2024-02-08 09:15:00+05:30,45973.85,46108.65,45941.65,46010.7,0,0
2024-02-07 15:15:00+05:30,45839.85,45939.25,45787.9,45905.8,0,0
2024-02-07 14:45:00+05:30,45776.65,45848.05,45754.6,45848.05,0,0
2024-02-07 14:15:00+05:30,45785.85,45846.8,45735.0,45775.8,0,0
2024-02-07 13:45:00+05:30,45771.3,45814.75,45708.0,45778.55,0,0
2024-02-07 13:15:00+05:30,45717.7,45821.1,45680.9,45773.55,0,0
2024-02-07 12:45:00+05:30,45719.15,45747.55,45670.65,45717.15,0,0
2024-02-07 12:15:00+05:30,45710.25,45756.35,45682.45,45718.55,0,0
2024-02-07 11:45:00+05:30,45678.25,45760.1,45649.75,45709.6,0,0
2024-02-07 11:15:00+05:30,45855.55,45858.8,45620.5,45680.05,0,0
2024-02-07 10:45:00+05:30,45826.7,45887.85,45793.5,45856.85,0,0
2024-02-07 10:15:00+05:30,45874.05,45901.85,45787.3,45828.45,0,0
2024-02-07 09:45:00+05:30,45927.6,45958.15,45802.65,45875.4,0,0
2024-02-07 09:15:00+05:30,45944.6,46062.85,45888.4,45930.1,0,0
2024-02-06 15:15:00+05:30,45671.15,45784.1,45644.8,45781.35,0,0
2024-02-06 14:45:00+05:30,45717.95,45717.95,45595.0,45669.0,0,0
2024-02-06 14:15:00+05:30,45623.8,45734.3,45575.6,45715.55,0,0
2024-02-06 13:45:00+05:30,45694.35,45751.9,45582.65,45619.65,0,0
2024-02-06 13:15:00+05:30,45704.9,45764.3,45571.25,45692.8,0,0
2024-02-06 12:45:00+05:30,45738.6,45794.85,45661.25,45702.45,0,0
2024-02-06 12:15:00+05:30,45792.2,45801.75,45649.95,45734.3,0,0
2024-02-06 11:45:00+05:30,45708.6,45869.55,45672.6,45793.1,0,0
2024-02-06 11:15:00+05:30,45615.4,45763.15,45576.25,45707.15,0,0
2024-02-06 10:45:00+05:30,45607.85,45655.6,45570.85,45612.55,0,0
2024-02-06 10:15:00+05:30,45729.15,45744.0,45527.0,45601.55,0,0
2024-02-06 09:45:00+05:30,45717.7,45785.45,45693.65,45729.7,0,0
2024-02-06 09:15:00+05:30,45891.2,45932.15,45592.2,45724.05,0,0
2024-02-05 15:15:00+05:30,45835.1,45864.35,45745.7,45754.0,0,0
2024-02-05 14:45:00+05:30,45779.85,45931.25,45710.3,45834.9,0,0
2024-02-05 14:15:00+05:30,45933.75,45957.05,45745.8,45783.0,0,0
2024-02-05 13:45:00+05:30,45914.35,46008.85,45844.9,45932.0,0,0
2024-02-05 13:15:00+05:30,45983.9,46008.65,45897.3,45916.95,0,0
2024-02-05 12:45:00+05:30,45949.95,46048.6,45937.1,45986.2,0,0
2024-02-05 12:15:00+05:30,45910.15,45963.7,45870.05,45953.2,0,0
2024-02-05 11:45:00+05:30,45831.4,45977.65,45811.75,45911.15,0,0
2024-02-05 11:15:00+05:30,45874.75,45945.05,45826.75,45826.75,0,0
2024-02-05 10:45:00+05:30,45828.45,45883.2,45770.95,45879.5,0,0
2024-02-05 10:15:00+05:30,45904.45,45935.8,45747.75,45828.2,0,0
2024-02-05 09:45:00+05:30,45805.15,46040.05,45779.95,45904.6,0,0
2024-02-05 09:15:00+05:30,45962.25,45974.7,45615.1,45794.3,0,0
