"instrument_key","exchange_token","tradingsymbol","name","last_price","expiry","strike","tick_size","lot_size","instrument_type","option_type","exchange"
"MCX_INDEX|MCXBULLDEX","",,"MCXBULLDEX","15632.41","",,"",,"INDEX",,"MCX_INDEX"
"MCX_FO|432993","432993","ALUMINI24SEPFUT","ALUMINIUM","215.8","2024-09-30","0","5.0","1","FUTCOM","FF","MCX_FO"
"MCX_FO|435355","435355","GOLDGUINEA24SEPFUT","GOLD","55788.0","2024-09-30","0","100.0","8","FUTCOM","FF","MCX_FO"
"MCX_FO|430388","430388","KAPAS25APRFUT","KAPAS","1480.0","2025-04-30","0","50.0","4","FUTCOM","FF","MCX_FO"
"MCX_FO|426468","426468","GOLD24DECFUT","GOLD","69153.0","2024-12-05","0","100.0","1","FUTCOM","FF","MCX_FO"
"MCX_FO|430399","430399","GOLDPETAL24JULFUT","GOLD","6720.0","2024-07-31","0","100.0","1","FUTCOM","FF","MCX_FO"
"MCX_FO|433350","433350","SILVER25MAYFUT","SILVER","87099.0","2025-05-05","0","100.0","30","FUTCOM","FF","MCX_FO"
"MCX_FO|429107","429107","ZINC24JULFUT","ZINC","254.55","2024-07-31","0","5.0","5","FUTCOM","FF","MCX_FO"
"MCX_FO|426280","426280","GOLD24OCTFUT","GOLD","68630.0","2024-10-04","0","100.0","1","FUTCOM","FF","MCX_FO"
"MCX_FO|435487","435487","GOLDM24SEPFUT","GOLD","68399.0","2024-09-05","0","100.0","100","FUTCOM","FF","MCX_FO"
"MCX_FO|430393","430393","LEAD24AUGFUT","LEAD","186.9","2024-08-30","0","5.0","5","FUTCOM","FF","MCX_FO"
"MCX_FO|436080","436080","NATURALGAS24DECFUT","NATURALGAS","188.2","2024-12-26","0","10.0","1250","FUTCOM","FF","MCX_FO"
"MCX_FO|432293","432293","CRUDEOIL24OCTFUT","CRUDE OIL","6409.0","2024-10-21","0","100.0","100","FUTCOM","FF","MCX_FO"
"MCX_FO|430269","430269","NATGASMINI24SEPFUT","NATURALGAS","185.8","2024-09-25","0","10.0","250","FUTCOM","FF","MCX_FO"
"MCX_FO|428306","428306","MENTHAOIL24JULFUT","MENTHAOIL","919.9","2024-07-31","0","10.0","360","FUTCOM","FF","MCX_FO"
"MCX_FO|431876","431876","GOLD25APRFUT","GOLD","69115.0","2025-04-04","0","100.0","1","FUTCOM","FF","MCX_FO"
"MCX_FO|436244","436244","GOLDGUINEA24OCTFUT","GOLD","55793.0","2024-10-31","0","100.0","8","FUTCOM","FF","MCX_FO"
"MCX_FO|432985","432985","LEAD24SEPFUT","LEAD","186.45","2024-09-30","0","5.0","5","FUTCOM","FF","MCX_FO"
"MCX_FO|430068","430068","KAPAS25FEBFUT","KAPAS","1460.0","2025-02-28","0","50.0","4","FUTCOM","FF","MCX_FO"
"MCX_FO|435349","435349","LEAD24OCTFUT","LEAD","167.85","2024-10-31","0","5.0","5","FUTCOM","FF","MCX_FO"
"MCX_FO|435351","435351","ZINC24OCTFUT","ZINC","241.6","2024-10-31","0","5.0","5","FUTCOM","FF","MCX_FO"
"MCX_FO|436953","436953","CRUDEOIL25JANFUT","CRUDE OIL","6182.0","2025-01-17","0","100.0","100","FUTCOM","FF","MCX_FO"
"MCX_FO|435823","435823","CRUDEOIL24DECFUT","CRUDE OIL","6259.0","2024-12-18","0","100.0","100","FUTCOM","FF","MCX_FO"
"MCX_FO|433828","433828","MCXBULLDEX24AUGFUT","MCXBULLDEX","0.0","2024-08-27","0","100.0","50","FUTCOM","FF","MCX_FO"
"MCX_FO|429030","429030","NATGASMINI24AUGFUT","NATURALGAS","174.1","2024-08-27","0","10.0","250","FUTCOM","FF","MCX_FO"
"MCX_FO|430394","430394","NICKEL24AUGFUT","NICKEL","1327.5","2024-08-30","0","10.0","1500","FUTCOM","FF","MCX_FO"
"MCX_FO|435347","435347","ALUMINI24OCTFUT","ALUMINIUM","221.8","2024-10-31","0","5.0","1","FUTCOM","FF","MCX_FO"
"MCX_FO|429815","429815","SILVER25MARFUT","SILVER","86002.0","2025-03-05","0","100.0","30","FUTCOM","FF","MCX_FO"
"MCX_FO|435353","435353","NICKEL24OCTFUT","NICKEL","1327.5","2024-10-31","0","10.0","1500","FUTCOM","FF","MCX_FO"
"MCX_FO|429816","429816","SILVERM25FEBFUT","SILVER","86212.0","2025-02-28","0","100.0","5","FUTCOM","FF","MCX_FO"
"MCX_FO|428750","428750","GOLD25FEBFUT","GOLD","68719.0","2025-02-05","0","100.0","1","FUTCOM","FF","MCX_FO"
"MCX_FO|433091","433091","GOLDM24AUGFUT","GOLD","68173.0","2024-08-05","0","100.0","100","FUTCOM","FF","MCX_FO"
"MCX_FO|435698","435698","MCXMETLDEX24SEPFUT","MCXMETLDEX","0.0","2024-09-19","0","100.0","50","FUTCOM","FF","MCX_FO"
"MCX_FO|430106","430106","CRUDEOIL24SEPFUT","CRUDE OIL","6409.0","2024-09-19","0","100.0","100","FUTCOM","FF","MCX_FO"
"MCX_FO|436238","436238","LEADMINI24NOVFUT","LEAD","176.5","2024-11-29","0","5.0","1","FUTCOM","FF","MCX_FO"
"MCX_FO|435354","435354","STEELREBAR24OCTFUT","STEELREBAR","66330.0","2024-10-31","0","1000.0","5","FUTCOM","FF","MCX_FO"
"MCX_FO|432983","432983","COPPER24SEPFUT","COPPER","801.9","2024-09-30","0","5.0","2500","FUTCOM","FF","MCX_FO"
"MCX_FO|432990","432990","GOLDGUINEA24AUGFUT","GOLD","55597.0","2024-08-30","0","100.0","8","FUTCOM","FF","MCX_FO"
"MCX_FO|436239","436239","LEAD24NOVFUT","LEAD","159.7","2024-11-29","0","5.0","5","FUTCOM","FF","MCX_FO"
"MCX_FO|429104","429104","LEAD24JULFUT","LEAD","194.0","2024-07-31","0","5.0","5","FUTCOM","FF","MCX_FO"
"MCX_FO|430107","430107","CRUDEOILM24SEPFUT","CRUDE OIL","6408.0","2024-09-19","0","100.0","10","FUTCOM","FF","MCX_FO"
"MCX_FO|436952","436952","MCXBULLDEX24OCTFUT","MCXBULLDEX","0.0","2024-10-25","0","100.0","50","FUTCOM","FF","MCX_FO"
"MCX_FO|435098","435098","NATGASMINI24NOVFUT","NATURALGAS","186.5","2024-11-25","0","10.0","250","FUTCOM","FF","MCX_FO"
"MCX_FO|430391","430391","COPPER24AUGFUT","COPPER","796.65","2024-08-30","0","5.0","2500","FUTCOM","FF","MCX_FO"
"MCX_FO|430398","430398","GOLDGUINEA24JULFUT","GOLD","56014.0","2024-07-31","0","100.0","8","FUTCOM","FF","MCX_FO"
"MCX_FO|428870","428870","CRUDEOILM24AUGFUT","CRUDE OIL","6479.0","2024-08-19","0","100.0","10","FUTCOM","FF","MCX_FO"
"MCX_FO|428869","428869","CRUDEOIL24AUGFUT","CRUDE OIL","6478.0","2024-08-19","0","100.0","100","FUTCOM","FF","MCX_FO"
"MCX_FO|437799","437799","NATGASMINI25JANFUT","NATURALGAS","0.0","2025-01-28","0","10.0","250","FUTCOM","FF","MCX_FO"
"MCX_FO|429101","429101","ALUMINIUM24JULFUT","ALUMINIUM","210.35","2024-07-31","0","5.0","5","FUTCOM","FF","MCX_FO"
"MCX_FO|435345","435345","MENTHAOIL24NOVFUT","MENTHAOIL","970.0","2024-11-29","0","10.0","360","FUTCOM","FF","MCX_FO"
"MCX_FO|435097","435097","NATURALGAS24NOVFUT","NATURALGAS","185.0","2024-11-25","0","10.0","1250","FUTCOM","FF","MCX_FO"
"MCX_FO|436243","436243","ZINCMINI24NOVFUT","ZINC","242.85","2024-11-29","0","5.0","1","FUTCOM","FF","MCX_FO"
"MCX_FO|436245","436245","GOLDPETAL24OCTFUT","GOLD","6888.0","2024-10-31","0","100.0","1","FUTCOM","FF","MCX_FO"
"MCX_FO|432294","432294","CRUDEOILM24OCTFUT","CRUDE OIL","6358.0","2024-10-21","0","100.0","10","FUTCOM","FF","MCX_FO"
"MCX_FO|436581","436581","SILVERM25JUNFUT","SILVER","88812.0","2025-06-30","0","100.0","5","FUTCOM","FF","MCX_FO"
"MCX_FO|430067","430067","KAPAS24NOVFUT","KAPAS","1440.0","2024-11-29","0","50.0","4","FUTCOM","FF","MCX_FO"
"MCX_FO|430392","430392","LEADMINI24AUGFUT","LEAD","186.95","2024-08-30","0","5.0","1","FUTCOM","FF","MCX_FO"
"MCX_FO|426265","426265","SILVER24SEPFUT","SILVER","81371.0","2024-09-05","0","100.0","30","FUTCOM","FF","MCX_FO"
"MCX_FO|426308","426308","SILVERMIC24AUGFUT","SILVER","81481.0","2024-08-30","0","100.0","1","FUTCOM","FF","MCX_FO"
"MCX_FO|430268","430268","NATURALGAS24SEPFUT","NATURALGAS","185.4","2024-09-25","0","10.0","1250","FUTCOM","FF","MCX_FO"
"MCX_FO|426467","426467","SILVER24DECFUT","SILVER","83497.0","2024-12-05","0","100.0","30","FUTCOM","FF","MCX_FO"
"MCX_FO|434272","434272","CRUDEOILM24NOVFUT","CRUDE OIL","6346.0","2024-11-19","0","100.0","10","FUTCOM","FF","MCX_FO"
"MCX_FO|436236","436236","ALUMINIUM24NOVFUT","ALUMINIUM","225.95","2024-11-29","0","5.0","5","FUTCOM","FF","MCX_FO"
"MCX_FO|430396","430396","ZINCMINI24AUGFUT","ZINC","252.3","2024-08-30","0","5.0","1","FUTCOM","FF","MCX_FO"
"MCX_FO|432989","432989","ZINCMINI24SEPFUT","ZINC","250.9","2024-09-30","0","5.0","1","FUTCOM","FF","MCX_FO"
"MCX_FO|436237","436237","COPPER24NOVFUT","COPPER","827.65","2024-11-29","0","5.0","2500","FUTCOM","FF","MCX_FO"
"MCX_FO|430525","430525","COTTONCNDY24JULFUT","COTTONCNDY","55300.0","2024-07-31","0","1000.0","48","FUTCOM","FF","MCX_FO"
"MCX_FO|433351","433351","SILVERM25APRFUT","SILVER","87653.0","2025-04-30","0","100.0","5","FUTCOM","FF","MCX_FO"
"MCX_FO|435346","435346","ALUMINIUM24OCTFUT","ALUMINIUM","221.3","2024-10-31","0","5.0","5","FUTCOM","FF","MCX_FO"
"MCX_FO|436242","436242","ZINC24NOVFUT","ZINC","236.55","2024-11-29","0","5.0","5","FUTCOM","FF","MCX_FO"
"MCX_FO|436954","436954","CRUDEOILM25JANFUT","CRUDE OIL","6203.0","2025-01-17","0","100.0","10","FUTCOM","FF","MCX_FO"
"MCX_FO|435356","435356","GOLDPETAL24SEPFUT","GOLD","6828.0","2024-09-30","0","100.0","1","FUTCOM","FF","MCX_FO"
"MCX_FO|436580","436580","SILVER25JULFUT","SILVER","88529.0","2025-07-04","0","100.0","30","FUTCOM","FF","MCX_FO"
"MCX_FO|426267","426267","SILVERM24AUGFUT","SILVER","81482.0","2024-08-30","0","100.0","5","FUTCOM","FF","MCX_FO"
"MCX_FO|426266","426266","GOLD24AUGFUT","GOLD","68186.0","2024-08-05","0","100.0","1","FUTCOM","FF","MCX_FO"
"MCX_FO|429029","429029","NATURALGAS24AUGFUT","NATURALGAS","173.7","2024-08-27","0","10.0","1250","FUTCOM","FF","MCX_FO"
"MCX_FO|432127","432127","COTTONCNDY24SEPFUT","COTTONCNDY","56730.0","2024-09-30","0","1000.0","48","FUTCOM","FF","MCX_FO"
"MCX_FO|430395","430395","STEELREBAR24AUGFUT","STEELREBAR","60670.0","2024-08-30","0","1000.0","5","FUTCOM","FF","MCX_FO"
"MCX_FO|432988","432988","ZINC24SEPFUT","ZINC","250.95","2024-09-30","0","5.0","5","FUTCOM","FF","MCX_FO"
"MCX_FO|435348","435348","COPPER24OCTFUT","COPPER","807.8","2024-10-31","0","5.0","2500","FUTCOM","FF","MCX_FO"
"MCX_FO|436401","436401","GOLDM24OCTFUT","GOLD","68719.0","2024-10-04","0","100.0","100","FUTCOM","FF","MCX_FO"
"MCX_FO|435824","435824","CRUDEOILM24DECFUT","CRUDE OIL","6276.0","2024-12-18","0","100.0","10","FUTCOM","FF","MCX_FO"
"MCX_FO|432984","432984","LEADMINI24SEPFUT","LEAD","186.8","2024-09-30","0","5.0","1","FUTCOM","FF","MCX_FO"
"MCX_FO|433056","433056","MENTHAOIL24OCTFUT","MENTHAOIL","960.0","2024-10-31","0","10.0","360","FUTCOM","FF","MCX_FO"
"MCX_FO|430390","430390","ALUMINIUM24AUGFUT","ALUMINIUM","212.5","2024-08-30","0","5.0","5","FUTCOM","FF","MCX_FO"
"MCX_FO|430389","430389","ALUMINI24AUGFUT","ALUMINIUM","213.95","2024-08-30","0","5.0","1","FUTCOM","FF","MCX_FO"
"MCX_FO|429109","429109","MENTHAOIL24AUGFUT","MENTHAOIL","968.3","2024-08-30","0","10.0","360","FUTCOM","FF","MCX_FO"
"MCX_FO|433323","433323","MCXMETLDEX24AUGFUT","MCXMETLDEX","0.0","2024-08-21","0","100.0","50","FUTCOM","FF","MCX_FO"
"MCX_FO|429102","429102","COPPER24JULFUT","COPPER","788.6","2024-07-31","0","5.0","2500","FUTCOM","FF","MCX_FO"
"MCX_FO|429103","429103","NICKEL24JULFUT","NICKEL","1327.5","2024-07-31","0","10.0","1500","FUTCOM","FF","MCX_FO"
"MCX_FO|435690","435690","COTTONCNDY25JANFUT","COTTONCNDY","55000.0","2025-01-31","0","1000.0","12","FUTCOM","FF","MCX_FO"
"MCX_FO|437800","437800","NATURALGAS25JANFUT","NATURALGAS","0.0","2025-01-28","0","10.0","1250","FUTCOM","FF","MCX_FO"
"MCX_FO|429106","429106","ZINCMINI24JULFUT","ZINC","258.7","2024-07-31","0","5.0","1","FUTCOM","FF","MCX_FO"
"MCX_FO|435350","435350","LEADMINI24OCTFUT","LEAD","179.4","2024-10-31","0","5.0","1","FUTCOM","FF","MCX_FO"
"MCX_FO|435352","435352","ZINCMINI24OCTFUT","ZINC","245.9","2024-10-31","0","5.0","1","FUTCOM","FF","MCX_FO"
"MCX_FO|432992","432992","ALUMINIUM24SEPFUT","ALUMINIUM","214.75","2024-09-30","0","5.0","5","FUTCOM","FF","MCX_FO"
"MCX_FO|435697","435697","GOLD25JUNFUT","GOLD","69539.0","2025-06-05","0","100.0","1","FUTCOM","FF","MCX_FO"
"MCX_FO|432804","432804","NATGASMINI24OCTFUT","NATURALGAS","223.5","2024-10-28","0","10.0","250","FUTCOM","FF","MCX_FO"
"MCX_FO|436037","436037","MCXBULLDEX24SEPFUT","MCXBULLDEX","0.0","2024-09-24","0","100.0","50","FUTCOM","FF","MCX_FO"
"MCX_FO|436235","436235","ALUMINI24NOVFUT","ALUMINIUM","225.9","2024-11-29","0","5.0","1","FUTCOM","FF","MCX_FO"
"MCX_FO|436081","436081","NATGASMINI24DECFUT","NATURALGAS","190.0","2024-12-26","0","10.0","250","FUTCOM","FF","MCX_FO"
"MCX_FO|430397","430397","ZINC24AUGFUT","ZINC","252.2","2024-08-30","0","5.0","5","FUTCOM","FF","MCX_FO"
"MCX_FO|429105","429105","LEADMINI24JULFUT","LEAD","188.6","2024-07-31","0","5.0","1","FUTCOM","FF","MCX_FO"
"MCX_FO|435357","435357","SILVERMIC25FEBFUT","SILVER","86257.0","2025-02-28","0","100.0","1","FUTCOM","FF","MCX_FO"
"MCX_FO|426307","426307","SILVERM24NOVFUT","SILVER","83652.0","2024-11-29","0","100.0","5","FUTCOM","FF","MCX_FO"
"MCX_FO|432986","432986","NICKEL24SEPFUT","NICKEL","1327.5","2024-09-30","0","10.0","1500","FUTCOM","FF","MCX_FO"
"MCX_FO|432987","432987","STEELREBAR24SEPFUT","STEELREBAR","63500.0","2024-09-30","0","1000.0","5","FUTCOM","FF","MCX_FO"
"MCX_FO|429116","429116","SILVERMIC24NOVFUT","SILVER","83689.0","2024-11-29","0","100.0","1","FUTCOM","FF","MCX_FO"
"MCX_FO|435689","435689","COTTONCNDY24NOVFUT","COTTONCNDY","58000.0","2024-11-29","0","1000.0","12","FUTCOM","FF","MCX_FO"
"MCX_FO|430387","430387","MENTHAOIL24SEPFUT","MENTHAOIL","982.0","2024-09-30","0","10.0","360","FUTCOM","FF","MCX_FO"
"MCX_FO|432803","432803","NATURALGAS24OCTFUT","NATURALGAS","223.6","2024-10-28","0","10.0","1250","FUTCOM","FF","MCX_FO"
"MCX_FO|436234","436234","MENTHAOIL24DECFUT","MENTHAOIL","980.0","2024-12-31","0","10.0","360","FUTCOM","FF","MCX_FO"
"MCX_FO|436241","436241","STEELREBAR24NOVFUT","STEELREBAR","68980.0","2024-11-29","0","1000.0","5","FUTCOM","FF","MCX_FO"
"MCX_FO|436578","436578","MCXMETLDEX24OCTFUT","MCXMETLDEX","0.0","2024-10-22","0","100.0","50","FUTCOM","FF","MCX_FO"
"MCX_FO|436240","436240","NICKEL24NOVFUT","NICKEL","1327.5","2024-11-29","0","10.0","1500","FUTCOM","FF","MCX_FO"
"MCX_FO|429100","429100","ALUMINI24JULFUT","ALUMINIUM","210.85","2024-07-31","0","5.0","1","FUTCOM","FF","MCX_FO"
"MCX_FO|429108","429108","STEELREBAR24JULFUT","STEELREBAR","57930.0","2024-07-31","0","1000.0","5","FUTCOM","FF","MCX_FO"
"MCX_FO|432991","432991","GOLDPETAL24AUGFUT","GOLD","6771.0","2024-08-30","0","100.0","1","FUTCOM","FF","MCX_FO"
"MCX_FO|434271","434271","CRUDEOIL24NOVFUT","CRUDE OIL","6334.0","2024-11-19","0","100.0","100","FUTCOM","FF","MCX_FO"
"MCX_FO|428794","428794","GOLD25JAN63600CE","GOLD","7735.5","2025-01-27","63600","50.0","1","FUTCOM","CE","MCX_FO"
"MCX_FO|435537","435537","GOLDM24AUG74800CE","GOLD","252.0","2024-08-27","74800","50.0","100","FUTCOM","CE","MCX_FO"
"MCX_FO|434895","434895","CRUDEOILM24AUG6450CE","CRUDE OIL","174.95","2024-08-14","6450","5.0","10","FUTCOM","CE","MCX_FO"
"MCX_FO|433239","433239","ZINC24AUG282.5CE","ZINC","0.03","2024-08-21","282.5","1.0","5","FUTCOM","CE","MCX_FO"
"MCX_FO|429957","429957","SILVER25FEB87250PE","SILVER","8807.5","2025-02-24","87250","50.0","30","FUTCOM","PE","MCX_FO"
"MCX_FO|428972","428972","GOLD25JAN65600CE","GOLD","6598.5","2025-01-27","65600","50.0","1","FUTCOM","CE","MCX_FO"
"MCX_FO|434128","434128","SILVERM24AUG96750CE","SILVER","82.0","2024-08-21","96750","50.0","5","FUTCOM","CE","MCX_FO"
"MCX_FO|431858","431858","SILVERM24NOV93000CE","SILVER","2654.5","2024-11-20","93000","50.0","5","FUTCOM","CE","MCX_FO"
"MCX_FO|437288","437288","GOLD25MAY69100CE","GOLD","6505.5","2025-05-27","69100","50.0","1","FUTCOM","CE","MCX_FO"
"MCX_FO|437656","437656","GOLDM24AUG65800PE","GOLD","1202.5","2024-08-27","65800","50.0","100","FUTCOM","PE","MCX_FO"
"MCX_FO|433634","433634","SILVERM25APR94250CE","SILVER","6415.0","2025-04-21","94250","50.0","5","FUTCOM","CE","MCX_FO"
"MCX_FO|435496","435496","GOLDM24AUG71800CE","GOLD","689.5","2024-08-27","71800","50.0","100","FUTCOM","CE","MCX_FO"
"MCX_FO|434652","434652","SILVER24NOV103000PE","SILVER","20192.5","2024-11-26","103000","50.0","30","FUTCOM","PE","MCX_FO"
"MCX_FO|435692","435692","GOLDM24AUG68900CE","GOLD","1557.5","2024-08-27","68900","50.0","100","FUTCOM","CE","MCX_FO"
"MCX_FO|434065","434065","SILVER24NOV97500PE","SILVER","15606.0","2024-11-26","97500","50.0","30","FUTCOM","PE","MCX_FO"
"MCX_FO|435549","435549","GOLDM24AUG71500PE","GOLD","4473.5","2024-08-27","71500","50.0","100","FUTCOM","PE","MCX_FO"
"MCX_FO|433632","433632","SILVERM25APR93750CE","SILVER","6585.0","2025-04-21","93750","50.0","5","FUTCOM","CE","MCX_FO"
"MCX_FO|437718","437718","SILVER25APR81250PE","SILVER","6258.5","2025-04-24","81250","50.0","30","FUTCOM","PE","MCX_FO"
"MCX_FO|436896","436896","NATGASMINI24AUG110CE","NATURALGAS","65.75","2024-08-23","110","5.0","250","FUTCOM","CE","MCX_FO"
"MCX_FO|437687","437687","SILVER25APR81000CE","SILVER","11934.5","2025-04-24","81000","50.0","30","FUTCOM","CE","MCX_FO"
"MCX_FO|431185","431185","GOLD25JAN73200PE","GOLD","7671.5","2025-01-27","73200","50.0","1","FUTCOM","PE","MCX_FO"
"MCX_FO|437542","437542","CRUDEOILM24SEP5150CE","CRUDE OIL","1330.0","2024-09-17","5150","5.0","10","FUTCOM","CE","MCX_FO"
"MCX_FO|429898","429898","SILVER25FEB85000CE","SILVER","8554.5","2025-02-24","85000","50.0","30","FUTCOM","CE","MCX_FO"
"MCX_FO|436492","436492","GOLDM24SEP70900PE","GOLD","4460.5","2024-09-24","70900","50.0","100","FUTCOM","PE","MCX_FO"
"MCX_FO|436683","436683","SILVER25JUN102000PE","SILVER","18435.5","2025-06-25","102000","50.0","30","FUTCOM","PE","MCX_FO"
"MCX_FO|431011","431011","SILVERM25FEB92500CE","SILVER","5313.5","2025-02-19","92500","50.0","5","FUTCOM","CE","MCX_FO"
"MCX_FO|433685","433685","SILVERM25APR87250PE","SILVER","7973.5","2025-04-21","87250","50.0","5","FUTCOM","PE","MCX_FO"
"MCX_FO|436147","436147","NATURALGAS24SEP290PE","NATURALGAS","102.95","2024-09-23","290","5.0","1250","FUTCOM","PE","MCX_FO"
"MCX_FO|433628","433628","SILVERM25APR92750CE","SILVER","6935.5","2025-04-21","92750","50.0","5","FUTCOM","CE","MCX_FO"
"MCX_FO|437089","437089","SILVERM25JUN92500CE","SILVER","9208.5","2025-06-19","92500","50.0","5","FUTCOM","CE","MCX_FO"
"MCX_FO|426761","426761","SILVER24AUG72250PE","SILVER","444.0","2024-08-27","72250","50.0","30","FUTCOM","PE","MCX_FO"
"MCX_FO|435632","435632","NATURALGAS24AUG320CE","NATURALGAS","0.05","2024-08-23","320","5.0","1250","FUTCOM","CE","MCX_FO"
"MCX_FO|436725","436725","SILVERM25JUN94000CE","SILVER","8677.5","2025-06-19","94000","50.0","5","FUTCOM","CE","MCX_FO"
"MCX_FO|437299","437299","GOLD25MAY69500PE","GOLD","6296.5","2025-05-27","69500","50.0","1","FUTCOM","PE","MCX_FO"
"MCX_FO|426973","426973","SILVERM24NOV82000PE","SILVER","5027.0","2024-11-20","82000","50.0","5","FUTCOM","PE","MCX_FO"
"MCX_FO|426739","426739","SILVER24AUG77750PE","SILVER","1691.5","2024-08-27","77750","50.0","30","FUTCOM","PE","MCX_FO"
"MCX_FO|427936","427936","SILVER24NOV70500PE","SILVER","1440.5","2024-11-26","70500","50.0","30","FUTCOM","PE","MCX_FO"
"MCX_FO|433416","433416","GOLD25JAN77000PE","GOLD","10277.5","2025-01-27","77000","50.0","1","FUTCOM","PE","MCX_FO"
"MCX_FO|433406","433406","GOLD24NOV76500PE","GOLD","9178.0","2024-11-26","76500","50.0","1","FUTCOM","PE","MCX_FO"
"MCX_FO|436735","436735","SILVERM25JUN102250CE","SILVER","6204.0","2025-06-19","102250","50.0","5","FUTCOM","CE","MCX_FO"
"MCX_FO|434062","434062","SILVER24AUG98750PE","SILVER","17397.0","2024-08-27","98750","50.0","30","FUTCOM","PE","MCX_FO"
"MCX_FO|435498","435498","GOLDM24AUG71600CE","GOLD","733.0","2024-08-27","71600","50.0","100","FUTCOM","CE","MCX_FO"
"MCX_FO|426682","426682","GOLD24SEP66000PE","GOLD","534.5","2024-09-24","66000","50.0","1","FUTCOM","PE","MCX_FO"
"MCX_FO|436970","436970","CRUDEOIL24OCT6200CE","CRUDE OIL","288.4","2024-10-17","6200","10.0","100","FUTCOM","CE","MCX_FO"
"MCX_FO|435769","435769","GOLD25MAY70400PE","GOLD","6769.5","2025-05-27","70400","50.0","1","FUTCOM","PE","MCX_FO"
"MCX_FO|434246","434246","SILVERM25APR102500PE","SILVER","17398.5","2025-04-21","102500","50.0","5","FUTCOM","PE","MCX_FO"
"MCX_FO|433529","433529","SILVER25FEB98500PE","SILVER","15994.0","2025-02-24","98500","50.0","30","FUTCOM","PE","MCX_FO"
"MCX_FO|429746","429746","GOLD24NOV70200PE","GOLD","4821.0","2024-11-26","70200","50.0","1","FUTCOM","PE","MCX_FO"
"MCX_FO|433530","433530","SILVER25FEB98750PE","SILVER","16174.5","2025-02-24","98750","50.0","30","FUTCOM","PE","MCX_FO"
"MCX_FO|430910","430910","SILVERM25FEB89500CE","SILVER","6360.0","2025-02-19","89500","50.0","5","FUTCOM","CE","MCX_FO"
"MCX_FO|432019","432019","GOLD25MAR75000PE","GOLD","9120.5","2025-03-26","75000","50.0","1","FUTCOM","PE","MCX_FO"
"MCX_FO|433639","433639","SILVERM25APR95500CE","SILVER","6006.0","2025-04-21","95500","50.0","5","FUTCOM","CE","MCX_FO"
"MCX_FO|435560","435560","GOLDM24AUG70400PE","GOLD","3667.0","2024-08-27","70400","50.0","100","FUTCOM","PE","MCX_FO"
"MCX_FO|431971","431971","GOLD25JAN75400PE","GOLD","9140.5","2025-01-27","75400","50.0","1","FUTCOM","PE","MCX_FO"
"MCX_FO|434150","434150","SILVERM24NOV100250CE","SILVER","1320.0","2024-11-20","100250","50.0","5","FUTCOM","CE","MCX_FO"
"MCX_FO|434649","434649","SILVER24NOV102250PE","SILVER","19547.0","2024-11-26","102250","50.0","30","FUTCOM","PE","MCX_FO"
"MCX_FO|426473","426473","GOLD24SEP63500CE","GOLD","5481.5","2024-09-24","63500","50.0","1","FUTCOM","CE","MCX_FO"
"MCX_FO|434317","434317","CRUDEOIL24AUG5950CE","CRUDE OIL","622.5","2024-08-14","5950","10.0","100","FUTCOM","CE","MCX_FO"
"MCX_FO|426939","426939","SILVERM24NOV79250PE","SILVER","3806.5","2024-11-20","79250","50.0","5","FUTCOM","PE","MCX_FO"
"MCX_FO|428287","428287","GOLD24SEP59400PE","GOLD","360.0","2024-09-24","59400","50.0","1","FUTCOM","PE","MCX_FO"
"MCX_FO|431129","431129","GOLD25JAN74200CE","GOLD","3039.0","2025-01-27","74200","50.0","1","FUTCOM","CE","MCX_FO"
"MCX_FO|433546","433546","SILVER25APR87500PE","SILVER","9273.5","2025-04-24","87500","50.0","30","FUTCOM","PE","MCX_FO"
"MCX_FO|426835","426835","SILVERM24AUG83500CE","SILVER","1488.5","2024-08-21","83500","50.0","5","FUTCOM","CE","MCX_FO"
"MCX_FO|434845","434845","SILVERM25FEB105250PE","SILVER","20653.0","2025-02-19","105250","50.0","5","FUTCOM","PE","MCX_FO"
"MCX_FO|437117","437117","CRUDEOILM24OCT5700CE","CRUDE OIL","724.8","2024-10-17","5700","5.0","10","FUTCOM","CE","MCX_FO"
"MCX_FO|437040","437040","CRUDEOIL24OCT5300PE","CRUDE OIL","0.3","2024-10-17","5300","10.0","100","FUTCOM","PE","MCX_FO"
"MCX_FO|426534","426534","GOLD24SEP63300CE","GOLD","5623.5","2024-09-24","63300","50.0","1","FUTCOM","CE","MCX_FO"
"MCX_FO|429951","429951","SILVER25FEB85750PE","SILVER","8003.5","2025-02-24","85750","50.0","30","FUTCOM","PE","MCX_FO"
"MCX_FO|436998","436998","CRUDEOIL24OCT6950CE","CRUDE OIL","24.2","2024-10-17","6950","10.0","100","FUTCOM","CE","MCX_FO"
"MCX_FO|426812","426812","SILVERM24AUG72000CE","SILVER","9659.0","2024-08-21","72000","50.0","5","FUTCOM","CE","MCX_FO"
"MCX_FO|437626","437626","GOLD25MAY67000PE","GOLD","5078.0","2025-05-27","67000","50.0","1","FUTCOM","PE","MCX_FO"
"MCX_FO|436300","436300","ZINC24OCT252.5PE","ZINC","26.39","2024-10-22","252.5","1.0","5","FUTCOM","PE","MCX_FO"
"MCX_FO|436299","436299","ZINC24OCT255PE","ZINC","27.94","2024-10-22","255","1.0","5","FUTCOM","PE","MCX_FO"
"MCX_FO|430864","430864","SILVER25FEB90750CE","SILVER","6257.0","2025-02-24","90750","50.0","30","FUTCOM","CE","MCX_FO"
"MCX_FO|436490","436490","GOLDM24SEP71100PE","GOLD","4594.5","2024-09-24","71100","50.0","100","FUTCOM","PE","MCX_FO"
"MCX_FO|437140","437140","CRUDEOILM24OCT7300CE","CRUDE OIL","30.2","2024-10-17","7300","5.0","10","FUTCOM","CE","MCX_FO"
"MCX_FO|437491","437491","SILVER25JUN90000PE","SILVER","11019.5","2025-06-25","90000","50.0","30","FUTCOM","PE","MCX_FO"
"MCX_FO|426849","426849","SILVERM24NOV76750CE","SILVER","9616.5","2024-11-20","76750","50.0","5","FUTCOM","CE","MCX_FO"
"MCX_FO|427707","427707","SILVER24NOV71750CE","SILVER","13186.5","2024-11-26","71750","50.0","30","FUTCOM","CE","MCX_FO"
"MCX_FO|434136","434136","SILVERM24NOV96750CE","SILVER","1865.5","2024-11-20","96750","50.0","5","FUTCOM","CE","MCX_FO"
"MCX_FO|430742","430742","GOLD24SEP72300CE","GOLD","1303.5","2024-09-24","72300","50.0","1","FUTCOM","CE","MCX_FO"
"MCX_FO|436596","436596","GOLDM24SEP76300PE","GOLD","8660.0","2024-09-24","76300","50.0","100","FUTCOM","PE","MCX_FO"
"MCX_FO|435365","435365","COPPER24SEP895CE","COPPER","2.44","2024-09-19","895","1.0","2500","FUTCOM","CE","MCX_FO"
"MCX_FO|434451","434451","GOLD24SEP77000PE","GOLD","9489.5","2024-09-24","77000","50.0","1","FUTCOM","PE","MCX_FO"
"MCX_FO|431952","431952","GOLD25MAR74700CE","GOLD","3599.0","2025-03-26","74700","50.0","1","FUTCOM","CE","MCX_FO"
"MCX_FO|437331","437331","GOLDM24AUG68700CE","GOLD","1638.5","2024-08-27","68700","50.0","100","FUTCOM","CE","MCX_FO"
"MCX_FO|429732","429732","GOLD24SEP69300PE","GOLD","3693.0","2024-09-24","69300","50.0","1","FUTCOM","PE","MCX_FO"
"MCX_FO|435831","435831","CRUDEOIL24AUG7900CE","CRUDE OIL","0.1","2024-08-14","7900","10.0","100","FUTCOM","CE","MCX_FO"
"MCX_FO|437212","437212","CRUDEOIL24OCT5200CE","CRUDE OIL","1189.5","2024-10-17","5200","10.0","100","FUTCOM","CE","MCX_FO"
"MCX_FO|435930","435930","CRUDEOIL24SEP7800PE","CRUDE OIL","1294.9","2024-09-17","7800","10.0","100","FUTCOM","PE","MCX_FO"
"MCX_FO|437518","437518","SILVERM25JUN88000CE","SILVER","10967.5","2025-06-19","88000","50.0","5","FUTCOM","CE","MCX_FO"
"MCX_FO|436974","436974","CRUDEOIL24OCT6000CE","CRUDE OIL","437.4","2024-10-17","6000","10.0","100","FUTCOM","CE","MCX_FO"
"MCX_FO|436267","436267","COPPER24OCT830PE","COPPER","44.32","2024-10-22","830","1.0","2500","FUTCOM","PE","MCX_FO"
"MCX_FO|435979","435979","CRUDEOILM24SEP7700CE","CRUDE OIL","0.75","2024-09-17","7700","5.0","10","FUTCOM","CE","MCX_FO"
"MCX_FO|427307","427307","SILVER24NOV77250PE","SILVER","3364.0","2024-11-26","77250","50.0","30","FUTCOM","PE","MCX_FO"
"MCX_FO|434746","434746","SILVERM24NOV104500CE","SILVER","850.5","2024-11-20","104500","50.0","5","FUTCOM","CE","MCX_FO"
"MCX_FO|434024","434024","SILVER25APR102750CE","SILVER","4159.5","2025-04-24","102750","50.0","30","FUTCOM","CE","MCX_FO"
"MCX_FO|436119","436119","NATURALGAS24SEP300CE","NATURALGAS","0.2","2024-09-23","300","5.0","1250","FUTCOM","CE","MCX_FO"
"MCX_FO|427232","427232","GOLD24NOV65100PE","GOLD","2342.5","2024-11-26","65100","50.0","1","FUTCOM","PE","MCX_FO"
"MCX_FO|434462","434462","GOLD25JAN78200PE","GOLD","11165.5","2025-01-27","78200","50.0","1","FUTCOM","PE","MCX_FO"
"MCX_FO|431127","431127","GOLD25JAN74000CE","GOLD","3099.0","2025-01-27","74000","50.0","1","FUTCOM","CE","MCX_FO"
"MCX_FO|427411","427411","SILVER24AUG85250PE","SILVER","5611.0","2024-08-27","85250","50.0","30","FUTCOM","PE","MCX_FO"
"MCX_FO|434053","434053","SILVER24AUG96500PE","SILVER","15230.5","2024-08-27","96500","50.0","30","FUTCOM","PE","MCX_FO"
"MCX_FO|435678","435678","NATURALGAS24AUG335PE","NATURALGAS","158.3","2024-08-23","335","5.0","1250","FUTCOM","PE","MCX_FO"
"MCX_FO|429207","429207","GOLD25JAN67800PE","GOLD","4601.0","2025-01-27","67800","50.0","1","FUTCOM","PE","MCX_FO"
"MCX_FO|436337","436337","NATURALGAS24SEP145CE","NATURALGAS","42.8","2024-09-23","145","5.0","1250","FUTCOM","CE","MCX_FO"
"MCX_FO|436881","436881","SILVERM25JUN108250CE","SILVER","4821.0","2025-06-19","108250","50.0","5","FUTCOM","CE","MCX_FO"
"MCX_FO|427384","427384","SILVERM24NOV86000CE","SILVER","4861.0","2024-11-20","86000","50.0","5","FUTCOM","CE","MCX_FO"
"MCX_FO|426915","426915","SILVERM24AUG78500PE","SILVER","922.5","2024-08-21","78500","50.0","5","FUTCOM","PE","MCX_FO"
"MCX_FO|434905","434905","CRUDEOILM24AUG5950CE","CRUDE OIL","617.9","2024-08-14","5950","5.0","10","FUTCOM","CE","MCX_FO"
"MCX_FO|426771","426771","SILVER24AUG80000PE","SILVER","1593.0","2024-08-27","80000","50.0","30","FUTCOM","PE","MCX_FO"
"MCX_FO|433484","433484","SILVER25APR86500CE","SILVER","9317.0","2025-04-24","86500","50.0","30","FUTCOM","CE","MCX_FO"
"MCX_FO|426832","426832","SILVERM24AUG82750CE","SILVER","2311.5","2024-08-21","82750","50.0","5","FUTCOM","CE","MCX_FO"
"MCX_FO|426862","426862","SILVERM24NOV73500CE","SILVER","11820.5","2024-11-20","73500","50.0","5","FUTCOM","CE","MCX_FO"
"MCX_FO|427931","427931","SILVER24NOV70750CE","SILVER","13939.0","2024-11-26","70750","50.0","30","FUTCOM","CE","MCX_FO"
"MCX_FO|426916","426916","SILVERM24AUG78750PE","SILVER","1701.5","2024-08-21","78750","50.0","5","FUTCOM","PE","MCX_FO"
"MCX_FO|433909","433909","GOLD24NOV77200PE","GOLD","9733.0","2024-11-26","77200","50.0","1","FUTCOM","PE","MCX_FO"
"MCX_FO|434468","434468","GOLD25MAR78500PE","GOLD","11534.5","2025-03-26","78500","50.0","1","FUTCOM","PE","MCX_FO"
"MCX_FO|427884","427884","SILVERM24NOV71250CE","SILVER","13497.5","2024-11-20","71250","50.0","5","FUTCOM","CE","MCX_FO"
"MCX_FO|436451","436451","GOLDM24SEP73900CE","GOLD","862.0","2024-09-24","73900","50.0","100","FUTCOM","CE","MCX_FO"
"MCX_FO|431155","431155","GOLD24SEP73100PE","GOLD","6275.0","2024-09-24","73100","50.0","1","FUTCOM","PE","MCX_FO"
"MCX_FO|436174","436174","NATGASMINI24SEP270CE","NATURALGAS","1.1","2024-09-23","270","5.0","250","FUTCOM","CE","MCX_FO"
"MCX_FO|426708","426708","SILVER24AUG73000CE","SILVER","8826.0","2024-08-27","73000","50.0","30","FUTCOM","CE","MCX_FO"
"MCX_FO|427281","427281","SILVER24NOV82000CE","SILVER","6859.0","2024-11-26","82000","50.0","30","FUTCOM","CE","MCX_FO"
"MCX_FO|431968","431968","GOLD24NOV75100PE","GOLD","8106.0","2024-11-26","75100","50.0","1","FUTCOM","PE","MCX_FO"
"MCX_FO|435093","435093","NATURALGAS24AUG240CE","NATURALGAS","0.9","2024-08-23","240","5.0","1250","FUTCOM","CE","MCX_FO"
"MCX_FO|427265","427265","SILVER24NOV75250CE","SILVER","10733.0","2024-11-26","75250","50.0","30","FUTCOM","CE","MCX_FO"
"MCX_FO|437149","437149","CRUDEOILM24OCT7750CE","CRUDE OIL","7.65","2024-10-17","7750","5.0","10","FUTCOM","CE","MCX_FO"
"MCX_FO|430930","430930","SILVERM24NOV87500PE","SILVER","8058.0","2024-11-20","87500","50.0","5","FUTCOM","PE","MCX_FO"
"MCX_FO|436022","436022","CRUDEOILM24SEP7300PE","CRUDE OIL","804.65","2024-09-17","7300","5.0","10","FUTCOM","PE","MCX_FO"
"MCX_FO|435734","435734","GOLD25MAY73200CE","GOLD","4902.5","2025-05-27","73200","50.0","1","FUTCOM","CE","MCX_FO"
"MCX_FO|437695","437695","SILVER25JUN84500CE","SILVER","11997.0","2025-06-25","84500","50.0","30","FUTCOM","CE","MCX_FO"
"MCX_FO|426956","426956","SILVERM24NOV75000PE","SILVER","2315.5","2024-11-20","75000","50.0","5","FUTCOM","PE","MCX_FO"
"MCX_FO|434984","434984","CRUDEOILM24AUG7450PE","CRUDE OIL","877.8","2024-08-14","7450","5.0","10","FUTCOM","PE","MCX_FO"
"MCX_FO|437529","437529","SILVERM25JUN89500PE","SILVER","10998.0","2025-06-19","89500","50.0","5","FUTCOM","PE","MCX_FO"
"MCX_FO|437115","437115","CRUDEOILM24OCT5800CE","CRUDE OIL","641.75","2024-10-17","5800","5.0","10","FUTCOM","CE","MCX_FO"
"MCX_FO|437564","437564","COPPER24SEP765PE","COPPER","11.0","2024-09-19","765","1.0","2500","FUTCOM","PE","MCX_FO"
"MCX_FO|426546","426546","GOLD24SEP62100CE","GOLD","6513.0","2024-09-24","62100","50.0","1","FUTCOM","CE","MCX_FO"
"MCX_FO|428406","428406","GOLD24NOV57700CE","GOLD","10945.0","2024-11-26","57700","50.0","1","FUTCOM","CE","MCX_FO"
"MCX_FO|435877","435877","CRUDEOIL24SEP7700CE","CRUDE OIL","1.1","2024-09-17","7700","10.0","100","FUTCOM","CE","MCX_FO"
"MCX_FO|435475","435475","COPPER24SEP850PE","COPPER","57.58","2024-09-19","850","1.0","2500","FUTCOM","PE","MCX_FO"
"MCX_FO|437858","437858","NATURALGAS24OCT290PE","NATURALGAS","0.0","2024-10-24","290","5.0","1250","FUTCOM","PE","MCX_FO"
"MCX_FO|434059","434059","SILVER24AUG98000PE","SILVER","16671.0","2024-08-27","98000","50.0","30","FUTCOM","PE","MCX_FO"
"MCX_FO|434068","434068","SILVER24NOV98250PE","SILVER","16209.5","2024-11-26","98250","50.0","30","FUTCOM","PE","MCX_FO"
"MCX_FO|434268","434268","CRUDEOIL24AUG6600PE","CRUDE OIL","222.1","2024-08-14","6600","10.0","100","FUTCOM","PE","MCX_FO"
"MCX_FO|427321","427321","SILVER24NOV73750PE","SILVER","2231.5","2024-11-26","73750","50.0","30","FUTCOM","PE","MCX_FO"
"MCX_FO|426836","426836","SILVERM24AUG83750CE","SILVER","1927.5","2024-08-21","83750","50.0","5","FUTCOM","CE","MCX_FO"
"MCX_FO|435136","435136","NATURALGAS24AUG195PE","NATURALGAS","26.35","2024-08-23","195","5.0","1250","FUTCOM","PE","MCX_FO"
"MCX_FO|426952","426952","SILVERM24NOV76000PE","SILVER","2624.0","2024-11-20","76000","50.0","5","FUTCOM","PE","MCX_FO"
"MCX_FO|435910","435910","CRUDEOIL24SEP6800PE","CRUDE OIL","372.9","2024-09-17","6800","10.0","100","FUTCOM","PE","MCX_FO"
"MCX_FO|430671","430671","SILVERM24AUG85500CE","SILVER","950.5","2024-08-21","85500","50.0","5","FUTCOM","CE","MCX_FO"
"MCX_FO|428856","428856","GOLD25JAN64800PE","GOLD","3259.0","2025-01-27","64800","50.0","1","FUTCOM","PE","MCX_FO"
"MCX_FO|431595","431595","GOLD24SEP74600CE","GOLD","808.0","2024-09-24","74600","50.0","1","FUTCOM","CE","MCX_FO"
"MCX_FO|433292","433292","COPPER24AUG930CE","COPPER","0.01","2024-08-21","930","1.0","2500","FUTCOM","CE","MCX_FO"
"MCX_FO|426859","426859","SILVERM24NOV74250CE","SILVER","11288.5","2024-11-20","74250","50.0","5","FUTCOM","CE","MCX_FO"
"MCX_FO|436535","436535","GOLDM24SEP70300PE","GOLD","4069.5","2024-09-24","70300","50.0","100","FUTCOM","PE","MCX_FO"
"MCX_FO|436415","436415","GOLD25MAY77100PE","GOLD","10814.0","2025-05-27","77100","50.0","1","FUTCOM","PE","MCX_FO"
"MCX_FO|436396","436396","CRUDEOILM24AUG8200PE","CRUDE OIL","1624.65","2024-08-14","8200","5.0","10","FUTCOM","PE","MCX_FO"
"MCX_FO|435366","435366","COPPER24SEP900CE","COPPER","2.1","2024-09-19","900","1.0","2500","FUTCOM","CE","MCX_FO"
"MCX_FO|434878","434878","ZINC24AUG295CE","ZINC","0.01","2024-08-21","295","1.0","5","FUTCOM","CE","MCX_FO"
"MCX_FO|434237","434237","SILVERM25FEB101750PE","SILVER","17911.5","2025-02-19","101750","50.0","5","FUTCOM","PE","MCX_FO"
"MCX_FO|426908","426908","SILVERM24AUG73000PE","SILVER","366.5","2024-08-21","73000","50.0","5","FUTCOM","PE","MCX_FO"
"MCX_FO|437076","437076","SILVER25JUN93750PE","SILVER","13156.0","2025-06-25","93750","50.0","30","FUTCOM","PE","MCX_FO"
"MCX_FO|431944","431944","GOLD25MAR73900CE","GOLD","3849.5","2025-03-26","73900","50.0","1","FUTCOM","CE","MCX_FO"
"MCX_FO|437357","437357","GOLDM24SEP68700CE","GOLD","2457.5","2024-09-24","68700","50.0","100","FUTCOM","CE","MCX_FO"
"MCX_FO|437333","437333","GOLDM24AUG68500CE","GOLD","962.5","2024-08-27","68500","50.0","100","FUTCOM","CE","MCX_FO"
"MCX_FO|429738","429738","GOLD24SEP69900PE","GOLD","4056.0","2024-09-24","69900","50.0","1","FUTCOM","PE","MCX_FO"
"MCX_FO|433466","433466","SILVER25APR91000CE","SILVER","7530.5","2025-04-24","91000","50.0","30","FUTCOM","CE","MCX_FO"
"MCX_FO|434846","434846","SILVERM25FEB105500PE","SILVER","20853.5","2025-02-19","105500","50.0","5","FUTCOM","PE","MCX_FO"
"MCX_FO|435616","435616","GOLDM24AUG69700CE","GOLD","1263.5","2024-08-27","69700","50.0","100","FUTCOM","CE","MCX_FO"
"MCX_FO|428165","428165","GOLD24SEP60200PE","GOLD","465.5","2024-09-24","60200","50.0","1","FUTCOM","PE","MCX_FO"
"MCX_FO|436277","436277","COPPER24OCT885PE","COPPER","80.89","2024-10-22","885","1.0","2500","FUTCOM","PE","MCX_FO"
"MCX_FO|428419","428419","GOLD24SEP58800PE","GOLD","294.0","2024-09-24","58800","50.0","1","FUTCOM","PE","MCX_FO"
"MCX_FO|430059","430059","SILVERM25FEB85250PE","SILVER","7239.5","2025-02-19","85250","50.0","5","FUTCOM","PE","MCX_FO"
"MCX_FO|427328","427328","SILVER24NOV81250PE","SILVER","5036.0","2024-11-26","81250","50.0","30","FUTCOM","PE","MCX_FO"
"MCX_FO|433662","433662","SILVERM24NOV94750PE","SILVER","13104.0","2024-11-20","94750","50.0","5","FUTCOM","PE","MCX_FO"
"MCX_FO|433766","433766","SILVER25APR101000CE","SILVER","4558.0","2025-04-24","101000","50.0","30","FUTCOM","CE","MCX_FO"
"MCX_FO|433341","433341","SILVERM24NOV94250CE","SILVER","2365.0","2024-11-20","94250","50.0","5","FUTCOM","CE","MCX_FO"
"MCX_FO|428827","428827","GOLD25JAN61400PE","GOLD","2066.0","2025-01-27","61400","50.0","1","FUTCOM","PE","MCX_FO"
"MCX_FO|436884","436884","SILVERM25JUN109000CE","SILVER","4669.0","2025-06-19","109000","50.0","5","FUTCOM","CE","MCX_FO"
"MCX_FO|427029","427029","GOLD24NOV64300PE","GOLD","2048.5","2024-11-26","64300","50.0","1","FUTCOM","PE","MCX_FO"
"MCX_FO|431393","431393","SILVERM24AUG89000PE","SILVER","8076.5","2024-08-21","89000","50.0","5","FUTCOM","PE","MCX_FO"
"MCX_FO|436222","436222","COPPER24AUG800PE","COPPER","17.76","2024-08-21","800","1.0","2500","FUTCOM","PE","MCX_FO"
"MCX_FO|433013","433013","COPPER24AUG865PE","COPPER","69.14","2024-08-21","865","1.0","2500","FUTCOM","PE","MCX_FO"
"MCX_FO|428978","428978","GOLD25JAN65500PE","GOLD","3548.0","2025-01-27","65500","50.0","1","FUTCOM","PE","MCX_FO"
"MCX_FO|435057","435057","CRUDEOILM24AUG5200CE","CRUDE OIL","1363.7","2024-08-14","5200","5.0","10","FUTCOM","CE","MCX_FO"
"MCX_FO|437605","437605","GOLD25MAR67100PE","GOLD","4665.5","2025-03-26","67100","50.0","1","FUTCOM","PE","MCX_FO"
"MCX_FO|429595","429595","GOLD25JAN69400PE","GOLD","5426.0","2025-01-27","69400","50.0","1","FUTCOM","PE","MCX_FO"
"MCX_FO|435811","435811","GOLD25MAY75100CE","GOLD","4276.0","2025-05-27","75100","50.0","1","FUTCOM","CE","MCX_FO"
"MCX_FO|436146","436146","NATURALGAS24SEP285PE","NATURALGAS","98.05","2024-09-23","285","5.0","1250","FUTCOM","PE","MCX_FO"
"MCX_FO|437447","437447","GOLDM24SEP67800PE","GOLD","2644.0","2024-09-24","67800","50.0","100","FUTCOM","PE","MCX_FO"
"MCX_FO|435765","435765","GOLD25MAY70800PE","GOLD","6985.5","2025-05-27","70800","50.0","1","FUTCOM","PE","MCX_FO"
"MCX_FO|437551","437551","COPPER24SEP770CE","COPPER","42.57","2024-09-19","770","1.0","2500","FUTCOM","CE","MCX_FO"
"MCX_FO|430868","430868","SILVER25FEB91750CE","SILVER","5913.5","2025-02-24","91750","50.0","30","FUTCOM","CE","MCX_FO"
"MCX_FO|434800","434800","SILVERM24AUG99250PE","SILVER","17749.0","2024-08-21","99250","50.0","5","FUTCOM","PE","MCX_FO"
"MCX_FO|428830","428830","GOLD25JAN61100PE","GOLD","1977.0","2025-01-27","61100","50.0","1","FUTCOM","PE","MCX_FO"
"MCX_FO|433397","433397","GOLD25MAR77500CE","GOLD","2824.5","2025-03-26","77500","50.0","1","FUTCOM","CE","MCX_FO"
"MCX_FO|435794","435794","GOLD25MAY74200PE","GOLD","8955.5","2025-05-27","74200","50.0","1","FUTCOM","PE","MCX_FO"
"MCX_FO|434903","434903","CRUDEOILM24AUG6050CE","CRUDE OIL","520.55","2024-08-14","6050","5.0","10","FUTCOM","CE","MCX_FO"
"MCX_FO|436341","436341","CRUDEOILM24AUG8100CE","CRUDE OIL","0.05","2024-08-14","8100","5.0","10","FUTCOM","CE","MCX_FO"
"MCX_FO|433819","433819","SILVERM25APR100500PE","SILVER","15983.5","2025-04-21","100500","50.0","5","FUTCOM","PE","MCX_FO"
"MCX_FO|427163","427163","GOLD24NOV62100CE","GOLD","7507.0","2024-11-26","62100","50.0","1","FUTCOM","CE","MCX_FO"
"MCX_FO|436358","436358","CRUDEOILM24SEP8150PE","CRUDE OIL","1638.75","2024-09-17","8150","5.0","10","FUTCOM","PE","MCX_FO"
"MCX_FO|427722","427722","SILVERM24AUG70250CE","SILVER","11275.5","2024-08-21","70250","50.0","5","FUTCOM","CE","MCX_FO"
"MCX_FO|434841","434841","SILVERM25FEB104250PE","SILVER","19856.5","2025-02-19","104250","50.0","5","FUTCOM","PE","MCX_FO"
"MCX_FO|434094","434094","SILVER25APR101750PE","SILVER","18276.5","2025-04-24","101750","50.0","30","FUTCOM","PE","MCX_FO"
"MCX_FO|437817","437817","NATURALGAS24OCT235CE","NATURALGAS","0.0","2024-10-24","235","5.0","1250","FUTCOM","CE","MCX_FO"
"MCX_FO|433802","433802","SILVERM25APR100000CE","SILVER","4710.0","2025-04-21","100000","50.0","5","FUTCOM","CE","MCX_FO"
"MCX_FO|437415","437415","GOLDM24AUG68400PE","GOLD","2403.0","2024-08-27","68400","50.0","100","FUTCOM","PE","MCX_FO"
"MCX_FO|427210","427210","GOLD24NOV62800PE","GOLD","1564.5","2024-11-26","62800","50.0","1","FUTCOM","PE","MCX_FO"
"MCX_FO|436614","436614","SILVER25JUN96750CE","SILVER","7286.5","2025-06-25","96750","50.0","30","FUTCOM","CE","MCX_FO"
"MCX_FO|436985","436985","CRUDEOIL24OCT5450CE","CRUDE OIL","944.5","2024-10-17","5450","10.0","100","FUTCOM","CE","MCX_FO"
"MCX_FO|436307","436307","ZINC24OCT267.5PE","ZINC","36.31","2024-10-22","267.5","1.0","5","FUTCOM","PE","MCX_FO"
"MCX_FO|433045","433045","ZINC24AUG250PE","ZINC","5.12","2024-08-21","250","1.0","5","FUTCOM","PE","MCX_FO"
"MCX_FO|434396","434396","CRUDEOIL24AUG7450PE","CRUDE OIL","875.3","2024-08-14","7450","10.0","100","FUTCOM","PE","MCX_FO"
"MCX_FO|432777","432777","GOLD25MAR68700CE","GOLD","5840.0","2025-03-26","68700","50.0","1","FUTCOM","CE","MCX_FO"
"MCX_FO|428782","428782","GOLD25JAN60900CE","GOLD","9460.5","2025-01-27","60900","50.0","1","FUTCOM","CE","MCX_FO"
"MCX_FO|429562","429562","GOLD25JAN69500CE","GOLD","4726.5","2025-01-27","69500","50.0","1","FUTCOM","CE","MCX_FO"
"MCX_FO|435511","435511","GOLDM24AUG70300CE","GOLD","1071.5","2024-08-27","70300","50.0","100","FUTCOM","CE","MCX_FO"
"MCX_FO|427320","427320","SILVER24NOV74000PE","SILVER","2302.5","2024-11-26","74000","50.0","30","FUTCOM","PE","MCX_FO"
"MCX_FO|436630","436630","SILVER25JUN101250CE","SILVER","6007.0","2025-06-25","101250","50.0","30","FUTCOM","CE","MCX_FO"
"MCX_FO|435167","435167","SILVER25FEB108500CE","SILVER","2129.0","2025-02-24","108500","50.0","30","FUTCOM","CE","MCX_FO"
"MCX_FO|427220","427220","GOLD24NOV61800PE","GOLD","1289.0","2024-11-26","61800","50.0","1","FUTCOM","PE","MCX_FO"
"MCX_FO|430995","430995","SILVER24NOV90000PE","SILVER","10058.0","2024-11-26","90000","50.0","30","FUTCOM","PE","MCX_FO"
"MCX_FO|436558","436558","GOLDM24AUG76000PE","GOLD","8350.5","2024-08-27","76000","50.0","100","FUTCOM","PE","MCX_FO"
"MCX_FO|436364","436364","COPPER24OCT900CE","COPPER","11.5","2024-10-22","900","1.0","2500","FUTCOM","CE","MCX_FO"
"MCX_FO|428845","428845","GOLD25JAN63700PE","GOLD","2835.5","2025-01-27","63700","50.0","1","FUTCOM","PE","MCX_FO"
"MCX_FO|430781","430781","GOLD24SEP71300PE","GOLD","4971.0","2024-09-24","71300","50.0","1","FUTCOM","PE","MCX_FO"
"MCX_FO|436761","436761","SILVERM25JUN97500PE","SILVER","15688.5","2025-06-19","97500","50.0","5","FUTCOM","PE","MCX_FO"
"MCX_FO|436153","436153","NATURALGAS24SEP320PE","NATURALGAS","132.35","2024-09-23","320","5.0","1250","FUTCOM","PE","MCX_FO"
"MCX_FO|429601","429601","GOLD25JAN70000PE","GOLD","5754.0","2025-01-27","70000","50.0","1","FUTCOM","PE","MCX_FO"
"MCX_FO|428784","428784","GOLD25JAN60700CE","GOLD","9596.5","2025-01-27","60700","50.0","1","FUTCOM","CE","MCX_FO"
"MCX_FO|437714","437714","SILVER25APR82250PE","SILVER","6698.0","2025-04-24","82250","50.0","30","FUTCOM","PE","MCX_FO"
"MCX_FO|436136","436136","NATURALGAS24SEP180PE","NATURALGAS","12.5","2024-09-23","180","5.0","1250","FUTCOM","PE","MCX_FO"
"MCX_FO|433783","433783","SILVER25APR99500PE","SILVER","16685.5","2025-04-24","99500","50.0","30","FUTCOM","PE","MCX_FO"
"MCX_FO|434834","434834","SILVERM25FEB102500PE","SILVER","18488.0","2025-02-19","102500","50.0","5","FUTCOM","PE","MCX_FO"
"MCX_FO|433631","433631","SILVERM25APR93500CE","SILVER","6671.0","2025-04-21","93500","50.0","5","FUTCOM","CE","MCX_FO"
"MCX_FO|426760","426760","SILVER24AUG72500PE","SILVER","477.0","2024-08-27","72500","50.0","30","FUTCOM","PE","MCX_FO"
"MCX_FO|435205","435205","ZINC24AUG300CE","ZINC","0.01","2024-08-21","300","1.0","5","FUTCOM","CE","MCX_FO"
"MCX_FO|431803","431803","GOLD24SEP75600CE","GOLD","647.5","2024-09-24","75600","50.0","1","FUTCOM","CE","MCX_FO"
"MCX_FO|437175","437175","CRUDEOILM24OCT5400PE","CRUDE OIL","11.0","2024-10-17","5400","5.0","10","FUTCOM","PE","MCX_FO"
"MCX_FO|431402","431402","SILVERM25FEB94000PE","SILVER","12372.0","2025-02-19","94000","50.0","5","FUTCOM","PE","MCX_FO"
"MCX_FO|437833","437833","NATURALGAS24OCT210PE","NATURALGAS","0.0","2024-10-24","210","5.0","1250","FUTCOM","PE","MCX_FO"
"MCX_FO|436999","436999","CRUDEOIL24OCT7000CE","CRUDE OIL","19.4","2024-10-17","7000","10.0","100","FUTCOM","CE","MCX_FO"
"MCX_FO|437367","437367","GOLDM24SEP67700CE","GOLD","2922.0","2024-09-24","67700","50.0","100","FUTCOM","CE","MCX_FO"
"MCX_FO|436190","436190","NATGASMINI24SEP205PE","NATURALGAS","27.6","2024-09-23","205","5.0","250","FUTCOM","PE","MCX_FO"
"MCX_FO|435677","435677","NATURALGAS24AUG330PE","NATURALGAS","153.35","2024-08-23","330","5.0","1250","FUTCOM","PE","MCX_FO"
"MCX_FO|435996","435996","CRUDEOILM24SEP6250PE","CRUDE OIL","73.15","2024-09-17","6250","5.0","10","FUTCOM","PE","MCX_FO"
"MCX_FO|437226","437226","SILVERM25JUN91750CE","SILVER","9484.0","2025-06-19","91750","50.0","5","FUTCOM","CE","MCX_FO"
"MCX_FO|437531","437531","SILVERM25JUN89000PE","SILVER","10731.0","2025-06-19","89000","50.0","5","FUTCOM","PE","MCX_FO"
"MCX_FO|437530","437530","SILVERM25JUN89250PE","SILVER","10864.0","2025-06-19","89250","50.0","5","FUTCOM","PE","MCX_FO"
"MCX_FO|429909","429909","SILVER25FEB87750CE","SILVER","7385.0","2025-02-24","87750","50.0","30","FUTCOM","CE","MCX_FO"
"MCX_FO|429963","429963","SILVERM25FEB79500CE","SILVER","11041.5","2025-02-19","79500","50.0","5","FUTCOM","CE","MCX_FO"
"MCX_FO|436077","436077","NATURALGAS24SEP245PE","NATURALGAS","60.25","2024-09-23","245","5.0","1250","FUTCOM","PE","MCX_FO"
"MCX_FO|436863","436863","SILVER25JUN108500CE","SILVER","4361.0","2025-06-25","108500","50.0","30","FUTCOM","CE","MCX_FO"
"MCX_FO|437547","437547","CRUDEOILM24OCT5200PE","CRUDE OIL","4.1","2024-10-17","5200","5.0","10","FUTCOM","PE","MCX_FO"
"MCX_FO|437457","437457","GOLDM24SEP66800PE","GOLD","2171.0","2024-09-24","66800","50.0","100","FUTCOM","PE","MCX_FO"
"MCX_FO|436631","436631","SILVER25JUN101500CE","SILVER","5942.0","2025-06-25","101500","50.0","30","FUTCOM","CE","MCX_FO"
"MCX_FO|428849","428849","GOLD25JAN64100PE","GOLD","2985.0","2025-01-27","64100","50.0","1","FUTCOM","PE","MCX_FO"
"MCX_FO|430035","430035","SILVERM25FEB73750PE","SILVER","2708.5","2025-02-19","73750","50.0","5","FUTCOM","PE","MCX_FO"
"MCX_FO|427690","427690","SILVERM24NOV73000PE","SILVER","1774.0","2024-11-20","73000","50.0","5","FUTCOM","PE","MCX_FO"
"MCX_FO|429867","429867","SILVER25FEB81000CE","SILVER","10502.0","2025-02-24","81000","50.0","30","FUTCOM","CE","MCX_FO"
"MCX_FO|434227","434227","SILVERM25FEB99250PE","SILVER","16038.0","2025-02-19","99250","50.0","5","FUTCOM","PE","MCX_FO"
"MCX_FO|431685","431685","SILVERM24AUG91000PE","SILVER","9829.5","2024-08-21","91000","50.0","5","FUTCOM","PE","MCX_FO"
"MCX_FO|429873","429873","SILVER25FEB79500CE","SILVER","11310.0","2025-02-24","79500","50.0","30","FUTCOM","CE","MCX_FO"
"MCX_FO|437105","437105","CRUDEOILM24OCT6300CE","CRUDE OIL","302.35","2024-10-17","6300","5.0","10","FUTCOM","CE","MCX_FO"
"MCX_FO|436258","436258","COPPER24OCT860CE","COPPER","21.25","2024-10-22","860","1.0","2500","FUTCOM","CE","MCX_FO"
"MCX_FO|432450","432450","GOLD25MAR69400PE","GOLD","5805.5","2025-03-26","69400","50.0","1","FUTCOM","PE","MCX_FO"
"MCX_FO|437225","437225","SILVERM25JUN92000CE","SILVER","9391.5","2025-06-19","92000","50.0","5","FUTCOM","CE","MCX_FO"
"MCX_FO|433526","433526","SILVER24NOV95750PE","SILVER","14228.5","2024-11-26","95750","50.0","30","FUTCOM","PE","MCX_FO"
"MCX_FO|437857","437857","NATURALGAS24OCT285PE","NATURALGAS","0.0","2024-10-24","285","5.0","1250","FUTCOM","PE","MCX_FO"
"MCX_FO|431924","431924","GOLD25MAR71200CE","GOLD","4802.0","2025-03-26","71200","50.0","1","FUTCOM","CE","MCX_FO"
"MCX_FO|434339","434339","CRUDEOIL24AUG7100CE","CRUDE OIL","18.6","2024-08-14","7100","10.0","100","FUTCOM","CE","MCX_FO"
"MCX_FO|432154","432154","GOLD25JAN76000CE","GOLD","2538.0","2025-01-27","76000","50.0","1","FUTCOM","CE","MCX_FO"
"MCX_FO|434733","434733","SILVERM24NOV101250CE","SILVER","1192.5","2024-11-20","101250","50.0","5","FUTCOM","CE","MCX_FO"
"MCX_FO|429920","429920","SILVER25FEB80250PE","SILVER","5406.5","2025-02-24","80250","50.0","30","FUTCOM","PE","MCX_FO"
"MCX_FO|435162","435162","SILVER24NOV105000CE","SILVER","951.5","2024-11-26","105000","50.0","30","FUTCOM","CE","MCX_FO"
"MCX_FO|434638","434638","SILVER24AUG102250PE","SILVER","20820.0","2024-08-27","102250","50.0","30","FUTCOM","PE","MCX_FO"
"MCX_FO|430927","430927","SILVERM24AUG87000PE","SILVER","6354.0","2024-08-21","87000","50.0","5","FUTCOM","PE","MCX_FO"
"MCX_FO|431362","431362","SILVER24NOV91500PE","SILVER","11088.0","2024-11-26","91500","50.0","30","FUTCOM","PE","MCX_FO"
"MCX_FO|427393","427393","SILVER24AUG84500CE","SILVER","1195.0","2024-08-27","84500","50.0","30","FUTCOM","CE","MCX_FO"
"MCX_FO|431675","431675","SILVERM24NOV92000CE","SILVER","2907.0","2024-11-20","92000","50.0","5","FUTCOM","CE","MCX_FO"
"MCX_FO|430289","430289","GOLD25JAN71500PE","GOLD","6619.0","2025-01-27","71500","50.0","1","FUTCOM","PE","MCX_FO"
"MCX_FO|430947","430947","SILVERM25FEB91750PE","SILVER","10926.5","2025-02-19","91750","50.0","5","FUTCOM","PE","MCX_FO"
"MCX_FO|428786","428786","GOLD25JAN60500CE","GOLD","9734.0","2025-01-27","60500","50.0","1","FUTCOM","CE","MCX_FO"
"MCX_FO|436372","436372","GOLD25MAY76800CE","GOLD","3773.5","2025-05-27","76800","50.0","1","FUTCOM","CE","MCX_FO"
"MCX_FO|435588","435588","GOLDM24AUG74900PE","GOLD","7339.5","2024-08-27","74900","50.0","100","FUTCOM","PE","MCX_FO"
"MCX_FO|430669","430669","SILVER24AUG86000PE","SILVER","5530.5","2024-08-27","86000","50.0","30","FUTCOM","PE","MCX_FO"
"MCX_FO|435509","435509","GOLDM24AUG70500CE","GOLD","1013.0","2024-08-27","70500","50.0","100","FUTCOM","CE","MCX_FO"
"MCX_FO|433749","433749","SILVER24NOV96500CE","SILVER","2123.0","2024-11-26","96500","50.0","30","FUTCOM","CE","MCX_FO"
"MCX_FO|432999","432999","COPPER24AUG865CE","COPPER","0.5","2024-08-21","865","1.0","2500","FUTCOM","CE","MCX_FO"
"MCX_FO|436207","436207","NATGASMINI24SEP285PE","NATURALGAS","97.3","2024-09-23","285","5.0","250","FUTCOM","PE","MCX_FO"
"MCX_FO|437840","437840","NATURALGAS24OCT175PE","NATURALGAS","0.0","2024-10-24","175","5.0","1250","FUTCOM","PE","MCX_FO"
"MCX_FO|433794","433794","SILVERM24NOV96500CE","SILVER","1911.0","2024-11-20","96500","50.0","5","FUTCOM","CE","MCX_FO"
"MCX_FO|433509","433509","SILVER25APR96000CE","SILVER","5886.0","2025-04-24","96000","50.0","30","FUTCOM","CE","MCX_FO"
"MCX_FO|435139","435139","NATURALGAS24AUG180PE","NATURALGAS","15.9","2024-08-23","180","5.0","1250","FUTCOM","PE","MCX_FO"
"MCX_FO|432096","432096","SILVERM24AUG92250CE","SILVER","288.0","2024-08-21","92250","50.0","5","FUTCOM","CE","MCX_FO"
"MCX_FO|433684","433684","SILVERM25APR87500PE","SILVER","8099.5","2025-04-21","87500","50.0","5","FUTCOM","PE","MCX_FO"
"MCX_FO|433342","433342","SILVERM24NOV94500CE","SILVER","2310.5","2024-11-20","94500","50.0","5","FUTCOM","CE","MCX_FO"
"MCX_FO|435680","435680","ZINC24AUG232.5PE","ZINC","0.18","2024-08-21","232.5","1.0","5","FUTCOM","PE","MCX_FO"
"MCX_FO|430031","430031","SILVERM25FEB74750PE","SILVER","2998.5","2025-02-19","74750","50.0","5","FUTCOM","PE","MCX_FO"
"MCX_FO|434313","434313","CRUDEOIL24AUG6150CE","CRUDE OIL","434.6","2024-08-14","6150","10.0","100","FUTCOM","CE","MCX_FO"
"MCX_FO|436996","436996","CRUDEOIL24OCT6850CE","CRUDE OIL","36.8","2024-10-17","6850","10.0","100","FUTCOM","CE","MCX_FO"
"MCX_FO|437362","437362","GOLDM24SEP68200CE","GOLD","2683.0","2024-09-24","68200","50.0","100","FUTCOM","CE","MCX_FO"
"MCX_FO|431941","431941","GOLD25MAR73600CE","GOLD","3947.5","2025-03-26","73600","50.0","1","FUTCOM","CE","MCX_FO"
"MCX_FO|428167","428167","GOLD24NOV60700PE","GOLD","1028.0","2024-11-26","60700","50.0","1","FUTCOM","PE","MCX_FO"
"MCX_FO|426754","426754","SILVER24AUG74000PE","SILVER","716.0","2024-08-27","74000","50.0","30","FUTCOM","PE","MCX_FO"
"MCX_FO|429592","429592","GOLD24NOV69400PE","GOLD","4364.5","2024-11-26","69400","50.0","1","FUTCOM","PE","MCX_FO"
"MCX_FO|431560","431560","SILVERM24AUG90250PE","SILVER","9234.5","2024-08-21","90250","50.0","5","FUTCOM","PE","MCX_FO"
"MCX_FO|427901","427901","SILVERM24AUG69250CE","SILVER","12224.5","2024-08-21","69250","50.0","5","FUTCOM","CE","MCX_FO"
"MCX_FO|436126","436126","NATURALGAS24SEP230PE","NATURALGAS","47.0","2024-09-23","230","5.0","1250","FUTCOM","PE","MCX_FO"
"MCX_FO|436814","436814","GOLD25MAY78000PE","GOLD","11421.5","2025-05-27","78000","50.0","1","FUTCOM","PE","MCX_FO"
"MCX_FO|433604","433604","SILVERM25APR90500CE","SILVER","7781.0","2025-04-21","90500","50.0","5","FUTCOM","CE","MCX_FO"
"MCX_FO|437614","437614","GOLD25MAY68200PE","GOLD","5645.0","2025-05-27","68200","50.0","1","FUTCOM","PE","MCX_FO"
"MCX_FO|435688","435688","NATGASMINI24AUG335PE","NATURALGAS","158.0","2024-08-23","335","5.0","250","FUTCOM","PE","MCX_FO"
"MCX_FO|437691","437691","SILVER25JUN85500CE","SILVER","11538.0","2025-06-25","85500","50.0","30","FUTCOM","CE","MCX_FO"
"MCX_FO|433562","433562","SILVER25APR92750PE","SILVER","12274.5","2025-04-24","92750","50.0","30","FUTCOM","PE","MCX_FO"
"MCX_FO|434687","434687","SILVER25APR107500PE","SILVER","22575.0","2025-04-24","107500","50.0","30","FUTCOM","PE","MCX_FO"
"MCX_FO|433708","433708","SILVERM25APR95750PE","SILVER","12821.0","2025-04-21","95750","50.0","5","FUTCOM","PE","MCX_FO"
"MCX_FO|434814","434814","SILVERM24AUG102750PE","SILVER","21204.5","2024-08-21","102750","50.0","5","FUTCOM","PE","MCX_FO"
"MCX_FO|433762","433762","SILVER25APR100000CE","SILVER","4800.5","2025-04-24","100000","50.0","30","FUTCOM","CE","MCX_FO"
"MCX_FO|426563","426563","GOLD24SEP64100CE","GOLD","5068.5","2024-09-24","64100","50.0","1","FUTCOM","CE","MCX_FO"
"MCX_FO|435219","435219","NATGASMINI24AUG175CE","NATURALGAS","11.55","2024-08-23","175","5.0","250","FUTCOM","CE","MCX_FO"
"MCX_FO|428148","428148","SILVERM24NOV70000PE","SILVER","1137.0","2024-11-20","70000","50.0","5","FUTCOM","PE","MCX_FO"
"MCX_FO|436389","436389","NATURALGAS24AUG125CE","NATURALGAS","50.55","2024-08-23","125","5.0","1250","FUTCOM","CE","MCX_FO"
"MCX_FO|430048","430048","SILVERM25FEB82500PE","SILVER","5917.0","2025-02-19","82500","50.0","5","FUTCOM","PE","MCX_FO"
"MCX_FO|434381","434381","CRUDEOIL24AUG6700PE","CRUDE OIL","290.2","2024-08-14","6700","10.0","100","FUTCOM","PE","MCX_FO"
"MCX_FO|427982","427982","GOLD24SEP60700PE","GOLD","542.5","2024-09-24","60700","50.0","1","FUTCOM","PE","MCX_FO"
"MCX_FO|434348","434348","CRUDEOIL24AUG7550CE","CRUDE OIL","0.3","2024-08-14","7550","10.0","100","FUTCOM","CE","MCX_FO"
"MCX_FO|435887","435887","CRUDEOIL24SEP6400PE","CRUDE OIL","134.0","2024-09-17","6400","10.0","100","FUTCOM","PE","MCX_FO"
"MCX_FO|436976","436976","CRUDEOIL24OCT5900CE","CRUDE OIL","521.9","2024-10-17","5900","10.0","100","FUTCOM","CE","MCX_FO"
"MCX_FO|432099","432099","SILVERM24NOV93250CE","SILVER","2594.5","2024-11-20","93250","50.0","5","FUTCOM","CE","MCX_FO"
"MCX_FO|435224","435224","NATGASMINI24AUG255CE","NATURALGAS","0.05","2024-08-23","255","5.0","250","FUTCOM","CE","MCX_FO"
"MCX_FO|432062","432062","SILVER24NOV95250CE","SILVER","2373.0","2024-11-26","95250","50.0","30","FUTCOM","CE","MCX_FO"
"MCX_FO|436403","436403","GOLDM24SEP73200PE","GOLD","6114.0","2024-09-24","73200","50.0","100","FUTCOM","PE","MCX_FO"
"MCX_FO|435956","435956","CRUDEOILM24SEP5700CE","CRUDE OIL","789.4","2024-09-17","5700","5.0","10","FUTCOM","CE","MCX_FO"
"MCX_FO|437063","437063","CRUDEOIL24OCT7600PE","CRUDE OIL","1172.5","2024-10-17","7600","10.0","100","FUTCOM","PE","MCX_FO"
"MCX_FO|429918","429918","SILVER25FEB80750PE","SILVER","5619.0","2025-02-24","80750","50.0","30","FUTCOM","PE","MCX_FO"
"MCX_FO|426909","426909","SILVERM24AUG72750PE","SILVER","338.0","2024-08-21","72750","50.0","5","FUTCOM","PE","MCX_FO"
"MCX_FO|437273","437273","CRUDEOIL24OCT5150CE","CRUDE OIL","1238.7","2024-10-17","5150","10.0","100","FUTCOM","CE","MCX_FO"
"MCX_FO|434379","434379","CRUDEOIL24AUG5350PE","CRUDE OIL","0.1","2024-08-14","5350","10.0","100","FUTCOM","PE","MCX_FO"
"MCX_FO|426911","426911","SILVERM24AUG72250PE","SILVER","286.0","2024-08-21","72250","50.0","5","FUTCOM","PE","MCX_FO"
"MCX_FO|436746","436746","SILVERM25JUN105000CE","SILVER","5531.0","2025-06-19","105000","50.0","5","FUTCOM","CE","MCX_FO"
"MCX_FO|436682","436682","SILVER25JUN101750PE","SILVER","18265.0","2025-06-25","101750","50.0","30","FUTCOM","PE","MCX_FO"
"MCX_FO|431536","431536","SILVERM24AUG89750CE","SILVER","537.5","2024-08-21","89750","50.0","5","FUTCOM","CE","MCX_FO"
"MCX_FO|428277","428277","GOLD24NOV59300CE","GOLD","9625.5","2024-11-26","59300","50.0","1","FUTCOM","CE","MCX_FO"
"MCX_FO|431801","431801","GOLD24SEP75400CE","GOLD","677.5","2024-09-24","75400","50.0","1","FUTCOM","CE","MCX_FO"
"MCX_FO|427376","427376","GOLD24SEP66600PE","GOLD","2291.0","2024-09-24","66600","50.0","1","FUTCOM","PE","MCX_FO"
"MCX_FO|429750","429750","GOLD24NOV70600PE","GOLD","5058.5","2024-11-26","70600","50.0","1","FUTCOM","PE","MCX_FO"
"MCX_FO|435834","435834","CRUDEOIL24SEP6500CE","CRUDE OIL","173.2","2024-09-17","6500","10.0","100","FUTCOM","CE","MCX_FO"
"MCX_FO|437440","437440","GOLDM24SEP68500PE","GOLD","3008.5","2024-09-24","68500","50.0","100","FUTCOM","PE","MCX_FO"
"MCX_FO|432000","432000","GOLD25MAR73100PE","GOLD","7915.0","2025-03-26","73100","50.0","1","FUTCOM","PE","MCX_FO"
"MCX_FO|428438","428438","GOLD24NOV57800PE","GOLD","524.0","2024-11-26","57800","50.0","1","FUTCOM","PE","MCX_FO"
"MCX_FO|426966","426966","SILVERM24NOV80250PE","SILVER","4227.0","2024-11-20","80250","50.0","5","FUTCOM","PE","MCX_FO"
"MCX_FO|435779","435779","GOLD25MAY72700PE","GOLD","8057.5","2025-05-27","72700","50.0","1","FUTCOM","PE","MCX_FO"
"MCX_FO|435530","435530","GOLDM24AUG74100CE","GOLD","323.5","2024-08-27","74100","50.0","100","FUTCOM","CE","MCX_FO"
"MCX_FO|426560","426560","GOLD24SEP63800CE","GOLD","5273.0","2024-09-24","63800","50.0","1","FUTCOM","CE","MCX_FO"
"MCX_FO|434815","434815","SILVERM24AUG103000PE","SILVER","21452.0","2024-08-21","103000","50.0","5","FUTCOM","PE","MCX_FO"
"MCX_FO|433589","433589","SILVERM24AUG93500CE","SILVER","220.0","2024-08-21","93500","50.0","5","FUTCOM","CE","MCX_FO"
"MCX_FO|436484","436484","GOLDM24SEP71700PE","GOLD","5009.0","2024-09-24","71700","50.0","100","FUTCOM","PE","MCX_FO"
"MCX_FO|436644","436644","SILVER25JUN104750CE","SILVER","5153.5","2025-06-25","104750","50.0","30","FUTCOM","CE","MCX_FO"
"MCX_FO|426769","426769","SILVER24AUG79500PE","SILVER","1481.5","2024-08-27","79500","50.0","30","FUTCOM","PE","MCX_FO"
"MCX_FO|434677","434677","SILVER25APR105000PE","SILVER","20667.5","2025-04-24","105000","50.0","30","FUTCOM","PE","MCX_FO"
"MCX_FO|432453","432453","GOLD25MAR69100PE","GOLD","5649.0","2025-03-26","69100","50.0","1","FUTCOM","PE","MCX_FO"
"MCX_FO|433732","433732","GOLD24SEP76100PE","GOLD","8709.0","2024-09-24","76100","50.0","1","FUTCOM","PE","MCX_FO"
"MCX_FO|426870","426870","SILVERM24NOV81250CE","SILVER","7021.0","2024-11-20","81250","50.0","5","FUTCOM","CE","MCX_FO"
"MCX_FO|436495","436495","GOLDM24SEP73300PE","GOLD","6191.0","2024-09-24","73300","50.0","100","FUTCOM","PE","MCX_FO"
"MCX_FO|433879","433879","GOLD24NOV76900CE","GOLD","1185.5","2024-11-26","76900","50.0","1","FUTCOM","CE","MCX_FO"
"MCX_FO|429330","429330","GOLD24NOV68000PE","GOLD","3625.0","2024-11-26","68000","50.0","1","FUTCOM","PE","MCX_FO"
"MCX_FO|433843","433843","COPPER24AUG965CE","COPPER","0.01","2024-08-21","965","1.0","2500","FUTCOM","CE","MCX_FO"
"MCX_FO|434344","434344","CRUDEOIL24AUG7350CE","CRUDE OIL","1.7","2024-08-14","7350","10.0","100","FUTCOM","CE","MCX_FO"
"MCX_FO|426647","426647","GOLD24SEP62000PE","GOLD","787.5","2024-09-24","62000","50.0","1","FUTCOM","PE","MCX_FO"
"MCX_FO|434080","434080","SILVER25FEB100500PE","SILVER","17456.5","2025-02-24","100500","50.0","30","FUTCOM","PE","MCX_FO"
"MCX_FO|434081","434081","SILVER25FEB100750PE","SILVER","17642.5","2025-02-24","100750","50.0","30","FUTCOM","PE","MCX_FO"
"MCX_FO|433391","433391","GOLD25MAR76900CE","GOLD","2977.5","2025-03-26","76900","50.0","1","FUTCOM","CE","MCX_FO"
"MCX_FO|435565","435565","GOLDM24AUG72600PE","GOLD","5347.0","2024-08-27","72600","50.0","100","FUTCOM","PE","MCX_FO"
"MCX_FO|437421","437421","GOLDM24AUG67800PE","GOLD","1319.0","2024-08-27","67800","50.0","100","FUTCOM","PE","MCX_FO"
"MCX_FO|431162","431162","GOLD24NOV72500PE","GOLD","6264.0","2024-11-26","72500","50.0","1","FUTCOM","PE","MCX_FO"
"MCX_FO|433576","433576","SILVER25APR96250PE","SILVER","14490.0","2025-04-24","96250","50.0","30","FUTCOM","PE","MCX_FO"
"MCX_FO|437099","437099","CRUDEOILM24SEP5350CE","CRUDE OIL","1132.25","2024-09-17","5350","5.0","10","FUTCOM","CE","MCX_FO"
"MCX_FO|433615","433615","SILVERM25APR87750CE","SILVER","8923.0","2025-04-21","87750","50.0","5","FUTCOM","CE","MCX_FO"
"MCX_FO|426778","426778","SILVER24AUG81750PE","SILVER","3449.0","2024-08-27","81750","50.0","30","FUTCOM","PE","MCX_FO"
"MCX_FO|436150","436150","NATURALGAS24SEP305PE","NATURALGAS","117.6","2024-09-23","305","5.0","1250","FUTCOM","PE","MCX_FO"
"MCX_FO|431877","431877","GOLD25MAR72800CE","GOLD","4217.5","2025-03-26","72800","50.0","1","FUTCOM","CE","MCX_FO"
"MCX_FO|437765","437765","SILVERM25JUN82500CE","SILVER","13480.0","2025-06-19","82500","50.0","5","FUTCOM","CE","MCX_FO"
"MCX_FO|427171","427171","GOLD24NOV64400CE","GOLD","5977.5","2024-11-26","64400","50.0","1","FUTCOM","CE","MCX_FO"
"MCX_FO|429966","429966","SILVERM25FEB78500CE","SILVER","11618.0","2025-02-19","78500","50.0","5","FUTCOM","CE","MCX_FO"
"MCX_FO|429346","429346","GOLD25JAN68900PE","GOLD","5160.0","2025-01-27","68900","50.0","1","FUTCOM","PE","MCX_FO"
"MCX_FO|436014","436014","CRUDEOILM24SEP6900PE","CRUDE OIL","444.75","2024-09-17","6900","5.0","10","FUTCOM","PE","MCX_FO"
"MCX_FO|426945","426945","SILVERM24NOV77750PE","SILVER","3226.0","2024-11-20","77750","50.0","5","FUTCOM","PE","MCX_FO"
"MCX_FO|434747","434747","SILVERM25FEB102250CE","SILVER","2848.0","2025-02-19","102250","50.0","5","FUTCOM","CE","MCX_FO"
"MCX_FO|436603","436603","SILVER25JUN99500CE","SILVER","6479.0","2025-06-25","99500","50.0","30","FUTCOM","CE","MCX_FO"
"MCX_FO|436801","436801","SILVERM25JUN106250PE","SILVER","21604.5","2025-06-19","106250","50.0","5","FUTCOM","PE","MCX_FO"
"MCX_FO|426921","426921","SILVERM24AUG80000PE","SILVER","1508.5","2024-08-21","80000","50.0","5","FUTCOM","PE","MCX_FO"
"MCX_FO|432064","432064","SILVER25FEB97000CE","SILVER","4357.5","2025-02-24","97000","50.0","30","FUTCOM","CE","MCX_FO"
"MCX_FO|435621","435621","GOLDM24AUG69200CE","GOLD","1442.0","2024-08-27","69200","50.0","100","FUTCOM","CE","MCX_FO"
"MCX_FO|431359","431359","SILVER24AUG89750PE","SILVER","9096.0","2024-08-27","89750","50.0","30","FUTCOM","PE","MCX_FO"
"MCX_FO|434595","434595","SILVER25APR106250CE","SILVER","3454.0","2025-04-24","106250","50.0","30","FUTCOM","CE","MCX_FO"
"MCX_FO|436433","436433","GOLDM24SEP71800CE","GOLD","1356.0","2024-09-24","71800","50.0","100","FUTCOM","CE","MCX_FO"
"MCX_FO|431004","431004","SILVERM24AUG88000CE","SILVER","597.0","2024-08-21","88000","50.0","5","FUTCOM","CE","MCX_FO"
"MCX_FO|436972","436972","CRUDEOIL24OCT6100CE","CRUDE OIL","359.2","2024-10-17","6100","10.0","100","FUTCOM","CE","MCX_FO"
"MCX_FO|435137","435137","NATURALGAS24AUG190PE","NATURALGAS","22.65","2024-08-23","190","5.0","1250","FUTCOM","PE","MCX_FO"
"MCX_FO|427911","427911","GOLD24NOV61400CE","GOLD","8011.5","2024-11-26","61400","50.0","1","FUTCOM","CE","MCX_FO"
"MCX_FO|426817","426817","SILVERM24AUG79000CE","SILVER","3721.0","2024-08-21","79000","50.0","5","FUTCOM","CE","MCX_FO"
"MCX_FO|434927","434927","CRUDEOILM24AUG7100CE","CRUDE OIL","29.5","2024-08-14","7100","5.0","10","FUTCOM","CE","MCX_FO"
"MCX_FO|427934","427934","SILVER24AUG68750PE","SILVER","143.5","2024-08-27","68750","50.0","30","FUTCOM","PE","MCX_FO"
"MCX_FO|432056","432056","SILVER24AUG92250CE","SILVER","429.0","2024-08-27","92250","50.0","30","FUTCOM","CE","MCX_FO"
"MCX_FO|426533","426533","GOLD24SEP63400CE","GOLD","5552.0","2024-09-24","63400","50.0","1","FUTCOM","CE","MCX_FO"
"MCX_FO|436445","436445","GOLDM24SEP73300CE","GOLD","985.5","2024-09-24","73300","50.0","100","FUTCOM","CE","MCX_FO"
"MCX_FO|435961","435961","CRUDEOILM24SEP6800CE","CRUDE OIL","62.95","2024-09-17","6800","5.0","10","FUTCOM","CE","MCX_FO"
"MCX_FO|427244","427244","GOLD24NOV66300PE","GOLD","2832.0","2024-11-26","66300","50.0","1","FUTCOM","PE","MCX_FO"
"MCX_FO|427288","427288","SILVER24NOV83750CE","SILVER","6042.0","2024-11-26","83750","50.0","30","FUTCOM","CE","MCX_FO"
"MCX_FO|437663","437663","GOLDM24SEP66400PE","GOLD","1997.5","2024-09-24","66400","50.0","100","FUTCOM","PE","MCX_FO"
"MCX_FO|437190","437190","CRUDEOILM24OCT7200PE","CRUDE OIL","827.9","2024-10-17","7200","5.0","10","FUTCOM","PE","MCX_FO"
"MCX_FO|430084","430084","SILVERM25FEB86500CE","SILVER","7564.0","2025-02-19","86500","50.0","5","FUTCOM","CE","MCX_FO"
"MCX_FO|433597","433597","SILVERM24NOV95500CE","SILVER","2102.5","2024-11-20","95500","50.0","5","FUTCOM","CE","MCX_FO"
"MCX_FO|430006","430006","SILVERM25FEB84500CE","SILVER","8460.0","2025-02-19","84500","50.0","5","FUTCOM","CE","MCX_FO"
"MCX_FO|431020","431020","SILVERM24NOV89500PE","SILVER","9341.0","2024-11-20","89500","50.0","5","FUTCOM","PE","MCX_FO"
"MCX_FO|433786","433786","SILVER25APR100250PE","SILVER","17209.5","2025-04-24","100250","50.0","30","FUTCOM","PE","MCX_FO"
"MCX_FO|431122","431122","GOLD25JAN73500CE","GOLD","3254.0","2025-01-27","73500","50.0","1","FUTCOM","CE","MCX_FO"
"MCX_FO|428989","428989","GOLD25JAN66500CE","GOLD","6126.5","2025-01-27","66500","50.0","1","FUTCOM","CE","MCX_FO"
"MCX_FO|436544","436544","GOLD25MAY77800CE","GOLD","3501.5","2025-05-27","77800","50.0","1","FUTCOM","CE","MCX_FO"
"MCX_FO|436056","436056","GOLD25MAY76400CE","GOLD","3887.0","2025-05-27","76400","50.0","1","FUTCOM","CE","MCX_FO"
"MCX_FO|431526","431526","SILVER25FEB94750PE","SILVER","13390.0","2025-02-24","94750","50.0","30","FUTCOM","PE","MCX_FO"
"MCX_FO|437349","437349","GOLDM24AUG66900CE","GOLD","2500.0","2024-08-27","66900","50.0","100","FUTCOM","CE","MCX_FO"
"MCX_FO|437658","437658","GOLDM24AUG65600PE","GOLD","1131.5","2024-08-27","65600","50.0","100","FUTCOM","PE","MCX_FO"
"MCX_FO|430943","430943","SILVERM25FEB90750PE","SILVER","10310.5","2025-02-19","90750","50.0","5","FUTCOM","PE","MCX_FO"
"MCX_FO|430739","430739","GOLD24SEP72000CE","GOLD","426.5","2024-09-24","72000","50.0","1","FUTCOM","CE","MCX_FO"
"MCX_FO|435713","435713","GOLD25MAY71000CE","GOLD","5718.0","2025-05-27","71000","50.0","1","FUTCOM","CE","MCX_FO"
"MCX_FO|433386","433386","GOLD25JAN77100CE","GOLD","2267.5","2025-01-27","77100","50.0","1","FUTCOM","CE","MCX_FO"
"MCX_FO|428761","428761","GOLD25JAN62900CE","GOLD","8162.0","2025-01-27","62900","50.0","1","FUTCOM","CE","MCX_FO"
"MCX_FO|431859","431859","SILVERM25FEB96500CE","SILVER","4143.0","2025-02-19","96500","50.0","5","FUTCOM","CE","MCX_FO"
"MCX_FO|426694","426694","SILVER24AUG76500CE","SILVER","6099.5","2024-08-27","76500","50.0","30","FUTCOM","CE","MCX_FO"
"MCX_FO|430674","430674","SILVERM24AUG85250PE","SILVER","5227.5","2024-08-21","85250","50.0","5","FUTCOM","PE","MCX_FO"
"MCX_FO|429205","429205","GOLD25JAN67600PE","GOLD","4503.0","2025-01-27","67600","50.0","1","FUTCOM","PE","MCX_FO"
"MCX_FO|431192","431192","GOLD25JAN73900PE","GOLD","8126.5","2025-01-27","73900","50.0","1","FUTCOM","PE","MCX_FO"
"MCX_FO|436570","436570","ZINC24SEP290CE","ZINC","2.27","2024-09-19","290","1.0","5","FUTCOM","CE","MCX_FO"
"MCX_FO|434103","434103","SILVER25APR104000PE","SILVER","19921.0","2025-04-24","104000","50.0","30","FUTCOM","PE","MCX_FO"
"MCX_FO|433475","433475","SILVER25APR88750CE","SILVER","8385.0","2025-04-24","88750","50.0","30","FUTCOM","CE","MCX_FO"
"MCX_FO|433041","433041","ZINC24AUG277.5CE","ZINC","0.1","2024-08-21","277.5","1.0","5","FUTCOM","CE","MCX_FO"
"MCX_FO|436157","436157","NATGASMINI24SEP220CE","NATURALGAS","6.3","2024-09-23","220","5.0","250","FUTCOM","CE","MCX_FO"
"MCX_FO|427726","427726","SILVERM24NOV72250CE","SILVER","12738.0","2024-11-20","72250","50.0","5","FUTCOM","CE","MCX_FO"
"MCX_FO|435407","435407","ZINC24SEP270PE","ZINC","24.67","2024-09-19","270","1.0","5","FUTCOM","PE","MCX_FO"
"MCX_FO|431796","431796","GOLD24SEP74900CE","GOLD","756.5","2024-09-24","74900","50.0","1","FUTCOM","CE","MCX_FO"
"MCX_FO|427297","427297","SILVER24NOV86000CE","SILVER","5101.5","2024-11-26","86000","50.0","30","FUTCOM","CE","MCX_FO"
"MCX_FO|430804","430804","GOLD25JAN71900PE","GOLD","6860.0","2025-01-27","71900","50.0","1","FUTCOM","PE","MCX_FO"
"MCX_FO|429913","429913","SILVER25FEB82000PE","SILVER","6171.5","2025-02-24","82000","50.0","30","FUTCOM","PE","MCX_FO"
"MCX_FO|436141","436141","NATURALGAS24SEP260PE","NATURALGAS","74.1","2024-09-23","260","5.0","1250","FUTCOM","PE","MCX_FO"
"MCX_FO|431830","431830","GOLD25JAN75200PE","GOLD","9002.5","2025-01-27","75200","50.0","1","FUTCOM","PE","MCX_FO"
"MCX_FO|437639","437639","GOLDM24SEP66500CE","GOLD","3554.0","2024-09-24","66500","50.0","100","FUTCOM","CE","MCX_FO"
"MCX_FO|429996","429996","SILVERM25FEB82000CE","SILVER","9689.0","2025-02-19","82000","50.0","5","FUTCOM","CE","MCX_FO"
"MCX_FO|431910","431910","GOLD25MAR72600CE","GOLD","4287.5","2025-03-26","72600","50.0","1","FUTCOM","CE","MCX_FO"
"MCX_FO|437380","437380","GOLDM24SEP69200CE","GOLD","2246.0","2024-09-24","69200","50.0","100","FUTCOM","CE","MCX_FO"
"MCX_FO|436166","436166","NATGASMINI24SEP175CE","NATURALGAS","22.85","2024-09-23","175","5.0","250","FUTCOM","CE","MCX_FO"
"MCX_FO|436829","436829","GOLDM24AUG76900CE","GOLD","113.0","2024-08-27","76900","50.0","100","FUTCOM","CE","MCX_FO"
"MCX_FO|430027","430027","SILVERM25FEB75750PE","SILVER","3308.0","2025-02-19","75750","50.0","5","FUTCOM","PE","MCX_FO"
"MCX_FO|429736","429736","GOLD24SEP69700PE","GOLD","3933.0","2024-09-24","69700","50.0","1","FUTCOM","PE","MCX_FO"
"MCX_FO|435586","435586","GOLDM24AUG74700PE","GOLD","7159.0","2024-08-27","74700","50.0","100","FUTCOM","PE","MCX_FO"
"MCX_FO|436283","436283","NATURALGAS24SEP150PE","NATURALGAS","2.85","2024-09-23","150","5.0","1250","FUTCOM","PE","MCX_FO"
"MCX_FO|430880","430880","SILVER24NOV89500PE","SILVER","9725.0","2024-11-26","89500","50.0","30","FUTCOM","PE","MCX_FO"
"MCX_FO|435741","435741","GOLD25MAY73900CE","GOLD","4663.5","2025-05-27","73900","50.0","1","FUTCOM","CE","MCX_FO"
"MCX_FO|436918","436918","ZINC24OCT240CE","ZINC","20.87","2024-10-22","240","1.0","5","FUTCOM","CE","MCX_FO"
"MCX_FO|434574","434574","SILVER25FEB104000CE","SILVER","2837.5","2025-02-24","104000","50.0","30","FUTCOM","CE","MCX_FO"
"MCX_FO|434230","434230","SILVERM25FEB100000PE","SILVER","16592.0","2025-02-19","100000","50.0","5","FUTCOM","PE","MCX_FO"
"MCX_FO|437810","437810","NATURALGAS24OCT175CE","NATURALGAS","0.0","2024-10-24","175","5.0","1250","FUTCOM","CE","MCX_FO"
"MCX_FO|426949","426949","SILVERM24NOV76750PE","SILVER","2872.0","2024-11-20","76750","50.0","5","FUTCOM","PE","MCX_FO"
"MCX_FO|427230","427230","GOLD24NOV64900PE","GOLD","2266.5","2024-11-26","64900","50.0","1","FUTCOM","PE","MCX_FO"
"MCX_FO|428168","428168","GOLD24NOV60600PE","GOLD","1006.0","2024-11-26","60600","50.0","1","FUTCOM","PE","MCX_FO"
"MCX_FO|435612","435612","COPPER24SEP840PE","COPPER","50.03","2024-09-19","840","1.0","2500","FUTCOM","PE","MCX_FO"
"MCX_FO|430360","430360","GOLD25JAN71800CE","GOLD","3827.5","2025-01-27","71800","50.0","1","FUTCOM","CE","MCX_FO"
"MCX_FO|433649","433649","SILVERM25APR98000CE","SILVER","5253.0","2025-04-21","98000","50.0","5","FUTCOM","CE","MCX_FO"
"MCX_FO|436373","436373","GOLD25MAY76500PE","GOLD","10417.0","2025-05-27","76500","50.0","1","FUTCOM","PE","MCX_FO"
"MCX_FO|437571","437571","GOLD25MAR67400CE","GOLD","6442.0","2025-03-26","67400","50.0","1","FUTCOM","CE","MCX_FO"
"MCX_FO|437503","437503","SILVER25JUN87000PE","SILVER","9442.5","2025-06-25","87000","50.0","30","FUTCOM","PE","MCX_FO"
"MCX_FO|426737","426737","SILVER24AUG84000CE","SILVER","1325.0","2024-08-27","84000","50.0","30","FUTCOM","CE","MCX_FO"
"MCX_FO|437092","437092","SILVERM25JUN93250PE","SILVER","13102.5","2025-06-19","93250","50.0","5","FUTCOM","PE","MCX_FO"
"MCX_FO|435563","435563","GOLDM24AUG70100PE","GOLD","3460.0","2024-08-27","70100","50.0","100","FUTCOM","PE","MCX_FO"
"MCX_FO|435526","435526","GOLDM24AUG73700CE","GOLD","371.5","2024-08-27","73700","50.0","100","FUTCOM","CE","MCX_FO"
"MCX_FO|431679","431679","SILVERM25FEB95750CE","SILVER","4344.0","2025-02-19","95750","50.0","5","FUTCOM","CE","MCX_FO"
"MCX_FO|434589","434589","SILVER25FEB107750CE","SILVER","2235.0","2025-02-24","107750","50.0","30","FUTCOM","CE","MCX_FO"
"MCX_FO|433999","433999","SILVER24NOV99500CE","SILVER","1613.5","2024-11-26","99500","50.0","30","FUTCOM","CE","MCX_FO"
"MCX_FO|433754","433754","SILVER25APR98000CE","SILVER","5319.5","2025-04-24","98000","50.0","30","FUTCOM","CE","MCX_FO"
"MCX_FO|437370","437370","GOLDM24SEP67400CE","GOLD","3072.5","2024-09-24","67400","50.0","100","FUTCOM","CE","MCX_FO"
"MCX_FO|430805","430805","GOLD25JAN72000PE","GOLD","6921.0","2025-01-27","72000","50.0","1","FUTCOM","PE","MCX_FO"
"MCX_FO|429863","429863","SILVER25FEB82000CE","SILVER","9987.5","2025-02-24","82000","50.0","30","FUTCOM","CE","MCX_FO"
"MCX_FO|435827","435827","CRUDEOILM24SEP6750CE","CRUDE OIL","75.35","2024-09-17","6750","5.0","10","FUTCOM","CE","MCX_FO"
"MCX_FO|435598","435598","GOLDM24AUG75700CE","GOLD","180.5","2024-08-27","75700","50.0","100","FUTCOM","CE","MCX_FO"
"MCX_FO|432995","432995","COPPER24AUG875PE","COPPER","78.84","2024-08-21","875","1.0","2500","FUTCOM","PE","MCX_FO"
"MCX_FO|429832","429832","SILVER25FEB78500PE","SILVER","4699.5","2025-02-24","78500","50.0","30","FUTCOM","PE","MCX_FO"
"MCX_FO|435127","435127","NATURALGAS24AUG305CE","NATURALGAS","0.05","2024-08-23","305","5.0","1250","FUTCOM","CE","MCX_FO"
"MCX_FO|429935","429935","SILVER25FEB76250PE","SILVER","3876.5","2025-02-24","76250","50.0","30","FUTCOM","PE","MCX_FO"
"MCX_FO|434603","434603","SILVER25APR108250CE","SILVER","3101.0","2025-04-24","108250","50.0","30","FUTCOM","CE","MCX_FO"
"MCX_FO|435362","435362","COPPER24SEP865CE","COPPER","5.75","2024-09-19","865","1.0","2500","FUTCOM","CE","MCX_FO"
"MCX_FO|434951","434951","CRUDEOILM24AUG6150PE","CRUDE OIL","8.7","2024-08-14","6150","5.0","10","FUTCOM","PE","MCX_FO"
"MCX_FO|427305","427305","SILVER24NOV77750PE","SILVER","3550.5","2024-11-26","77750","50.0","30","FUTCOM","PE","MCX_FO"
"MCX_FO|435528","435528","GOLDM24AUG73900CE","GOLD","347.0","2024-08-27","73900","50.0","100","FUTCOM","CE","MCX_FO"
"MCX_FO|433479","433479","SILVER25APR87750CE","SILVER","8789.5","2025-04-24","87750","50.0","30","FUTCOM","CE","MCX_FO"
"MCX_FO|428733","428733","SILVERM24AUG67500CE","SILVER","13915.5","2024-08-21","67500","50.0","5","FUTCOM","CE","MCX_FO"
"MCX_FO|435115","435115","NATURALGAS24AUG245CE","NATURALGAS","0.85","2024-08-23","245","5.0","1250","FUTCOM","CE","MCX_FO"
"MCX_FO|434659","434659","SILVER25FEB103500PE","SILVER","19736.0","2025-02-24","103500","50.0","30","FUTCOM","PE","MCX_FO"
"MCX_FO|434228","434228","SILVERM25FEB99500PE","SILVER","16222.0","2025-02-19","99500","50.0","5","FUTCOM","PE","MCX_FO"
"MCX_FO|436167","436167","NATGASMINI24SEP170CE","NATURALGAS","25.8","2024-09-23","170","5.0","250","FUTCOM","CE","MCX_FO"
"MCX_FO|429709","429709","GOLD25JAN70900CE","GOLD","4162.0","2025-01-27","70900","50.0","1","FUTCOM","CE","MCX_FO"
"MCX_FO|431124","431124","GOLD25JAN73700CE","GOLD","3191.5","2025-01-27","73700","50.0","1","FUTCOM","CE","MCX_FO"
"MCX_FO|436246","436246","ZINC24OCT260CE","ZINC","13.08","2024-10-22","260","1.0","5","FUTCOM","CE","MCX_FO"
"MCX_FO|430757","430757","GOLD25JAN72100CE","GOLD","3721.0","2025-01-27","72100","50.0","1","FUTCOM","CE","MCX_FO"
"MCX_FO|428437","428437","GOLD24NOV57900PE","GOLD","537.5","2024-11-26","57900","50.0","1","FUTCOM","PE","MCX_FO"
"MCX_FO|435724","435724","GOLD25MAY69900CE","GOLD","6164.5","2025-05-27","69900","50.0","1","FUTCOM","CE","MCX_FO"
"MCX_FO|435341","435341","COPPER24SEP890CE","COPPER","2.84","2024-09-19","890","1.0","2500","FUTCOM","CE","MCX_FO"
"MCX_FO|431442","431442","GOLD25JAN74500CE","GOLD","2950.0","2025-01-27","74500","50.0","1","FUTCOM","CE","MCX_FO"
"MCX_FO|429937","429937","SILVER25FEB82250PE","SILVER","6285.5","2025-02-24","82250","50.0","30","FUTCOM","PE","MCX_FO"
"MCX_FO|435547","435547","GOLDM24AUG71700PE","GOLD","4628.0","2024-08-27","71700","50.0","100","FUTCOM","PE","MCX_FO"
"MCX_FO|431617","431617","GOLD25JAN74800PE","GOLD","8728.5","2025-01-27","74800","50.0","1","FUTCOM","PE","MCX_FO"
"MCX_FO|435888","435888","CRUDEOIL24SEP6350PE","CRUDE OIL","113.7","2024-09-17","6350","10.0","100","FUTCOM","PE","MCX_FO"
"MCX_FO|436738","436738","SILVERM25JUN103000CE","SILVER","6013.5","2025-06-19","103000","50.0","5","FUTCOM","CE","MCX_FO"
"MCX_FO|437096","437096","SILVERM25JUN92250PE","SILVER","12524.5","2025-06-19","92250","50.0","5","FUTCOM","PE","MCX_FO"
"MCX_FO|436756","436756","SILVERM25JUN98750PE","SILVER","16487.5","2025-06-19","98750","50.0","5","FUTCOM","PE","MCX_FO"
"MCX_FO|436165","436165","NATGASMINI24SEP180CE","NATURALGAS","20.1","2024-09-23","180","5.0","250","FUTCOM","CE","MCX_FO"
"MCX_FO|435733","435733","GOLD25MAY73100CE","GOLD","4937.0","2025-05-27","73100","50.0","1","FUTCOM","CE","MCX_FO"
"MCX_FO|436621","436621","SILVER25JUN95000CE","SILVER","7844.0","2025-06-25","95000","50.0","30","FUTCOM","CE","MCX_FO"
"MCX_FO|437688","437688","SILVER25APR80750CE","SILVER","12065.5","2025-04-24","80750","50.0","30","FUTCOM","CE","MCX_FO"
"MCX_FO|437492","437492","SILVER25JUN89750PE","SILVER","10883.5","2025-06-25","89750","50.0","30","FUTCOM","PE","MCX_FO"
"MCX_FO|436094","436094","NATURALGAS24SEP240CE","NATURALGAS","2.55","2024-09-23","240","5.0","1250","FUTCOM","CE","MCX_FO"
"MCX_FO|435105","435105","NATURALGAS24AUG200CE","NATURALGAS","4.25","2024-08-23","200","5.0","1250","FUTCOM","CE","MCX_FO"
"MCX_FO|434064","434064","SILVER24NOV97250PE","SILVER","15406.5","2024-11-26","97250","50.0","30","FUTCOM","PE","MCX_FO"
"MCX_FO|436932","436932","NATGASMINI24SEP115PE","NATURALGAS","0.2","2024-09-23","115","5.0","250","FUTCOM","PE","MCX_FO"
"MCX_FO|437681","437681","SILVER25APR82500CE","SILVER","11171.5","2025-04-24","82500","50.0","30","FUTCOM","CE","MCX_FO"
"MCX_FO|431084","431084","GOLD24SEP72600CE","GOLD","1227.5","2024-09-24","72600","50.0","1","FUTCOM","CE","MCX_FO"
"MCX_FO|429904","429904","SILVER25FEB86500CE","SILVER","7900.0","2025-02-24","86500","50.0","30","FUTCOM","CE","MCX_FO"
"MCX_FO|437795","437795","NATURALGAS24OCT225CE","NATURALGAS","0.0","2024-10-24","225","5.0","1250","FUTCOM","CE","MCX_FO"
"MCX_FO|437804","437804","NATURALGAS24OCT205CE","NATURALGAS","0.0","2024-10-24","205","5.0","1250","FUTCOM","CE","MCX_FO"
"MCX_FO|428573","428573","SILVER24AUG68000CE","SILVER","13355.0","2024-08-27","68000","50.0","30","FUTCOM","CE","MCX_FO"
"MCX_FO|435838","435838","CRUDEOIL24SEP6300CE","CRUDE OIL","285.6","2024-09-17","6300","10.0","100","FUTCOM","CE","MCX_FO"
"MCX_FO|432452","432452","GOLD25MAR69200PE","GOLD","5701.0","2025-03-26","69200","50.0","1","FUTCOM","PE","MCX_FO"
"MCX_FO|429681","429681","GOLD24SEP69200CE","GOLD","2322.0","2024-09-24","69200","50.0","1","FUTCOM","CE","MCX_FO"
"MCX_FO|433875","433875","GOLD24SEP76500CE","GOLD","527.5","2024-09-24","76500","50.0","1","FUTCOM","CE","MCX_FO"
"MCX_FO|437807","437807","NATURALGAS24OCT190CE","NATURALGAS","0.0","2024-10-24","190","5.0","1250","FUTCOM","CE","MCX_FO"
"MCX_FO|437854","437854","NATURALGAS24OCT270PE","NATURALGAS","0.0","2024-10-24","270","5.0","1250","FUTCOM","PE","MCX_FO"
"MCX_FO|433427","433427","GOLD25MAR77400PE","GOLD","10750.5","2025-03-26","77400","50.0","1","FUTCOM","PE","MCX_FO"
"MCX_FO|426798","426798","SILVERM24AUG75500CE","SILVER","6686.0","2024-08-21","75500","50.0","5","FUTCOM","CE","MCX_FO"
"MCX_FO|436191","436191","NATGASMINI24SEP200PE","NATURALGAS","24.25","2024-09-23","200","5.0","250","FUTCOM","PE","MCX_FO"
"MCX_FO|431189","431189","GOLD25JAN73600PE","GOLD","7930.0","2025-01-27","73600","50.0","1","FUTCOM","PE","MCX_FO"
"MCX_FO|436192","436192","NATGASMINI24SEP195PE","NATURALGAS","21.1","2024-09-23","195","5.0","250","FUTCOM","PE","MCX_FO"
"MCX_FO|434341","434341","CRUDEOIL24AUG7200CE","CRUDE OIL","15.3","2024-08-14","7200","10.0","100","FUTCOM","CE","MCX_FO"
"MCX_FO|435296","435296","SILVER25FEB109250PE","SILVER","24351.0","2025-02-24","109250","50.0","30","FUTCOM","PE","MCX_FO"
"MCX_FO|433505","433505","SILVER25APR95000CE","SILVER","6188.0","2025-04-24","95000","50.0","30","FUTCOM","CE","MCX_FO"
"MCX_FO|436691","436691","SILVER25JUN104000PE","SILVER","19821.5","2025-06-25","104000","50.0","30","FUTCOM","PE","MCX_FO"
"MCX_FO|432022","432022","GOLD25MAR75300PE","GOLD","9318.0","2025-03-26","75300","50.0","1","FUTCOM","PE","MCX_FO"
"MCX_FO|435578","435578","GOLDM24AUG73900PE","GOLD","6449.5","2024-08-27","73900","50.0","100","FUTCOM","PE","MCX_FO"
"MCX_FO|437784","437784","SILVERM25JUN85000PE","SILVER","8711.0","2025-06-19","85000","50.0","5","FUTCOM","PE","MCX_FO"
"MCX_FO|433910","433910","GOLD25JAN77300PE","GOLD","10497.0","2025-01-27","77300","50.0","1","FUTCOM","PE","MCX_FO"
"MCX_FO|429695","429695","GOLD24NOV70100CE","GOLD","3092.5","2024-11-26","70100","50.0","1","FUTCOM","CE","MCX_FO"
"MCX_FO|431914","431914","GOLD25MAR72200CE","GOLD","4429.5","2025-03-26","72200","50.0","1","FUTCOM","CE","MCX_FO"
"MCX_FO|437384","437384","GOLDM24SEP69600CE","GOLD","2087.0","2024-09-24","69600","50.0","100","FUTCOM","CE","MCX_FO"
"MCX_FO|437217","437217","SILVER25JUN91000CE","SILVER","9257.0","2025-06-25","91000","50.0","30","FUTCOM","CE","MCX_FO"
"MCX_FO|428286","428286","GOLD24SEP59500PE","GOLD","372.0","2024-09-24","59500","50.0","1","FUTCOM","PE","MCX_FO"
"MCX_FO|433036","433036","ZINC24AUG265CE","ZINC","1.34","2024-08-21","265","1.0","5","FUTCOM","CE","MCX_FO"
"MCX_FO|431708","431708","SILVER24AUG91750PE","SILVER","10831.0","2024-08-27","91750","50.0","30","FUTCOM","PE","MCX_FO"
"MCX_FO|435849","435849","CRUDEOIL24SEP5750CE","CRUDE OIL","740.9","2024-09-17","5750","10.0","100","FUTCOM","CE","MCX_FO"
"MCX_FO|427944","427944","SILVERM24NOV70500PE","SILVER","1229.5","2024-11-20","70500","50.0","5","FUTCOM","PE","MCX_FO"
"MCX_FO|434965","434965","CRUDEOILM24AUG5450PE","CRUDE OIL","0.05","2024-08-14","5450","5.0","10","FUTCOM","PE","MCX_FO"
"MCX_FO|434221","434221","SILVERM24NOV99500PE","SILVER","16913.0","2024-11-20","99500","50.0","5","FUTCOM","PE","MCX_FO"
"MCX_FO|432441","432441","GOLD25MAR69200CE","GOLD","5619.5","2025-03-26","69200","50.0","1","FUTCOM","CE","MCX_FO"
"MCX_FO|436661","436661","SILVER25JUN97500PE","SILVER","15463.0","2025-06-25","97500","50.0","30","FUTCOM","PE","MCX_FO"
"MCX_FO|434672","434672","SILVER25FEB106750PE","SILVER","22308.5","2025-02-24","106750","50.0","30","FUTCOM","PE","MCX_FO"
"MCX_FO|436941","436941","COPPER24OCT800PE","COPPER","29.21","2024-10-22","800","1.0","2500","FUTCOM","PE","MCX_FO"
"MCX_FO|433661","433661","SILVERM24AUG94500PE","SILVER","13142.5","2024-08-21","94500","50.0","5","FUTCOM","PE","MCX_FO"
"MCX_FO|437068","437068","SILVER25JUN93500CE","SILVER","8351.0","2025-06-25","93500","50.0","30","FUTCOM","CE","MCX_FO"
"MCX_FO|433548","433548","SILVER25APR87000PE","SILVER","9009.0","2025-04-24","87000","50.0","30","FUTCOM","PE","MCX_FO"
"MCX_FO|431543","431543","SILVERM24NOV91750CE","SILVER","2973.0","2024-11-20","91750","50.0","5","FUTCOM","CE","MCX_FO"
"MCX_FO|437282","437282","GOLD25MAY69700CE","GOLD","6248.5","2025-05-27","69700","50.0","1","FUTCOM","CE","MCX_FO"
"MCX_FO|431612","431612","GOLD24SEP74500PE","GOLD","7375.5","2024-09-24","74500","50.0","1","FUTCOM","PE","MCX_FO"
"MCX_FO|434195","434195","SILVERM24AUG95000PE","SILVER","13600.0","2024-08-21","95000","50.0","5","FUTCOM","PE","MCX_FO"
"MCX_FO|426553","426553","GOLD24SEP61400CE","GOLD","7061.5","2024-09-24","61400","50.0","1","FUTCOM","CE","MCX_FO"
"MCX_FO|426827","426827","SILVERM24AUG81500CE","SILVER","2309.5","2024-08-21","81500","50.0","5","FUTCOM","CE","MCX_FO"
"MCX_FO|436576","436576","NATGASMINI24AUG120PE","NATURALGAS","0.05","2024-08-23","120","5.0","250","FUTCOM","PE","MCX_FO"
"MCX_FO|435924","435924","CRUDEOIL24SEP7500PE","CRUDE OIL","1000.6","2024-09-17","7500","10.0","100","FUTCOM","PE","MCX_FO"
"MCX_FO|429551","429551","GOLD24SEP69000CE","GOLD","1075.5","2024-09-24","69000","50.0","1","FUTCOM","CE","MCX_FO"
"MCX_FO|434257","434257","ZINC24AUG290CE","ZINC","0.01","2024-08-21","290","1.0","5","FUTCOM","CE","MCX_FO"
"MCX_FO|437110","437110","CRUDEOILM24OCT6050CE","CRUDE OIL","454.55","2024-10-17","6050","5.0","10","FUTCOM","CE","MCX_FO"
"MCX_FO|437624","437624","GOLD25MAY67200PE","GOLD","5170.0","2025-05-27","67200","50.0","1","FUTCOM","PE","MCX_FO"
"MCX_FO|434376","434376","CRUDEOIL24AUG5500PE","CRUDE OIL","9.9","2024-08-14","5500","10.0","100","FUTCOM","PE","MCX_FO"
"MCX_FO|426580","426580","GOLD24SEP65800CE","GOLD","3998.0","2024-09-24","65800","50.0","1","FUTCOM","CE","MCX_FO"
"MCX_FO|436506","436506","GOLDM24SEP74400PE","GOLD","7062.5","2024-09-24","74400","50.0","100","FUTCOM","PE","MCX_FO"
"MCX_FO|434964","434964","CRUDEOILM24AUG5500PE","CRUDE OIL","0.05","2024-08-14","5500","5.0","10","FUTCOM","PE","MCX_FO"
"MCX_FO|430568","430568","GOLD24SEP70800PE","GOLD","4634.0","2024-09-24","70800","50.0","1","FUTCOM","PE","MCX_FO"
"MCX_FO|436993","436993","CRUDEOIL24OCT6700CE","CRUDE OIL","65.7","2024-10-17","6700","10.0","100","FUTCOM","CE","MCX_FO"
"MCX_FO|437516","437516","SILVERM25JUN88500CE","SILVER","10759.5","2025-06-19","88500","50.0","5","FUTCOM","CE","MCX_FO"
"MCX_FO|433407","433407","GOLD24NOV76600PE","GOLD","9256.5","2024-11-26","76600","50.0","1","FUTCOM","PE","MCX_FO"
"MCX_FO|434208","434208","SILVERM24AUG98250PE","SILVER","16768.0","2024-08-21","98250","50.0","5","FUTCOM","PE","MCX_FO"
"MCX_FO|434971","434971","CRUDEOILM24AUG6800PE","CRUDE OIL","358.55","2024-08-14","6800","5.0","10","FUTCOM","PE","MCX_FO"
"MCX_FO|437239","437239","ZINC24OCT235PE","ZINC","16.78","2024-10-22","235","1.0","5","FUTCOM","PE","MCX_FO"
"MCX_FO|436562","436562","GOLDM24SEP76100PE","GOLD","8487.0","2024-09-24","76100","50.0","100","FUTCOM","PE","MCX_FO"
"MCX_FO|436811","436811","GOLD25MAY78500CE","GOLD","3321.5","2025-05-27","78500","50.0","1","FUTCOM","CE","MCX_FO"
"MCX_FO|430008","430008","SILVERM25FEB85000CE","SILVER","8229.0","2025-02-19","85000","50.0","5","FUTCOM","CE","MCX_FO"
"MCX_FO|427204","427204","GOLD24NOV63400PE","GOLD","1747.5","2024-11-26","63400","50.0","1","FUTCOM","PE","MCX_FO"
"MCX_FO|428810","428810","GOLD25JAN65200CE","GOLD","6816.5","2025-01-27","65200","50.0","1","FUTCOM","CE","MCX_FO"
"MCX_FO|435669","435669","ZINC24AUG237.5PE","ZINC","0.53","2024-08-21","237.5","1.0","5","FUTCOM","PE","MCX_FO"
"MCX_FO|435704","435704","GOLD25MAY71900CE","GOLD","5372.0","2025-05-27","71900","50.0","1","FUTCOM","CE","MCX_FO"
"MCX_FO|436634","436634","SILVER25JUN102250CE","SILVER","5751.0","2025-06-25","102250","50.0","30","FUTCOM","CE","MCX_FO"
"MCX_FO|436288","436288","ZINC24OCT247.5CE","ZINC","17.61","2024-10-22","247.5","1.0","5","FUTCOM","CE","MCX_FO"
"MCX_FO|427197","427197","GOLD24SEP66200PE","GOLD","2116.5","2024-09-24","66200","50.0","1","FUTCOM","PE","MCX_FO"
"MCX_FO|434763","434763","SILVERM25FEB106250CE","SILVER","2171.0","2025-02-19","106250","50.0","5","FUTCOM","CE","MCX_FO"
"MCX_FO|434400","434400","CRUDEOIL24AUG7650PE","CRUDE OIL","1074.0","2024-08-14","7650","10.0","100","FUTCOM","PE","MCX_FO"
"MCX_FO|429908","429908","SILVER25FEB87500CE","SILVER","7485.5","2025-02-24","87500","50.0","30","FUTCOM","CE","MCX_FO"
"MCX_FO|437592","437592","GOLD25MAY67300CE","GOLD","7326.0","2025-05-27","67300","50.0","1","FUTCOM","CE","MCX_FO"
"MCX_FO|436404","436404","COPPER24OCT910CE","COPPER","9.75","2024-10-22","910","1.0","2500","FUTCOM","CE","MCX_FO"
"MCX_FO|435297","435297","SILVER25APR110500PE","SILVER","24933.5","2025-04-24","110500","50.0","30","FUTCOM","PE","MCX_FO"
"MCX_FO|435230","435230","NATGASMINI24AUG285CE","NATURALGAS","0.05","2024-08-23","285","5.0","250","FUTCOM","CE","MCX_FO"
"MCX_FO|431684","431684","SILVERM24AUG90750PE","SILVER","9676.5","2024-08-21","90750","50.0","5","FUTCOM","PE","MCX_FO"
"MCX_FO|436443","436443","GOLDM24SEP70800CE","GOLD","1658.5","2024-09-24","70800","50.0","100","FUTCOM","CE","MCX_FO"
"MCX_FO|433456","433456","SILVER24AUG93750CE","SILVER","305.5","2024-08-27","93750","50.0","30","FUTCOM","CE","MCX_FO"
"MCX_FO|435703","435703","GOLD25MAY72000CE","GOLD","5335.0","2025-05-27","72000","50.0","1","FUTCOM","CE","MCX_FO"
"MCX_FO|432780","432780","GOLD25MAR68900PE","GOLD","5546.0","2025-03-26","68900","50.0","1","FUTCOM","PE","MCX_FO"
"MCX_FO|429545","429545","GOLD24SEP68400CE","GOLD","2661.0","2024-09-24","68400","50.0","1","FUTCOM","CE","MCX_FO"
"MCX_FO|430789","430789","GOLD24SEP72100PE","GOLD","5534.0","2024-09-24","72100","50.0","1","FUTCOM","PE","MCX_FO"
"MCX_FO|435152","435152","NATURALGAS24AUG280PE","NATURALGAS","103.6","2024-08-23","280","5.0","1250","FUTCOM","PE","MCX_FO"
"MCX_FO|428839","428839","GOLD25JAN63100PE","GOLD","2619.5","2025-01-27","63100","50.0","1","FUTCOM","PE","MCX_FO"
"MCX_FO|436554","436554","GOLDM24SEP76000CE","GOLD","527.0","2024-09-24","76000","50.0","100","FUTCOM","CE","MCX_FO"
"MCX_FO|435198","435198","SILVERM24NOV105250PE","SILVER","21894.0","2024-11-20","105250","50.0","5","FUTCOM","PE","MCX_FO"
"MCX_FO|426935","426935","SILVERM24AUG83500PE","SILVER","3330.0","2024-08-21","83500","50.0","5","FUTCOM","PE","MCX_FO"
"MCX_FO|435767","435767","GOLD25MAY70600PE","GOLD","6877.0","2025-05-27","70600","50.0","1","FUTCOM","PE","MCX_FO"
"MCX_FO|433907","433907","GOLD24NOV77000PE","GOLD","9573.0","2024-11-26","77000","50.0","1","FUTCOM","PE","MCX_FO"
"MCX_FO|426562","426562","GOLD24SEP64000CE","GOLD","5136.0","2024-09-24","64000","50.0","1","FUTCOM","CE","MCX_FO"
"MCX_FO|435134","435134","NATURALGAS24AUG205PE","NATURALGAS","33.5","2024-08-23","205","5.0","1250","FUTCOM","PE","MCX_FO"
"MCX_FO|430855","430855","SILVER24NOV89500CE","SILVER","3868.0","2024-11-26","89500","50.0","30","FUTCOM","CE","MCX_FO"
"MCX_FO|431157","431157","GOLD24SEP73300PE","GOLD","6428.0","2024-09-24","73300","50.0","1","FUTCOM","PE","MCX_FO"
"MCX_FO|426726","426726","SILVER24AUG81250CE","SILVER","3267.0","2024-08-27","81250","50.0","30","FUTCOM","CE","MCX_FO"
"MCX_FO|430096","430096","SILVERM25FEB87000PE","SILVER","8156.5","2025-02-19","87000","50.0","5","FUTCOM","PE","MCX_FO"
"MCX_FO|436281","436281","NATURALGAS24AUG145PE","NATURALGAS","2.35","2024-08-23","145","5.0","1250","FUTCOM","PE","MCX_FO"
"MCX_FO|436250","436250","COPPER24OCT845CE","COPPER","26.25","2024-10-22","845","1.0","2500","FUTCOM","CE","MCX_FO"
"MCX_FO|436882","436882","SILVERM25JUN108500CE","SILVER","4770.0","2025-06-19","108500","50.0","5","FUTCOM","CE","MCX_FO"
"MCX_FO|433419","433419","GOLD25MAR76600PE","GOLD","10194.5","2025-03-26","76600","50.0","1","FUTCOM","PE","MCX_FO"
"MCX_FO|431438","431438","GOLD24NOV74200CE","GOLD","1773.0","2024-11-26","74200","50.0","1","FUTCOM","CE","MCX_FO"
"MCX_FO|434738","434738","SILVERM24NOV102500CE","SILVER","1048.5","2024-11-20","102500","50.0","5","FUTCOM","CE","MCX_FO"
"MCX_FO|437213","437213","CRUDEOIL24SEP5250PE","CRUDE OIL","0.1","2024-09-17","5250","10.0","100","FUTCOM","PE","MCX_FO"
"MCX_FO|435751","435751","GOLD25MAY72200PE","GOLD","7768.0","2025-05-27","72200","50.0","1","FUTCOM","PE","MCX_FO"
"MCX_FO|436940","436940","COPPER24OCT805PE","COPPER","31.47","2024-10-22","805","1.0","2500","FUTCOM","PE","MCX_FO"
"MCX_FO|434586","434586","SILVER25FEB107000CE","SILVER","2345.5","2025-02-24","107000","50.0","30","FUTCOM","CE","MCX_FO"
"MCX_FO|426735","426735","SILVER24AUG83500CE","SILVER","1548.0","2024-08-27","83500","50.0","30","FUTCOM","CE","MCX_FO"
"MCX_FO|436387","436387","CRUDEOIL24AUG8200PE","CRUDE OIL","1621.7","2024-08-14","8200","10.0","100","FUTCOM","PE","MCX_FO"
"MCX_FO|429691","429691","GOLD24NOV69700CE","GOLD","3253.0","2024-11-26","69700","50.0","1","FUTCOM","CE","MCX_FO"
"MCX_FO|436461","436461","GOLDM24SEP74900CE","GOLD","685.5","2024-09-24","74900","50.0","100","FUTCOM","CE","MCX_FO"
"MCX_FO|437240","437240","ZINC24OCT232.5PE","ZINC","15.6","2024-10-22","232.5","1.0","5","FUTCOM","PE","MCX_FO"
"MCX_FO|431709","431709","SILVER24NOV93750PE","SILVER","12712.0","2024-11-26","93750","50.0","30","FUTCOM","PE","MCX_FO"
"MCX_FO|430931","430931","SILVERM24NOV87750PE","SILVER","8213.5","2024-11-20","87750","50.0","5","FUTCOM","PE","MCX_FO"
"MCX_FO|430735","430735","GOLD24SEP71600CE","GOLD","1495.0","2024-09-24","71600","50.0","1","FUTCOM","CE","MCX_FO"
"MCX_FO|436836","436836","GOLDM24SEP77100CE","GOLD","401.0","2024-09-24","77100","50.0","100","FUTCOM","CE","MCX_FO"
"MCX_FO|430358","430358","GOLD24SEP70600CE","GOLD","1806.5","2024-09-24","70600","50.0","1","FUTCOM","CE","MCX_FO"
"MCX_FO|426822","426822","SILVERM24AUG80250CE","SILVER","3504.0","2024-08-21","80250","50.0","5","FUTCOM","CE","MCX_FO"
"MCX_FO|435716","435716","GOLD25MAY70700CE","GOLD","5837.0","2025-05-27","70700","50.0","1","FUTCOM","CE","MCX_FO"
"MCX_FO|435840","435840","CRUDEOIL24SEP6200CE","CRUDE OIL","354.5","2024-09-17","6200","10.0","100","FUTCOM","CE","MCX_FO"
"MCX_FO|437737","437737","SILVERM25APR85250CE","SILVER","10071.0","2025-04-21","85250","50.0","5","FUTCOM","CE","MCX_FO"
"MCX_FO|434679","434679","SILVER25APR105500PE","SILVER","21044.5","2025-04-24","105500","50.0","30","FUTCOM","PE","MCX_FO"
"MCX_FO|434571","434571","SILVER24NOV104500CE","SILVER","999.5","2024-11-26","104500","50.0","30","FUTCOM","CE","MCX_FO"
"MCX_FO|437205","437205","COPPER24AUG785CE","COPPER","20.41","2024-08-21","785","1.0","2500","FUTCOM","CE","MCX_FO"
"MCX_FO|433015","433015","COPPER24AUG855PE","COPPER","59.62","2024-08-21","855","1.0","2500","FUTCOM","PE","MCX_FO"
"MCX_FO|436208","436208","NATGASMINI24SEP290PE","NATURALGAS","102.1","2024-09-23","290","5.0","250","FUTCOM","PE","MCX_FO"
"MCX_FO|437266","437266","COPPER24OCT785CE","COPPER","55.03","2024-10-22","785","1.0","2500","FUTCOM","CE","MCX_FO"
"MCX_FO|431090","431090","GOLD24SEP73200CE","GOLD","1086.5","2024-09-24","73200","50.0","1","FUTCOM","CE","MCX_FO"
"MCX_FO|436591","436591","SILVER25JUN100000PE","SILVER","17088.5","2025-06-25","100000","50.0","30","FUTCOM","PE","MCX_FO"
"MCX_FO|437634","437634","GOLDM24AUG65700CE","GOLD","3211.5","2024-08-27","65700","50.0","100","FUTCOM","CE","MCX_FO"
"MCX_FO|430030","430030","SILVERM25FEB75000PE","SILVER","3074.0","2025-02-19","75000","50.0","5","FUTCOM","PE","MCX_FO"
"MCX_FO|434862","434862","SILVERM25APR107750PE","SILVER","21319.0","2025-04-21","107750","50.0","5","FUTCOM","PE","MCX_FO"
"MCX_FO|436488","436488","GOLDM24SEP71300PE","GOLD","4731.0","2024-09-24","71300","50.0","100","FUTCOM","PE","MCX_FO"
"MCX_FO|434822","434822","SILVERM24NOV102000PE","SILVER","19037.0","2024-11-20","102000","50.0","5","FUTCOM","PE","MCX_FO"
"MCX_FO|437627","437627","GOLDM24AUG66400CE","GOLD","2783.0","2024-08-27","66400","50.0","100","FUTCOM","CE","MCX_FO"
"MCX_FO|436647","436647","SILVER25JUN105500CE","SILVER","4985.5","2025-06-25","105500","50.0","30","FUTCOM","CE","MCX_FO"
"MCX_FO|435708","435708","GOLD25MAY71500CE","GOLD","5524.0","2025-05-27","71500","50.0","1","FUTCOM","CE","MCX_FO"
"MCX_FO|433801","433801","SILVERM25APR99750CE","SILVER","4775.0","2025-04-21","99750","50.0","5","FUTCOM","CE","MCX_FO"
"MCX_FO|434601","434601","SILVER25APR107750CE","SILVER","3186.0","2025-04-24","107750","50.0","30","FUTCOM","CE","MCX_FO"
"MCX_FO|431115","431115","GOLD25JAN72800CE","GOLD","3481.5","2025-01-27","72800","50.0","1","FUTCOM","CE","MCX_FO"
"MCX_FO|433024","433024","COPPER24AUG905PE","COPPER","108.46","2024-08-21","905","1.0","2500","FUTCOM","PE","MCX_FO"
"MCX_FO|433554","433554","SILVER25APR85500PE","SILVER","8240.0","2025-04-24","85500","50.0","30","FUTCOM","PE","MCX_FO"
"MCX_FO|428802","428802","GOLD25JAN64400CE","GOLD","7266.5","2025-01-27","64400","50.0","1","FUTCOM","CE","MCX_FO"
"MCX_FO|428808","428808","GOLD25JAN65000CE","GOLD","6927.0","2025-01-27","65000","50.0","1","FUTCOM","CE","MCX_FO"
"MCX_FO|429878","429878","SILVER25FEB78000CE","SILVER","12161.0","2025-02-24","78000","50.0","30","FUTCOM","CE","MCX_FO"
"MCX_FO|435806","435806","COPPER24SEP830CE","COPPER","13.62","2024-09-19","830","1.0","2500","FUTCOM","CE","MCX_FO"
"MCX_FO|436009","436009","CRUDEOILM24SEP5600PE","CRUDE OIL","1.75","2024-09-17","5600","5.0","10","FUTCOM","PE","MCX_FO"
"MCX_FO|429323","429323","GOLD24SEP67900PE","GOLD","2917.5","2024-09-24","67900","50.0","1","FUTCOM","PE","MCX_FO"
"MCX_FO|433537","433537","SILVER25APR89750PE","SILVER","10510.0","2025-04-24","89750","50.0","30","FUTCOM","PE","MCX_FO"
"MCX_FO|426918","426918","SILVERM24AUG79250PE","SILVER","1892.0","2024-08-21","79250","50.0","5","FUTCOM","PE","MCX_FO"
"MCX_FO|426905","426905","SILVERM24AUG73750PE","SILVER","464.5","2024-08-21","73750","50.0","5","FUTCOM","PE","MCX_FO"
"MCX_FO|427592","427592","SILVERM24NOV86750CE","SILVER","4571.5","2024-11-20","86750","50.0","5","FUTCOM","CE","MCX_FO"
"MCX_FO|431364","431364","SILVER25FEB92750PE","SILVER","12082.0","2025-02-24","92750","50.0","30","FUTCOM","PE","MCX_FO"
"MCX_FO|436043","436043","CRUDEOILM24SEP5400CE","CRUDE OIL","1082.9","2024-09-17","5400","5.0","10","FUTCOM","CE","MCX_FO"
"MCX_FO|435455","435455","CRUDEOILM24AUG5050PE","CRUDE OIL","0.05","2024-08-14","5050","5.0","10","FUTCOM","PE","MCX_FO"
"MCX_FO|434654","434654","SILVER24NOV103500PE","SILVER","20625.5","2024-11-26","103500","50.0","30","FUTCOM","PE","MCX_FO"
"MCX_FO|426840","426840","SILVERM24NOV79000CE","SILVER","8251.0","2024-11-20","79000","50.0","5","FUTCOM","CE","MCX_FO"
"MCX_FO|429565","429565","GOLD25JAN69800CE","GOLD","4601.0","2025-01-27","69800","50.0","1","FUTCOM","CE","MCX_FO"
"MCX_FO|434576","434576","SILVER25FEB104500CE","SILVER","2749.5","2025-02-24","104500","50.0","30","FUTCOM","CE","MCX_FO"
"MCX_FO|428816","428816","GOLD25JAN62500PE","GOLD","2414.5","2025-01-27","62500","50.0","1","FUTCOM","PE","MCX_FO"
"MCX_FO|430567","430567","GOLD24SEP70700PE","GOLD","4567.5","2024-09-24","70700","50.0","1","FUTCOM","PE","MCX_FO"
"MCX_FO|435220","435220","NATGASMINI24AUG170CE","NATURALGAS","14.05","2024-08-23","170","5.0","250","FUTCOM","CE","MCX_FO"
"MCX_FO|436571","436571","ZINC24SEP290PE","ZINC","40.8","2024-09-19","290","1.0","5","FUTCOM","PE","MCX_FO"
"MCX_FO|430060","430060","SILVERM25FEB85500PE","SILVER","7367.0","2025-02-19","85500","50.0","5","FUTCOM","PE","MCX_FO"
"MCX_FO|433014","433014","COPPER24AUG860PE","COPPER","64.35","2024-08-21","860","1.0","2500","FUTCOM","PE","MCX_FO"
"MCX_FO|426714","426714","SILVER24AUG78250CE","SILVER","4930.0","2024-08-27","78250","50.0","30","FUTCOM","CE","MCX_FO"
"MCX_FO|436965","436965","CRUDEOIL24OCT6450CE","CRUDE OIL","149.6","2024-10-17","6450","10.0","100","FUTCOM","CE","MCX_FO"
"MCX_FO|431923","431923","GOLD25MAR71300CE","GOLD","4764.0","2025-03-26","71300","50.0","1","FUTCOM","CE","MCX_FO"
"MCX_FO|433673","433673","SILVERM25APR90250PE","SILVER","9555.5","2025-04-21","90250","50.0","5","FUTCOM","PE","MCX_FO"
"MCX_FO|429947","429947","SILVER25FEB84750PE","SILVER","7490.0","2025-02-24","84750","50.0","30","FUTCOM","PE","MCX_FO"
"MCX_FO|435750","435750","GOLD25MAY74800CE","GOLD","4370.5","2025-05-27","74800","50.0","1","FUTCOM","CE","MCX_FO"
"MCX_FO|429348","429348","GOLD25JAN69100PE","GOLD","5265.5","2025-01-27","69100","50.0","1","FUTCOM","PE","MCX_FO"
"MCX_FO|435855","435855","CRUDEOIL24SEP5450CE","CRUDE OIL","1031.8","2024-09-17","5450","10.0","100","FUTCOM","CE","MCX_FO"
"MCX_FO|435581","435581","GOLDM24AUG74200PE","GOLD","6713.5","2024-08-27","74200","50.0","100","FUTCOM","PE","MCX_FO"
"MCX_FO|435293","435293","SILVER24NOV106250PE","SILVER","23048.5","2024-11-26","106250","50.0","30","FUTCOM","PE","MCX_FO"
"MCX_FO|431365","431365","SILVER25FEB93000PE","SILVER","12242.0","2025-02-24","93000","50.0","30","FUTCOM","PE","MCX_FO"
"MCX_FO|437851","437851","NATURALGAS24OCT255PE","NATURALGAS","0.0","2024-10-24","255","5.0","1250","FUTCOM","PE","MCX_FO"
"MCX_FO|432103","432103","SILVERM25FEB97250CE","SILVER","3949.5","2025-02-19","97250","50.0","5","FUTCOM","CE","MCX_FO"
"MCX_FO|435500","435500","GOLDM24AUG71400CE","GOLD","779.0","2024-08-27","71400","50.0","100","FUTCOM","CE","MCX_FO"
"MCX_FO|435872","435872","CRUDEOIL24SEP7450CE","CRUDE OIL","4.1","2024-09-17","7450","10.0","100","FUTCOM","CE","MCX_FO"
"MCX_FO|434768","434768","SILVERM25APR105750CE","SILVER","3410.0","2025-04-21","105750","50.0","5","FUTCOM","CE","MCX_FO"
"MCX_FO|435647","435647","NATGASMINI24AUG325CE","NATURALGAS","0.05","2024-08-23","325","5.0","250","FUTCOM","CE","MCX_FO"
"MCX_FO|433725","433725","COPPER24AUG955CE","COPPER","0.01","2024-08-21","955","1.0","2500","FUTCOM","CE","MCX_FO"
"MCX_FO|431500","431500","SILVER24NOV93000CE","SILVER","2887.0","2024-11-26","93000","50.0","30","FUTCOM","CE","MCX_FO"
"MCX_FO|427280","427280","SILVER24NOV81750CE","SILVER","6982.0","2024-11-26","81750","50.0","30","FUTCOM","CE","MCX_FO"
"MCX_FO|431771","431771","SILVER24NOV94000CE","SILVER","2648.0","2024-11-26","94000","50.0","30","FUTCOM","CE","MCX_FO"
"MCX_FO|435494","435494","GOLDM24AUG72000CE","GOLD","175.5","2024-08-27","72000","50.0","100","FUTCOM","CE","MCX_FO"
"MCX_FO|426894","426894","SILVERM24AUG76500PE","SILVER","1003.0","2024-08-21","76500","50.0","5","FUTCOM","PE","MCX_FO"
"MCX_FO|436202","436202","NATGASMINI24SEP260PE","NATURALGAS","73.55","2024-09-23","260","5.0","250","FUTCOM","PE","MCX_FO"
"MCX_FO|429975","429975","SILVERM25FEB76250CE","SILVER","12987.5","2025-02-19","76250","50.0","5","FUTCOM","CE","MCX_FO"
"MCX_FO|429272","429272","GOLD24SEP68000CE","GOLD","1547.5","2024-09-24","68000","50.0","1","FUTCOM","CE","MCX_FO"
"MCX_FO|437823","437823","NATURALGAS24OCT265CE","NATURALGAS","0.0","2024-10-24","265","5.0","1250","FUTCOM","CE","MCX_FO"
"MCX_FO|430874","430874","SILVER24AUG87500PE","SILVER","6408.5","2024-08-27","87500","50.0","30","FUTCOM","PE","MCX_FO"
"MCX_FO|428859","428859","GOLD25JAN65100PE","GOLD","3381.0","2025-01-27","65100","50.0","1","FUTCOM","PE","MCX_FO"
"MCX_FO|434625","434625","SILVER24AUG99000PE","SILVER","17639.5","2024-08-27","99000","50.0","30","FUTCOM","PE","MCX_FO"
"MCX_FO|436269","436269","COPPER24OCT820PE","COPPER","38.88","2024-10-22","820","1.0","2500","FUTCOM","PE","MCX_FO"
"MCX_FO|435235","435235","NATGASMINI24AUG310CE","NATURALGAS","0.05","2024-08-23","310","5.0","250","FUTCOM","CE","MCX_FO"
"MCX_FO|435971","435971","CRUDEOILM24SEP7300CE","CRUDE OIL","7.05","2024-09-17","7300","5.0","10","FUTCOM","CE","MCX_FO"
"MCX_FO|437416","437416","GOLDM24AUG68300PE","GOLD","2347.0","2024-08-27","68300","50.0","100","FUTCOM","PE","MCX_FO"
"MCX_FO|433884","433884","GOLD25JAN77400CE","GOLD","2198.0","2025-01-27","77400","50.0","1","FUTCOM","CE","MCX_FO"
"MCX_FO|434974","434974","CRUDEOILM24AUG6950PE","CRUDE OIL","394.2","2024-08-14","6950","5.0","10","FUTCOM","PE","MCX_FO"
"MCX_FO|436411","436411","GOLD25MAY77400CE","GOLD","3608.0","2025-05-27","77400","50.0","1","FUTCOM","CE","MCX_FO"
"MCX_FO|435788","435788","GOLD25MAY73600PE","GOLD","8591.0","2025-05-27","73600","50.0","1","FUTCOM","PE","MCX_FO"
"MCX_FO|431093","431093","GOLD24SEP73500CE","GOLD","1021.0","2024-09-24","73500","50.0","1","FUTCOM","CE","MCX_FO"
"MCX_FO|430987","430987","SILVER24NOV90750CE","SILVER","3490.5","2024-11-26","90750","50.0","30","FUTCOM","CE","MCX_FO"
"MCX_FO|436377","436377","ZINC24OCT280CE","ZINC","7.85","2024-10-22","280","1.0","5","FUTCOM","CE","MCX_FO"
"MCX_FO|426961","426961","SILVERM24NOV73750PE","SILVER","1965.5","2024-11-20","73750","50.0","5","FUTCOM","PE","MCX_FO"
"MCX_FO|437495","437495","SILVER25JUN89000PE","SILVER","10480.5","2025-06-25","89000","50.0","30","FUTCOM","PE","MCX_FO"
"MCX_FO|428744","428744","SILVERM24NOV69250PE","SILVER","1008.0","2024-11-20","69250","50.0","5","FUTCOM","PE","MCX_FO"
"MCX_FO|431748","431748","GOLD25JAN75100PE","GOLD","8933.5","2025-01-27","75100","50.0","1","FUTCOM","PE","MCX_FO"
"MCX_FO|431344","431344","SILVER24NOV91750CE","SILVER","3210.5","2024-11-26","91750","50.0","30","FUTCOM","CE","MCX_FO"
"MCX_FO|429872","429872","SILVER25FEB79750CE","SILVER","11172.5","2025-02-24","79750","50.0","30","FUTCOM","CE","MCX_FO"
"MCX_FO|435016","435016","CRUDEOIL24AUG5250PE","CRUDE OIL","0.1","2024-08-14","5250","10.0","100","FUTCOM","PE","MCX_FO"
"MCX_FO|435993","435993","CRUDEOILM24SEP6400PE","CRUDE OIL","126.35","2024-09-17","6400","5.0","10","FUTCOM","PE","MCX_FO"
"MCX_FO|436265","436265","COPPER24OCT840PE","COPPER","50.16","2024-10-22","840","1.0","2500","FUTCOM","PE","MCX_FO"
"MCX_FO|434373","434373","CRUDEOIL24AUG5650PE","CRUDE OIL","0.1","2024-08-14","5650","10.0","100","FUTCOM","PE","MCX_FO"
"MCX_FO|429881","429881","SILVER25FEB77250CE","SILVER","12602.5","2025-02-24","77250","50.0","30","FUTCOM","CE","MCX_FO"
"MCX_FO|430760","430760","GOLD25JAN72400CE","GOLD","3617.0","2025-01-27","72400","50.0","1","FUTCOM","CE","MCX_FO"
"MCX_FO|430007","430007","SILVERM25FEB84750CE","SILVER","8344.0","2025-02-19","84750","50.0","5","FUTCOM","CE","MCX_FO"
"MCX_FO|431804","431804","GOLD24SEP75700CE","GOLD","633.0","2024-09-24","75700","50.0","1","FUTCOM","CE","MCX_FO"
"MCX_FO|429583","429583","GOLD24SEP68800PE","GOLD","3404.0","2024-09-24","68800","50.0","1","FUTCOM","PE","MCX_FO"
"MCX_FO|428276","428276","GOLD24NOV59400CE","GOLD","9545.5","2024-11-26","59400","50.0","1","FUTCOM","CE","MCX_FO"
"MCX_FO|436462","436462","GOLDM24SEP75000CE","GOLD","669.5","2024-09-24","75000","50.0","100","FUTCOM","CE","MCX_FO"
"MCX_FO|434340","434340","CRUDEOIL24AUG7150CE","CRUDE OIL","17.6","2024-08-14","7150","10.0","100","FUTCOM","CE","MCX_FO"
"MCX_FO|437756","437756","SILVERM25JUN84750CE","SILVER","12402.0","2025-06-19","84750","50.0","5","FUTCOM","CE","MCX_FO"
"MCX_FO|433630","433630","SILVERM25APR93250CE","SILVER","6758.5","2025-04-21","93250","50.0","5","FUTCOM","CE","MCX_FO"
"MCX_FO|434424","434424","GOLD24NOV77500CE","GOLD","1080.0","2024-11-26","77500","50.0","1","FUTCOM","CE","MCX_FO"
"MCX_FO|437839","437839","NATURALGAS24OCT180PE","NATURALGAS","0.0","2024-10-24","180","5.0","1250","FUTCOM","PE","MCX_FO"
"MCX_FO|435899","435899","CRUDEOIL24SEP5800PE","CRUDE OIL","9.0","2024-09-17","5800","10.0","100","FUTCOM","PE","MCX_FO"
"MCX_FO|436673","436673","SILVER25JUN94500PE","SILVER","13604.5","2025-06-25","94500","50.0","30","FUTCOM","PE","MCX_FO"
"MCX_FO|431148","431148","GOLD24SEP72400PE","GOLD","5752.5","2024-09-24","72400","50.0","1","FUTCOM","PE","MCX_FO"
"MCX_FO|433778","433778","SILVER25APR98250PE","SILVER","15826.0","2025-04-24","98250","50.0","30","FUTCOM","PE","MCX_FO"
"MCX_FO|437541","437541","CRUDEOILM24SEP5200CE","CRUDE OIL","1280.5","2024-09-17","5200","5.0","10","FUTCOM","CE","MCX_FO"
"MCX_FO|433572","433572","SILVER25APR95250PE","SILVER","13840.5","2025-04-24","95250","50.0","30","FUTCOM","PE","MCX_FO"
"MCX_FO|434821","434821","SILVERM24NOV101750PE","SILVER","18821.5","2024-11-20","101750","50.0","5","FUTCOM","PE","MCX_FO"
"MCX_FO|433609","433609","SILVERM25APR89250CE","SILVER","8285.0","2025-04-21","89250","50.0","5","FUTCOM","CE","MCX_FO"
"MCX_FO|435825","435825","CRUDEOIL24SEP6650CE","CRUDE OIL","111.7","2024-09-17","6650","10.0","100","FUTCOM","CE","MCX_FO"
"MCX_FO|426641","426641","GOLD24SEP62600PE","GOLD","924.5","2024-09-24","62600","50.0","1","FUTCOM","PE","MCX_FO"
"MCX_FO|429990","429990","SILVERM25FEB80500CE","SILVER","10485.5","2025-02-19","80500","50.0","5","FUTCOM","CE","MCX_FO"
"MCX_FO|433405","433405","GOLD24NOV76400PE","GOLD","9100.0","2024-11-26","76400","50.0","1","FUTCOM","PE","MCX_FO"
"MCX_FO|430796","430796","GOLD24NOV71700PE","GOLD","5741.0","2024-11-26","71700","50.0","1","FUTCOM","PE","MCX_FO"
"MCX_FO|434058","434058","SILVER24AUG97750PE","SILVER","16429.5","2024-08-27","97750","50.0","30","FUTCOM","PE","MCX_FO"
"MCX_FO|435896","435896","CRUDEOIL24SEP5950PE","CRUDE OIL","20.9","2024-09-17","5950","10.0","100","FUTCOM","PE","MCX_FO"
"MCX_FO|434982","434982","CRUDEOILM24AUG7350PE","CRUDE OIL","778.55","2024-08-14","7350","5.0","10","FUTCOM","PE","MCX_FO"
"MCX_FO|437183","437183","CRUDEOILM24OCT6850PE","CRUDE OIL","541.0","2024-10-17","6850","5.0","10","FUTCOM","PE","MCX_FO"
"MCX_FO|431863","431863","SILVERM24AUG91750PE","SILVER","10577.5","2024-08-21","91750","50.0","5","FUTCOM","PE","MCX_FO"
"MCX_FO|426943","426943","SILVERM24NOV78250PE","SILVER","3413.0","2024-11-20","78250","50.0","5","FUTCOM","PE","MCX_FO"
"MCX_FO|434429","434429","GOLD25JAN78100CE","GOLD","2043.0","2025-01-27","78100","50.0","1","FUTCOM","CE","MCX_FO"
"MCX_FO|426844","426844","SILVERM24NOV78000CE","SILVER","8841.5","2024-11-20","78000","50.0","5","FUTCOM","CE","MCX_FO"
"MCX_FO|433788","433788","SILVER25APR100750PE","SILVER","17562.5","2025-04-24","100750","50.0","30","FUTCOM","PE","MCX_FO"
"MCX_FO|435553","435553","GOLDM24AUG71100PE","GOLD","4172.0","2024-08-27","71100","50.0","100","FUTCOM","PE","MCX_FO"
"MCX_FO|435322","435322","SILVERM24NOV105500PE","SILVER","22117.5","2024-11-20","105500","50.0","5","FUTCOM","PE","MCX_FO"
"MCX_FO|426568","426568","GOLD24SEP64600CE","GOLD","4738.0","2024-09-24","64600","50.0","1","FUTCOM","CE","MCX_FO"
"MCX_FO|435975","435975","CRUDEOILM24SEP7500CE","CRUDE OIL","2.45","2024-09-17","7500","5.0","10","FUTCOM","CE","MCX_FO"
"MCX_FO|434131","434131","SILVERM24AUG97500CE","SILVER","65.5","2024-08-21","97500","50.0","5","FUTCOM","CE","MCX_FO"
"MCX_FO|434393","434393","CRUDEOIL24AUG7300PE","CRUDE OIL","727.6","2024-08-14","7300","10.0","100","FUTCOM","PE","MCX_FO"
"MCX_FO|437759","437759","SILVERM25JUN84000CE","SILVER","12753.5","2025-06-19","84000","50.0","5","FUTCOM","CE","MCX_FO"
"MCX_FO|434556","434556","SILVER24NOV100750CE","SILVER","1435.0","2024-11-26","100750","50.0","30","FUTCOM","CE","MCX_FO"
"MCX_FO|436791","436791","SILVERM25JUN103750PE","SILVER","19840.5","2025-06-19","103750","50.0","5","FUTCOM","PE","MCX_FO"
"MCX_FO|437218","437218","SILVER25JUN90750CE","SILVER","9352.0","2025-06-25","90750","50.0","30","FUTCOM","CE","MCX_FO"
"MCX_FO|433387","433387","GOLD25JAN77200CE","GOLD","2244.0","2025-01-27","77200","50.0","1","FUTCOM","CE","MCX_FO"
"MCX_FO|436309","436309","ZINC24OCT272.5PE","ZINC","39.92","2024-10-22","272.5","1.0","5","FUTCOM","PE","MCX_FO"
"MCX_FO|433756","433756","SILVER25APR98500CE","SILVER","5185.0","2025-04-24","98500","50.0","30","FUTCOM","CE","MCX_FO"
"MCX_FO|433797","433797","SILVERM25APR98750CE","SILVER","5043.5","2025-04-21","98750","50.0","5","FUTCOM","CE","MCX_FO"
"MCX_FO|437127","437127","CRUDEOILM24OCT6650CE","CRUDE OIL","152.7","2024-10-17","6650","5.0","10","FUTCOM","CE","MCX_FO"
"MCX_FO|434929","434929","CRUDEOILM24AUG7200CE","CRUDE OIL","2.2","2024-08-14","7200","5.0","10","FUTCOM","CE","MCX_FO"
"MCX_FO|435125","435125","NATURALGAS24AUG295CE","NATURALGAS","0.05","2024-08-23","295","5.0","1250","FUTCOM","CE","MCX_FO"
"MCX_FO|434132","434132","SILVERM24AUG97750CE","SILVER","60.5","2024-08-21","97750","50.0","5","FUTCOM","CE","MCX_FO"
"MCX_FO|435492","435492","GOLDM24AUG72200CE","GOLD","609.0","2024-08-27","72200","50.0","100","FUTCOM","CE","MCX_FO"
"MCX_FO|426570","426570","GOLD24SEP64800CE","GOLD","4609.5","2024-09-24","64800","50.0","1","FUTCOM","CE","MCX_FO"
"MCX_FO|437018","437018","CRUDEOIL24OCT6400PE","CRUDE OIL","164.0","2024-10-17","6400","10.0","100","FUTCOM","PE","MCX_FO"
"MCX_FO|435476","435476","COPPER24SEP845PE","COPPER","53.75","2024-09-19","845","1.0","2500","FUTCOM","PE","MCX_FO"
"MCX_FO|437044","437044","CRUDEOIL24OCT6650PE","CRUDE OIL","315.6","2024-10-17","6650","10.0","100","FUTCOM","PE","MCX_FO"
"MCX_FO|428778","428778","GOLD25JAN61300CE","GOLD","9191.5","2025-01-27","61300","50.0","1","FUTCOM","CE","MCX_FO"
"MCX_FO|426681","426681","GOLD24SEP65900PE","GOLD","1991.5","2024-09-24","65900","50.0","1","FUTCOM","PE","MCX_FO"
"MCX_FO|435262","435262","NATGASMINI24AUG295PE","NATURALGAS","118.25","2024-08-23","295","5.0","250","FUTCOM","PE","MCX_FO"
"MCX_FO|430011","430011","SILVERM25FEB85750CE","SILVER","7891.0","2025-02-19","85750","50.0","5","FUTCOM","CE","MCX_FO"
"MCX_FO|435919","435919","CRUDEOIL24SEP7250PE","CRUDE OIL","761.0","2024-09-17","7250","10.0","100","FUTCOM","PE","MCX_FO"
"MCX_FO|436214","436214","NATURALGAS24SEP165CE","NATURALGAS","27.5","2024-09-23","165","5.0","1250","FUTCOM","CE","MCX_FO"
"MCX_FO|430047","430047","SILVERM25FEB82250PE","SILVER","5804.5","2025-02-19","82250","50.0","5","FUTCOM","PE","MCX_FO"
"MCX_FO|430779","430779","GOLD24SEP71100PE","GOLD","4835.0","2024-09-24","71100","50.0","1","FUTCOM","PE","MCX_FO"
"MCX_FO|436685","436685","SILVER25JUN102500PE","SILVER","18778.5","2025-06-25","102500","50.0","30","FUTCOM","PE","MCX_FO"
"MCX_FO|434877","434877","ZINC24AUG292.5CE","ZINC","0.01","2024-08-21","292.5","1.0","5","FUTCOM","CE","MCX_FO"
"MCX_FO|435922","435922","CRUDEOIL24SEP7400PE","CRUDE OIL","903.8","2024-09-17","7400","10.0","100","FUTCOM","PE","MCX_FO"
"MCX_FO|436318","436318","NATGASMINI24SEP155PE","NATURALGAS","4.25","2024-09-23","155","5.0","250","FUTCOM","PE","MCX_FO"
"MCX_FO|435936","435936","CRUDEOILM24SEP6700CE","CRUDE OIL","89.6","2024-09-17","6700","5.0","10","FUTCOM","CE","MCX_FO"
"MCX_FO|427717","427717","SILVER24NOV72500PE","SILVER","1899.0","2024-11-26","72500","50.0","30","FUTCOM","PE","MCX_FO"
"MCX_FO|436703","436703","SILVERM25JUN99500CE","SILVER","6949.0","2025-06-19","99500","50.0","5","FUTCOM","CE","MCX_FO"
"MCX_FO|436969","436969","CRUDEOIL24OCT6250CE","CRUDE OIL","256.2","2024-10-17","6250","10.0","100","FUTCOM","CE","MCX_FO"
"MCX_FO|426482","426482","SILVERM24NOV79500PE","SILVER","3909.0","2024-11-20","79500","50.0","5","FUTCOM","PE","MCX_FO"
"MCX_FO|431339","431339","SILVER24AUG89500CE","SILVER","473.0","2024-08-27","89500","50.0","30","FUTCOM","CE","MCX_FO"
"MCX_FO|428272","428272","GOLD24NOV59800CE","GOLD","9228.5","2024-11-26","59800","50.0","1","FUTCOM","CE","MCX_FO"
"MCX_FO|434422","434422","GOLD24NOV77300CE","GOLD","1114.5","2024-11-26","77300","50.0","1","FUTCOM","CE","MCX_FO"
"MCX_FO|433022","433022","COPPER24AUG895PE","COPPER","98.54","2024-08-21","895","1.0","2500","FUTCOM","PE","MCX_FO"
"MCX_FO|433792","433792","SILVERM24AUG94750CE","SILVER","146.0","2024-08-21","94750","50.0","5","FUTCOM","CE","MCX_FO"
"MCX_FO|437587","437587","GOLD25MAY67800CE","GOLD","7091.0","2025-05-27","67800","50.0","1","FUTCOM","CE","MCX_FO"
"MCX_FO|436256","436256","COPPER24OCT815CE","COPPER","38.81","2024-10-22","815","1.0","2500","FUTCOM","CE","MCX_FO"
"MCX_FO|429197","429197","GOLD25JAN68000CE","GOLD","5393.5","2025-01-27","68000","50.0","1","FUTCOM","CE","MCX_FO"
"MCX_FO|437156","437156","CRUDEOILM24OCT6350PE","CRUDE OIL","228.25","2024-10-17","6350","5.0","10","FUTCOM","PE","MCX_FO"
"MCX_FO|436104","436104","NATURALGAS24SEP190CE","NATURALGAS","14.0","2024-09-23","190","5.0","1250","FUTCOM","CE","MCX_FO"
"MCX_FO|431098","431098","GOLD24NOV72700CE","GOLD","2190.0","2024-11-26","72700","50.0","1","FUTCOM","CE","MCX_FO"
"MCX_FO|436995","436995","CRUDEOIL24OCT6800CE","CRUDE OIL","45.0","2024-10-17","6800","10.0","100","FUTCOM","CE","MCX_FO"
"MCX_FO|434722","434722","SILVERM24AUG101250CE","SILVER","20.0","2024-08-21","101250","50.0","5","FUTCOM","CE","MCX_FO"
"MCX_FO|433675","433675","SILVERM25APR89750PE","SILVER","9281.5","2025-04-21","89750","50.0","5","FUTCOM","PE","MCX_FO"
"MCX_FO|428851","428851","GOLD25JAN64300PE","GOLD","3062.0","2025-01-27","64300","50.0","1","FUTCOM","PE","MCX_FO"
"MCX_FO|432085","432085","SILVER25FEB97250PE","SILVER","15105.5","2025-02-24","97250","50.0","30","FUTCOM","PE","MCX_FO"
"MCX_FO|437752","437752","SILVERM25JUN85750CE","SILVER","11945.5","2025-06-19","85750","50.0","5","FUTCOM","CE","MCX_FO"
"MCX_FO|429919","429919","SILVER25FEB80500PE","SILVER","5512.0","2025-02-24","80500","50.0","30","FUTCOM","PE","MCX_FO"
"MCX_FO|430729","430729","GOLD24SEP71000CE","GOLD","554.0","2024-09-24","71000","50.0","1","FUTCOM","CE","MCX_FO"
"MCX_FO|431591","431591","GOLD24SEP74200CE","GOLD","880.5","2024-09-24","74200","50.0","1","FUTCOM","CE","MCX_FO"
"MCX_FO|432102","432102","SILVERM24NOV94000CE","SILVER","2421.0","2024-11-20","94000","50.0","5","FUTCOM","CE","MCX_FO"
"MCX_FO|435247","435247","NATGASMINI24AUG185PE","NATURALGAS","19.1","2024-08-23","185","5.0","250","FUTCOM","PE","MCX_FO"
"MCX_FO|437589","437589","GOLD25MAY67600CE","GOLD","7184.0","2025-05-27","67600","50.0","1","FUTCOM","CE","MCX_FO"
"MCX_FO|433481","433481","SILVER25APR87250CE","SILVER","8997.5","2025-04-24","87250","50.0","30","FUTCOM","CE","MCX_FO"
"MCX_FO|426676","426676","GOLD24SEP65400PE","GOLD","1793.5","2024-09-24","65400","50.0","1","FUTCOM","PE","MCX_FO"
"MCX_FO|434209","434209","SILVERM24AUG98500PE","SILVER","17013.0","2024-08-21","98500","50.0","5","FUTCOM","PE","MCX_FO"
"MCX_FO|435893","435893","CRUDEOIL24SEP6100PE","CRUDE OIL","43.1","2024-09-17","6100","10.0","100","FUTCOM","PE","MCX_FO"
"MCX_FO|426971","426971","SILVERM24NOV81500PE","SILVER","4790.5","2024-11-20","81500","50.0","5","FUTCOM","PE","MCX_FO"
"MCX_FO|430999","430999","SILVER25FEB92000PE","SILVER","11606.5","2025-02-24","92000","50.0","30","FUTCOM","PE","MCX_FO"
"MCX_FO|434217","434217","SILVERM24NOV98500PE","SILVER","16084.5","2024-11-20","98500","50.0","5","FUTCOM","PE","MCX_FO"
"MCX_FO|437740","437740","SILVERM25APR84500CE","SILVER","10436.0","2025-04-21","84500","50.0","5","FUTCOM","CE","MCX_FO"
"MCX_FO|435146","435146","NATURALGAS24AUG250PE","NATURALGAS","73.85","2024-08-23","250","5.0","1250","FUTCOM","PE","MCX_FO"
"MCX_FO|427912","427912","GOLD24NOV61300CE","GOLD","8085.5","2024-11-26","61300","50.0","1","FUTCOM","CE","MCX_FO"
"MCX_FO|435940","435940","CRUDEOILM24SEP6500CE","CRUDE OIL","167.2","2024-09-17","6500","5.0","10","FUTCOM","CE","MCX_FO"
"MCX_FO|435732","435732","GOLD25MAY73000CE","GOLD","4972.5","2025-05-27","73000","50.0","1","FUTCOM","CE","MCX_FO"
"MCX_FO|436346","436346","NATGASMINI24AUG135CE","NATURALGAS","41.2","2024-08-23","135","5.0","250","FUTCOM","CE","MCX_FO"
"MCX_FO|435232","435232","NATGASMINI24AUG295CE","NATURALGAS","0.05","2024-08-23","295","5.0","250","FUTCOM","CE","MCX_FO"
"MCX_FO|437669","437669","GOLDM24SEP65800PE","GOLD","1754.5","2024-09-24","65800","50.0","100","FUTCOM","PE","MCX_FO"
"MCX_FO|433793","433793","SILVERM24NOV96250CE","SILVER","1957.5","2024-11-20","96250","50.0","5","FUTCOM","CE","MCX_FO"
"MCX_FO|437734","437734","SILVER25JUN82750PE","SILVER","7421.0","2025-06-25","82750","50.0","30","FUTCOM","PE","MCX_FO"
"MCX_FO|437490","437490","SILVER25JUN90250PE","SILVER","11156.5","2025-06-25","90250","50.0","30","FUTCOM","PE","MCX_FO"
"MCX_FO|437008","437008","CRUDEOIL24OCT7450CE","CRUDE OIL","1.9","2024-10-17","7450","10.0","100","FUTCOM","CE","MCX_FO"
"MCX_FO|435258","435258","NATGASMINI24AUG275PE","NATURALGAS","98.35","2024-08-23","275","5.0","250","FUTCOM","PE","MCX_FO"
"MCX_FO|431453","431453","GOLD24SEP74000PE","GOLD","6974.5","2024-09-24","74000","50.0","1","FUTCOM","PE","MCX_FO"
"MCX_FO|435237","435237","NATGASMINI24AUG235PE","NATURALGAS","58.85","2024-08-23","235","5.0","250","FUTCOM","PE","MCX_FO"
"MCX_FO|428800","428800","GOLD25JAN64200CE","GOLD","7382.0","2025-01-27","64200","50.0","1","FUTCOM","CE","MCX_FO"
"MCX_FO|426958","426958","SILVERM24NOV74500PE","SILVER","2171.0","2024-11-20","74500","50.0","5","FUTCOM","PE","MCX_FO"
"MCX_FO|435819","435819","GOLD25MAY75200PE","GOLD","9579.0","2025-05-27","75200","50.0","1","FUTCOM","PE","MCX_FO"
"MCX_FO|426942","426942","SILVERM24NOV78500PE","SILVER","3509.0","2024-11-20","78500","50.0","5","FUTCOM","PE","MCX_FO"
"MCX_FO|435894","435894","CRUDEOIL24SEP6050PE","CRUDE OIL","34.3","2024-09-17","6050","10.0","100","FUTCOM","PE","MCX_FO"
"MCX_FO|430894","430894","SILVERM24AUG85750CE","SILVER","1305.0","2024-08-21","85750","50.0","5","FUTCOM","CE","MCX_FO"
"MCX_FO|429322","429322","GOLD24SEP67800PE","GOLD","2866.0","2024-09-24","67800","50.0","1","FUTCOM","PE","MCX_FO"
"MCX_FO|432203","432203","GOLD25MAR75700PE","GOLD","9584.0","2025-03-26","75700","50.0","1","FUTCOM","PE","MCX_FO"
"MCX_FO|426865","426865","SILVERM24NOV80000CE","SILVER","7687.5","2024-11-20","80000","50.0","5","FUTCOM","CE","MCX_FO"
"MCX_FO|435126","435126","NATURALGAS24AUG300CE","NATURALGAS","4.0","2024-08-23","300","5.0","1250","FUTCOM","CE","MCX_FO"
"MCX_FO|436880","436880","SILVERM25JUN108000CE","SILVER","4872.5","2025-06-19","108000","50.0","5","FUTCOM","CE","MCX_FO"
"MCX_FO|434544","434544","SILVER24AUG100500CE","SILVER","56.0","2024-08-27","100500","50.0","30","FUTCOM","CE","MCX_FO"
"MCX_FO|436034","436034","CRUDEOILM24SEP7900PE","CRUDE OIL","1391.5","2024-09-17","7900","5.0","10","FUTCOM","PE","MCX_FO"
"MCX_FO|435805","435805","COPPER24AUG820CE","COPPER","9.46","2024-08-21","820","1.0","2500","FUTCOM","CE","MCX_FO"
"MCX_FO|435166","435166","SILVER25FEB108250CE","SILVER","2164.0","2025-02-24","108250","50.0","30","FUTCOM","CE","MCX_FO"
"MCX_FO|434243","434243","SILVERM25APR101750PE","SILVER","16862.5","2025-04-21","101750","50.0","5","FUTCOM","PE","MCX_FO"
"MCX_FO|433559","433559","SILVER25APR92000PE","SILVER","11821.5","2025-04-24","92000","50.0","30","FUTCOM","PE","MCX_FO"
"MCX_FO|433047","433047","ZINC24AUG245PE","ZINC","4.85","2024-08-21","245","1.0","5","FUTCOM","PE","MCX_FO"
"MCX_FO|437055","437055","CRUDEOIL24OCT7200PE","CRUDE OIL","785.7","2024-10-17","7200","10.0","100","FUTCOM","PE","MCX_FO"
"MCX_FO|429339","429339","GOLD25JAN68200PE","GOLD","4800.0","2025-01-27","68200","50.0","1","FUTCOM","PE","MCX_FO"
"MCX_FO|431434","431434","GOLD24SEP73900CE","GOLD","938.5","2024-09-24","73900","50.0","1","FUTCOM","CE","MCX_FO"
"MCX_FO|428767","428767","GOLD25JAN62400CE","GOLD","8475.5","2025-01-27","62400","50.0","1","FUTCOM","CE","MCX_FO"
"MCX_FO|435259","435259","NATGASMINI24AUG280PE","NATURALGAS","103.3","2024-08-23","280","5.0","250","FUTCOM","PE","MCX_FO"
"MCX_FO|434582","434582","SILVER25FEB106000CE","SILVER","2500.0","2025-02-24","106000","50.0","30","FUTCOM","CE","MCX_FO"
"MCX_FO|427306","427306","SILVER24NOV77500PE","SILVER","3456.5","2024-11-26","77500","50.0","30","FUTCOM","PE","MCX_FO"
"MCX_FO|433352","433352","SILVER25APR91250CE","SILVER","7440.0","2025-04-24","91250","50.0","30","FUTCOM","CE","MCX_FO"
"MCX_FO|433888","433888","GOLD25MAR77800CE","GOLD","2750.5","2025-03-26","77800","50.0","1","FUTCOM","CE","MCX_FO"
"MCX_FO|437603","437603","GOLD25MAR67300PE","GOLD","4759.5","2025-03-26","67300","50.0","1","FUTCOM","PE","MCX_FO"
"MCX_FO|433412","433412","GOLD25JAN76600PE","GOLD","9988.5","2025-01-27","76600","50.0","1","FUTCOM","PE","MCX_FO"
"MCX_FO|436450","436450","GOLDM24SEP73800CE","GOLD","882.0","2024-09-24","73800","50.0","100","FUTCOM","CE","MCX_FO"
"MCX_FO|437341","437341","GOLDM24AUG67700CE","GOLD","1772.0","2024-08-27","67700","50.0","100","FUTCOM","CE","MCX_FO"
"MCX_FO|427275","427275","SILVER24NOV80500CE","SILVER","7620.0","2024-11-26","80500","50.0","30","FUTCOM","CE","MCX_FO"
"MCX_FO|434947","434947","CRUDEOILM24AUG6350PE","CRUDE OIL","117.1","2024-08-14","6350","5.0","10","FUTCOM","PE","MCX_FO"
"MCX_FO|429291","429291","GOLD25JAN68600CE","GOLD","5119.0","2025-01-27","68600","50.0","1","FUTCOM","CE","MCX_FO"
"MCX_FO|436287","436287","ZINC24OCT250CE","ZINC","16.62","2024-10-22","250","1.0","5","FUTCOM","CE","MCX_FO"
"MCX_FO|435251","435251","NATGASMINI24AUG165PE","NATURALGAS","8.0","2024-08-23","165","5.0","250","FUTCOM","PE","MCX_FO"
"MCX_FO|436348","436348","NATGASMINI24AUG140PE","NATURALGAS","0.6","2024-08-23","140","5.0","250","FUTCOM","PE","MCX_FO"
"MCX_FO|431095","431095","GOLD24SEP73700CE","GOLD","979.0","2024-09-24","73700","50.0","1","FUTCOM","CE","MCX_FO"
"MCX_FO|431085","431085","GOLD24SEP72700CE","GOLD","1203.0","2024-09-24","72700","50.0","1","FUTCOM","CE","MCX_FO"
"MCX_FO|427317","427317","SILVER24NOV74750PE","SILVER","2524.0","2024-11-26","74750","50.0","30","FUTCOM","PE","MCX_FO"
"MCX_FO|437736","437736","SILVER25JUN82250PE","SILVER","7200.5","2025-06-25","82250","50.0","30","FUTCOM","PE","MCX_FO"
"MCX_FO|435566","435566","GOLDM24AUG72700PE","GOLD","5429.5","2024-08-27","72700","50.0","100","FUTCOM","PE","MCX_FO"
"MCX_FO|426879","426879","SILVERM24NOV83500CE","SILVER","5925.0","2024-11-20","83500","50.0","5","FUTCOM","CE","MCX_FO"
"MCX_FO|437911","437911","NATGASMINI24OCT160PE","NATURALGAS","0.0","2024-10-24","160","5.0","250","FUTCOM","PE","MCX_FO"
"MCX_FO|427234","427234","GOLD24NOV65300PE","GOLD","2420.0","2024-11-26","65300","50.0","1","FUTCOM","PE","MCX_FO"
"MCX_FO|427974","427974","GOLD24NOV61100CE","GOLD","8233.5","2024-11-26","61100","50.0","1","FUTCOM","CE","MCX_FO"
"MCX_FO|428734","428734","SILVERM24NOV69750CE","SILVER","14678.5","2024-11-20","69750","50.0","5","FUTCOM","CE","MCX_FO"
"MCX_FO|431540","431540","SILVERM24NOV91000CE","SILVER","3178.5","2024-11-20","91000","50.0","5","FUTCOM","CE","MCX_FO"
"MCX_FO|431400","431400","SILVERM25FEB93500PE","SILVER","12043.5","2025-02-19","93500","50.0","5","FUTCOM","PE","MCX_FO"
"MCX_FO|426888","426888","SILVERM24NOV85750CE","SILVER","4960.0","2024-11-20","85750","50.0","5","FUTCOM","CE","MCX_FO"
"MCX_FO|432436","432436","GOLD25MAR69700CE","GOLD","5406.0","2025-03-26","69700","50.0","1","FUTCOM","CE","MCX_FO"
"MCX_FO|433418","433418","GOLD25JAN77200PE","GOLD","10423.5","2025-01-27","77200","50.0","1","FUTCOM","PE","MCX_FO"
"MCX_FO|429742","429742","GOLD24NOV69800PE","GOLD","4589.5","2024-11-26","69800","50.0","1","FUTCOM","PE","MCX_FO"
"MCX_FO|437616","437616","GOLD25MAY68000PE","GOLD","5548.0","2025-05-27","68000","50.0","1","FUTCOM","PE","MCX_FO"
"MCX_FO|437451","437451","GOLDM24SEP67400PE","GOLD","2448.0","2024-09-24","67400","50.0","100","FUTCOM","PE","MCX_FO"
"MCX_FO|429334","429334","GOLD24NOV68400PE","GOLD","3828.5","2024-11-26","68400","50.0","1","FUTCOM","PE","MCX_FO"
"MCX_FO|428840","428840","GOLD25JAN63200PE","GOLD","2654.5","2025-01-27","63200","50.0","1","FUTCOM","PE","MCX_FO"
"MCX_FO|437168","437168","CRUDEOILM24OCT5750PE","CRUDE OIL","44.3","2024-10-17","5750","5.0","10","FUTCOM","PE","MCX_FO"
"MCX_FO|427206","427206","GOLD24NOV63200PE","GOLD","1685.0","2024-11-26","63200","50.0","1","FUTCOM","PE","MCX_FO"
"MCX_FO|436065","436065","CRUDEOILM24AUG8000PE","CRUDE OIL","1425.45","2024-08-14","8000","5.0","10","FUTCOM","PE","MCX_FO"
"MCX_FO|427348","427348","SILVERM24AUG71500CE","SILVER","10114.0","2024-08-21","71500","50.0","5","FUTCOM","CE","MCX_FO"
"MCX_FO|435215","435215","NATGASMINI24AUG195CE","NATURALGAS","5.3","2024-08-23","195","5.0","250","FUTCOM","CE","MCX_FO"
"MCX_FO|426938","426938","SILVERM24AUG84250PE","SILVER","4543.5","2024-08-21","84250","50.0","5","FUTCOM","PE","MCX_FO"
"MCX_FO|435626","435626","GOLDM24AUG69600PE","GOLD","3128.0","2024-08-27","69600","50.0","100","FUTCOM","PE","MCX_FO"
"MCX_FO|435507","435507","GOLDM24AUG70700CE","GOLD","956.5","2024-08-27","70700","50.0","100","FUTCOM","CE","MCX_FO"
"MCX_FO|431737","431737","GOLD25JAN75000CE","GOLD","2807.0","2025-01-27","75000","50.0","1","FUTCOM","CE","MCX_FO"
"MCX_FO|434386","434386","CRUDEOIL24AUG6950PE","CRUDE OIL","547.9","2024-08-14","6950","10.0","100","FUTCOM","PE","MCX_FO"
"MCX_FO|436335","436335","NATURALGAS24AUG140CE","NATURALGAS","39.3","2024-08-23","140","5.0","1250","FUTCOM","CE","MCX_FO"
"MCX_FO|436294","436294","ZINC24OCT270CE","ZINC","10.19","2024-10-22","270","1.0","5","FUTCOM","CE","MCX_FO"
"MCX_FO|427179","427179","GOLD24NOV65200CE","GOLD","5494.0","2024-11-26","65200","50.0","1","FUTCOM","CE","MCX_FO"
"MCX_FO|435359","435359","COPPER24SEP880CE","COPPER","3.8","2024-09-19","880","1.0","2500","FUTCOM","CE","MCX_FO"
"MCX_FO|436184","436184","NATGASMINI24SEP235PE","NATURALGAS","51.1","2024-09-23","235","5.0","250","FUTCOM","PE","MCX_FO"
"MCX_FO|436832","436832","GOLDM24SEP76700CE","GOLD","443.5","2024-09-24","76700","50.0","100","FUTCOM","CE","MCX_FO"
"MCX_FO|434590","434590","SILVER25APR105000CE","SILVER","3692.5","2025-04-24","105000","50.0","30","FUTCOM","CE","MCX_FO"
"MCX_FO|429758","429758","GOLD25JAN70800PE","GOLD","6207.5","2025-01-27","70800","50.0","1","FUTCOM","PE","MCX_FO"
"MCX_FO|428420","428420","GOLD24SEP58700PE","GOLD","284.0","2024-09-24","58700","50.0","1","FUTCOM","PE","MCX_FO"
"MCX_FO|437171","437171","CRUDEOILM24OCT5600PE","CRUDE OIL","25.55","2024-10-17","5600","5.0","10","FUTCOM","PE","MCX_FO"
"MCX_FO|434863","434863","SILVERM25APR108000PE","SILVER","21512.0","2025-04-21","108000","50.0","5","FUTCOM","PE","MCX_FO"
"MCX_FO|435087","435087","SILVER24NOV104750PE","SILVER","21719.0","2024-11-26","104750","50.0","30","FUTCOM","PE","MCX_FO"
"MCX_FO|437463","437463","GOLDM24SEP69400PE","GOLD","3517.5","2024-09-24","69400","50.0","100","FUTCOM","PE","MCX_FO"
"MCX_FO|431980","431980","GOLD25MAR72000PE","GOLD","7253.5","2025-03-26","72000","50.0","1","FUTCOM","PE","MCX_FO"
"MCX_FO|432199","432199","GOLD25JAN76300PE","GOLD","9773.5","2025-01-27","76300","50.0","1","FUTCOM","PE","MCX_FO"
"MCX_FO|435361","435361","COPPER24SEP870CE","COPPER","5.02","2024-09-19","870","1.0","2500","FUTCOM","CE","MCX_FO"
"MCX_FO|426768","426768","SILVER24AUG79250PE","SILVER","2259.0","2024-08-27","79250","50.0","30","FUTCOM","PE","MCX_FO"
"MCX_FO|434680","434680","SILVER25APR105750PE","SILVER","21234.0","2025-04-24","105750","50.0","30","FUTCOM","PE","MCX_FO"
"MCX_FO|435747","435747","GOLD25MAY74500CE","GOLD","4466.5","2025-05-27","74500","50.0","1","FUTCOM","CE","MCX_FO"
"MCX_FO|431928","431928","GOLD25MAR70800CE","GOLD","4958.0","2025-03-26","70800","50.0","1","FUTCOM","CE","MCX_FO"
"MCX_FO|432454","432454","GOLD25MAR69000PE","GOLD","5597.5","2025-03-26","69000","50.0","1","FUTCOM","PE","MCX_FO"
"MCX_FO|437666","437666","GOLDM24SEP66100PE","GOLD","1873.5","2024-09-24","66100","50.0","100","FUTCOM","PE","MCX_FO"
"MCX_FO|431818","431818","GOLD24SEP75000PE","GOLD","7784.0","2024-09-24","75000","50.0","1","FUTCOM","PE","MCX_FO"
"MCX_FO|435990","435990","CRUDEOILM24SEP6550PE","CRUDE OIL","199.9","2024-09-17","6550","5.0","10","FUTCOM","PE","MCX_FO"
"MCX_FO|436481","436481","GOLDM24SEP72000PE","GOLD","5222.0","2024-09-24","72000","50.0","100","FUTCOM","PE","MCX_FO"
"MCX_FO|436122","436122","NATURALGAS24SEP315CE","NATURALGAS","0.1","2024-09-23","315","5.0","1250","FUTCOM","CE","MCX_FO"
"MCX_FO|429987","429987","SILVERM25FEB79750CE","SILVER","10900.5","2025-02-19","79750","50.0","5","FUTCOM","CE","MCX_FO"
"MCX_FO|433734","433734","GOLD24SEP76300PE","GOLD","8881.0","2024-09-24","76300","50.0","1","FUTCOM","PE","MCX_FO"
"MCX_FO|437628","437628","GOLDM24AUG66300CE","GOLD","2842.0","2024-08-27","66300","50.0","100","FUTCOM","CE","MCX_FO"
"MCX_FO|435175","435175","SILVER24NOV105250PE","SILVER","22160.0","2024-11-26","105250","50.0","30","FUTCOM","PE","MCX_FO"
"MCX_FO|435572","435572","GOLDM24AUG73300PE","GOLD","5932.5","2024-08-27","73300","50.0","100","FUTCOM","PE","MCX_FO"
"MCX_FO|436008","436008","CRUDEOILM24SEP5650PE","CRUDE OIL","2.6","2024-09-17","5650","5.0","10","FUTCOM","PE","MCX_FO"
"MCX_FO|437809","437809","NATURALGAS24OCT180CE","NATURALGAS","0.0","2024-10-24","180","5.0","1250","FUTCOM","CE","MCX_FO"
"MCX_FO|436109","436109","NATURALGAS24SEP250CE","NATURALGAS","1.75","2024-09-23","250","5.0","1250","FUTCOM","CE","MCX_FO"
"MCX_FO|434569","434569","SILVER24NOV104000CE","SILVER","1050.0","2024-11-26","104000","50.0","30","FUTCOM","CE","MCX_FO"
"MCX_FO|432291","432291","SILVERM25FEB98500PE","SILVER","15491.0","2025-02-19","98500","50.0","5","FUTCOM","PE","MCX_FO"
"MCX_FO|437507","437507","SILVERM25JUN90750CE","SILVER","9862.0","2025-06-19","90750","50.0","5","FUTCOM","CE","MCX_FO"
"MCX_FO|434664","434664","SILVER25FEB104750PE","SILVER","20713.5","2025-02-24","104750","50.0","30","FUTCOM","PE","MCX_FO"
"MCX_FO|432263","432263","SILVER25FEB97750CE","SILVER","4166.5","2025-02-24","97750","50.0","30","FUTCOM","CE","MCX_FO"
"MCX_FO|433023","433023","COPPER24AUG900PE","COPPER","103.5","2024-08-21","900","1.0","2500","FUTCOM","PE","MCX_FO"
"MCX_FO|431191","431191","GOLD25JAN73800PE","GOLD","8060.5","2025-01-27","73800","50.0","1","FUTCOM","PE","MCX_FO"
"MCX_FO|432444","432444","GOLD25MAR70000PE","GOLD","6125.0","2025-03-26","70000","50.0","1","FUTCOM","PE","MCX_FO"
"MCX_FO|433394","433394","GOLD25MAR77200CE","GOLD","2900.0","2025-03-26","77200","50.0","1","FUTCOM","CE","MCX_FO"
"MCX_FO|434141","434141","SILVERM24NOV98000CE","SILVER","1651.5","2024-11-20","98000","50.0","5","FUTCOM","CE","MCX_FO"
"MCX_FO|434231","434231","SILVERM25FEB100250PE","SILVER","16778.5","2025-02-19","100250","50.0","5","FUTCOM","PE","MCX_FO"
"MCX_FO|436075","436075","CRUDEOILM24AUG8050PE","CRUDE OIL","1475.25","2024-08-14","8050","5.0","10","FUTCOM","PE","MCX_FO"
"MCX_FO|434055","434055","SILVER24AUG97000PE","SILVER","15708.5","2024-08-27","97000","50.0","30","FUTCOM","PE","MCX_FO"
"MCX_FO|437206","437206","COPPER24AUG780CE","COPPER","28.42","2024-08-21","780","1.0","2500","FUTCOM","CE","MCX_FO"
"MCX_FO|432188","432188","GOLD24NOV75800PE","GOLD","8636.0","2024-11-26","75800","50.0","1","FUTCOM","PE","MCX_FO"
"MCX_FO|432192","432192","GOLD25JAN75600PE","GOLD","9279.5","2025-01-27","75600","50.0","1","FUTCOM","PE","MCX_FO"
"MCX_FO|431457","431457","GOLD24NOV74300PE","GOLD","7517.5","2024-11-26","74300","50.0","1","FUTCOM","PE","MCX_FO"
"MCX_FO|435405","435405","ZINC24SEP252.5PE","ZINC","13.53","2024-09-19","252.5","1.0","5","FUTCOM","PE","MCX_FO"
"MCX_FO|435519","435519","GOLDM24AUG73000CE","GOLD","128.5","2024-08-27","73000","50.0","100","FUTCOM","CE","MCX_FO"
"MCX_FO|427403","427403","SILVERM24AUG84750CE","SILVER","1593.0","2024-08-21","84750","50.0","5","FUTCOM","CE","MCX_FO"
"MCX_FO|427242","427242","GOLD24NOV66100PE","GOLD","2746.5","2024-11-26","66100","50.0","1","FUTCOM","PE","MCX_FO"
"MCX_FO|433913","433913","GOLD25JAN77600PE","GOLD","10718.0","2025-01-27","77600","50.0","1","FUTCOM","PE","MCX_FO"
"MCX_FO|428384","428384","GOLD24SEP59000CE","GOLD","9082.5","2024-09-24","59000","50.0","1","FUTCOM","CE","MCX_FO"
"MCX_FO|433224","433224","ZINC24AUG280CE","ZINC","1.0","2024-08-21","280","1.0","5","FUTCOM","CE","MCX_FO"
"MCX_FO|435582","435582","GOLDM24AUG74300PE","GOLD","6802.0","2024-08-27","74300","50.0","100","FUTCOM","PE","MCX_FO"
"MCX_FO|430673","430673","SILVERM24NOV87250CE","SILVER","4386.5","2024-11-20","87250","50.0","5","FUTCOM","CE","MCX_FO"
"MCX_FO|431852","431852","SILVER25FEB96500CE","SILVER","4489.0","2025-02-24","96500","50.0","30","FUTCOM","CE","MCX_FO"
"MCX_FO|436538","436538","NATURALGAS24SEP130CE","NATURALGAS","56.15","2024-09-23","130","5.0","1250","FUTCOM","CE","MCX_FO"
"MCX_FO|426725","426725","SILVER24AUG81000CE","SILVER","2445.5","2024-08-27","81000","50.0","30","FUTCOM","CE","MCX_FO"
"MCX_FO|436816","436816","GOLD25MAY78200PE","GOLD","11558.0","2025-05-27","78200","50.0","1","FUTCOM","PE","MCX_FO"
"MCX_FO|436317","436317","NATGASMINI24AUG145PE","NATURALGAS","1.0","2024-08-23","145","5.0","250","FUTCOM","PE","MCX_FO"
"MCX_FO|436173","436173","NATGASMINI24SEP265CE","NATURALGAS","1.35","2024-09-23","265","5.0","250","FUTCOM","CE","MCX_FO"
"MCX_FO|426575","426575","GOLD24SEP65300CE","GOLD","4297.0","2024-09-24","65300","50.0","1","FUTCOM","CE","MCX_FO"
"MCX_FO|431523","431523","SILVER25FEB94000PE","SILVER","12892.5","2025-02-24","94000","50.0","30","FUTCOM","PE","MCX_FO"
"MCX_FO|434032","434032","SILVER25APR104750CE","SILVER","3742.0","2025-04-24","104750","50.0","30","FUTCOM","CE","MCX_FO"
"MCX_FO|434380","434380","CRUDEOIL24AUG6650PE","CRUDE OIL","256.2","2024-08-14","6650","10.0","100","FUTCOM","PE","MCX_FO"
"MCX_FO|432122","432122","SILVERM24NOV94000PE","SILVER","12535.0","2024-11-20","94000","50.0","5","FUTCOM","PE","MCX_FO"
"MCX_FO|430231","430231","GOLD25JAN71200CE","GOLD","4048.5","2025-01-27","71200","50.0","1","FUTCOM","CE","MCX_FO"
"MCX_FO|430281","430281","GOLD24SEP70300PE","GOLD","4308.0","2024-09-24","70300","50.0","1","FUTCOM","PE","MCX_FO"
"MCX_FO|434319","434319","CRUDEOIL24AUG5850CE","CRUDE OIL","720.3","2024-08-14","5850","10.0","100","FUTCOM","CE","MCX_FO"
"MCX_FO|426878","426878","SILVERM24NOV83250CE","SILVER","6040.5","2024-11-20","83250","50.0","5","FUTCOM","CE","MCX_FO"
"MCX_FO|431163","431163","GOLD24NOV72600PE","GOLD","6331.0","2024-11-26","72600","50.0","1","FUTCOM","PE","MCX_FO"
"MCX_FO|435790","435790","GOLD25MAY73800PE","GOLD","8711.5","2025-05-27","73800","50.0","1","FUTCOM","PE","MCX_FO"
"MCX_FO|437093","437093","SILVERM25JUN93000PE","SILVER","12956.5","2025-06-19","93000","50.0","5","FUTCOM","PE","MCX_FO"
"MCX_FO|435180","435180","SILVER25APR109750PE","SILVER","24337.5","2025-04-24","109750","50.0","30","FUTCOM","PE","MCX_FO"
"MCX_FO|430093","430093","SILVERM25FEB86250PE","SILVER","7756.5","2025-02-19","86250","50.0","5","FUTCOM","PE","MCX_FO"
"MCX_FO|426577","426577","GOLD24SEP65500CE","GOLD","4176.0","2024-09-24","65500","50.0","1","FUTCOM","CE","MCX_FO"
"MCX_FO|431105","431105","GOLD24NOV73400CE","GOLD","1986.5","2024-11-26","73400","50.0","1","FUTCOM","CE","MCX_FO"
"MCX_FO|429097","429097","SILVERM24AUG67250CE","SILVER","14159.5","2024-08-21","67250","50.0","5","FUTCOM","CE","MCX_FO"
"MCX_FO|427292","427292","SILVER24NOV84750CE","SILVER","5609.0","2024-11-26","84750","50.0","30","FUTCOM","CE","MCX_FO"
"MCX_FO|436733","436733","SILVERM25JUN101750CE","SILVER","6334.0","2025-06-19","101750","50.0","5","FUTCOM","CE","MCX_FO"
"MCX_FO|434647","434647","SILVER24NOV101750PE","SILVER","19120.0","2024-11-26","101750","50.0","30","FUTCOM","PE","MCX_FO"
"MCX_FO|437690","437690","SILVER25JUN85750CE","SILVER","11425.0","2025-06-25","85750","50.0","30","FUTCOM","CE","MCX_FO"
"MCX_FO|437082","437082","SILVER25JUN92250PE","SILVER","12280.5","2025-06-25","92250","50.0","30","FUTCOM","PE","MCX_FO"
"MCX_FO|437113","437113","CRUDEOILM24OCT5900CE","CRUDE OIL","563.1","2024-10-17","5900","5.0","10","FUTCOM","CE","MCX_FO"
"MCX_FO|437176","437176","CRUDEOILM24OCT5350PE","CRUDE OIL","8.7","2024-10-17","5350","5.0","10","FUTCOM","PE","MCX_FO"
"MCX_FO|434450","434450","GOLD24SEP76900PE","GOLD","9402.0","2024-09-24","76900","50.0","1","FUTCOM","PE","MCX_FO"
"MCX_FO|435173","435173","SILVER24AUG103500PE","SILVER","22051.5","2024-08-27","103500","50.0","30","FUTCOM","PE","MCX_FO"
"MCX_FO|436452","436452","GOLDM24SEP74000CE","GOLD","843.0","2024-09-24","74000","50.0","100","FUTCOM","CE","MCX_FO"
"MCX_FO|437683","437683","SILVER25APR82000CE","SILVER","11421.5","2025-04-24","82000","50.0","30","FUTCOM","CE","MCX_FO"
"MCX_FO|433458","433458","SILVER24AUG94250CE","SILVER","272.0","2024-08-27","94250","50.0","30","FUTCOM","CE","MCX_FO"
"MCX_FO|434403","434403","CRUDEOIL24AUG7800PE","CRUDE OIL","1223.3","2024-08-14","7800","10.0","100","FUTCOM","PE","MCX_FO"
"MCX_FO|436622","436622","SILVER25JUN94750CE","SILVER","7926.5","2025-06-25","94750","50.0","30","FUTCOM","CE","MCX_FO"
"MCX_FO|436304","436304","ZINC24OCT242.5PE","ZINC","20.62","2024-10-22","242.5","1.0","5","FUTCOM","PE","MCX_FO"
"MCX_FO|435640","435640","ZINC24SEP230CE","ZINC","25.35","2024-09-19","230","1.0","5","FUTCOM","CE","MCX_FO"
"MCX_FO|436930","436930","NATGASMINI24AUG105PE","NATURALGAS","0.05","2024-08-23","105","5.0","250","FUTCOM","PE","MCX_FO"
"MCX_FO|428975","428975","GOLD25JAN65900CE","GOLD","6438.5","2025-01-27","65900","50.0","1","FUTCOM","CE","MCX_FO"
"MCX_FO|435410","435410","ZINC24SEP277.5PE","ZINC","30.37","2024-09-19","277.5","1.0","5","FUTCOM","PE","MCX_FO"
"MCX_FO|431023","431023","SILVERM25FEB92500PE","SILVER","11399.0","2025-02-19","92500","50.0","5","FUTCOM","PE","MCX_FO"
"MCX_FO|426724","426724","SILVER24AUG80750CE","SILVER","3513.5","2024-08-27","80750","50.0","30","FUTCOM","CE","MCX_FO"
"MCX_FO|426897","426897","SILVERM24AUG75750PE","SILVER","825.0","2024-08-21","75750","50.0","5","FUTCOM","PE","MCX_FO"
"MCX_FO|436169","436169","NATGASMINI24SEP245CE","NATURALGAS","2.7","2024-09-23","245","5.0","250","FUTCOM","CE","MCX_FO"
"MCX_FO|434302","434302","COPPER24AUG985PE","COPPER","188.01","2024-08-21","985","1.0","2500","FUTCOM","PE","MCX_FO"
"MCX_FO|437095","437095","SILVERM25JUN92500PE","SILVER","12667.5","2025-06-19","92500","50.0","5","FUTCOM","PE","MCX_FO"
"MCX_FO|434126","434126","SILVERM24AUG96250CE","SILVER","95.0","2024-08-21","96250","50.0","5","FUTCOM","CE","MCX_FO"
"MCX_FO|437899","437899","NATGASMINI24OCT220PE","NATURALGAS","0.0","2024-10-24","220","5.0","250","FUTCOM","PE","MCX_FO"
"MCX_FO|437653","437653","GOLDM24AUG66100PE","GOLD","1315.0","2024-08-27","66100","50.0","100","FUTCOM","PE","MCX_FO"
"MCX_FO|435707","435707","GOLD25MAY71600CE","GOLD","5485.5","2025-05-27","71600","50.0","1","FUTCOM","CE","MCX_FO"
"MCX_FO|431547","431547","SILVERM25FEB95000CE","SILVER","4553.5","2025-02-19","95000","50.0","5","FUTCOM","CE","MCX_FO"
"MCX_FO|437303","437303","GOLD25MAY69100PE","GOLD","6092.0","2025-05-27","69100","50.0","1","FUTCOM","PE","MCX_FO"
"MCX_FO|437522","437522","SILVERM25JUN87000CE","SILVER","11394.0","2025-06-19","87000","50.0","5","FUTCOM","CE","MCX_FO"
"MCX_FO|437010","437010","CRUDEOIL24OCT7550CE","CRUDE OIL","1.1","2024-10-17","7550","10.0","100","FUTCOM","CE","MCX_FO"
"MCX_FO|433997","433997","SILVER24NOV99000CE","SILVER","1690.0","2024-11-26","99000","50.0","30","FUTCOM","CE","MCX_FO"
"MCX_FO|435336","435336","NATGASMINI24AUG155CE","NATURALGAS","23.55","2024-08-23","155","5.0","250","FUTCOM","CE","MCX_FO"
"MCX_FO|426642","426642","GOLD24SEP62500PE","GOLD","900.5","2024-09-24","62500","50.0","1","FUTCOM","PE","MCX_FO"
"MCX_FO|435916","435916","CRUDEOIL24SEP7100PE","CRUDE OIL","622.9","2024-09-17","7100","10.0","100","FUTCOM","PE","MCX_FO"
"MCX_FO|433638","433638","SILVERM25APR95250CE","SILVER","6086.0","2025-04-21","95250","50.0","5","FUTCOM","CE","MCX_FO"
"MCX_FO|436875","436875","SILVERM25JUN106750CE","SILVER","5137.5","2025-06-19","106750","50.0","5","FUTCOM","CE","MCX_FO"
"MCX_FO|437267","437267","COPPER24OCT780CE","COPPER","58.1","2024-10-22","780","1.0","2500","FUTCOM","CE","MCX_FO"
"MCX_FO|436696","436696","SILVER25JUN105250PE","SILVER","20707.0","2025-06-25","105250","50.0","30","FUTCOM","PE","MCX_FO"
"MCX_FO|428743","428743","SILVERM24NOV69500PE","SILVER","1050.0","2024-11-20","69500","50.0","5","FUTCOM","PE","MCX_FO"
"MCX_FO|426763","426763","SILVER24AUG71750PE","SILVER","383.5","2024-08-27","71750","50.0","30","FUTCOM","PE","MCX_FO"
"MCX_FO|431107","431107","GOLD24NOV73600CE","GOLD","1931.5","2024-11-26","73600","50.0","1","FUTCOM","CE","MCX_FO"
"MCX_FO|431184","431184","GOLD25JAN73100PE","GOLD","7607.5","2025-01-27","73100","50.0","1","FUTCOM","PE","MCX_FO"
"MCX_FO|433480","433480","SILVER25APR87500CE","SILVER","8893.0","2025-04-24","87500","50.0","30","FUTCOM","CE","MCX_FO"
"MCX_FO|434930","434930","CRUDEOILM24AUG7250CE","CRUDE OIL","1.45","2024-08-14","7250","5.0","10","FUTCOM","CE","MCX_FO"
"MCX_FO|428431","428431","GOLD24NOV58500PE","GOLD","623.0","2024-11-26","58500","50.0","1","FUTCOM","PE","MCX_FO"
"MCX_FO|435981","435981","CRUDEOILM24SEP7800CE","CRUDE OIL","0.4","2024-09-17","7800","5.0","10","FUTCOM","CE","MCX_FO"
"MCX_FO|426929","426929","SILVERM24AUG82000PE","SILVER","2545.0","2024-08-21","82000","50.0","5","FUTCOM","PE","MCX_FO"
"MCX_FO|430785","430785","GOLD24SEP71700PE","GOLD","5249.0","2024-09-24","71700","50.0","1","FUTCOM","PE","MCX_FO"
"MCX_FO|436850","436850","GOLDM24SEP77000PE","GOLD","9273.5","2024-09-24","77000","50.0","100","FUTCOM","PE","MCX_FO"
"MCX_FO|433666","433666","SILVERM24NOV95750PE","SILVER","13878.0","2024-11-20","95750","50.0","5","FUTCOM","PE","MCX_FO"
"MCX_FO|437900","437900","NATGASMINI24OCT215PE","NATURALGAS","0.0","2024-10-24","215","5.0","250","FUTCOM","PE","MCX_FO"
"MCX_FO|431955","431955","GOLD25MAR75000CE","GOLD","3508.5","2025-03-26","75000","50.0","1","FUTCOM","CE","MCX_FO"
"MCX_FO|427561","427561","GOLD24SEP67300PE","GOLD","2617.0","2024-09-24","67300","50.0","1","FUTCOM","PE","MCX_FO"
"MCX_FO|436143","436143","NATURALGAS24SEP270PE","NATURALGAS","83.6","2024-09-23","270","5.0","1250","FUTCOM","PE","MCX_FO"
"MCX_FO|432996","432996","ZINC24AUG260CE","ZINC","3.55","2024-08-21","260","1.0","5","FUTCOM","CE","MCX_FO"
"MCX_FO|434240","434240","SILVERM25APR101000PE","SILVER","16332.5","2025-04-21","101000","50.0","5","FUTCOM","PE","MCX_FO"
"MCX_FO|436117","436117","NATURALGAS24SEP290CE","NATURALGAS","0.35","2024-09-23","290","5.0","1250","FUTCOM","CE","MCX_FO"
"MCX_FO|435255","435255","NATGASMINI24AUG260PE","NATURALGAS","83.45","2024-08-23","260","5.0","250","FUTCOM","PE","MCX_FO"
"MCX_FO|435014","435014","CRUDEOILM24AUG5250PE","CRUDE OIL","0.05","2024-08-14","5250","5.0","10","FUTCOM","PE","MCX_FO"
"MCX_FO|430286","430286","GOLD24NOV71100PE","GOLD","5363.5","2024-11-26","71100","50.0","1","FUTCOM","PE","MCX_FO"
"MCX_FO|430015","430015","SILVERM25FEB78750PE","SILVER","4355.0","2025-02-19","78750","50.0","5","FUTCOM","PE","MCX_FO"
"MCX_FO|433361","433361","COPPER24AUG950CE","COPPER","0.01","2024-08-21","950","1.0","2500","FUTCOM","CE","MCX_FO"
"MCX_FO|431594","431594","GOLD24SEP74500CE","GOLD","825.5","2024-09-24","74500","50.0","1","FUTCOM","CE","MCX_FO"
"MCX_FO|434828","434828","SILVERM24NOV103500PE","SILVER","20343.5","2024-11-20","103500","50.0","5","FUTCOM","PE","MCX_FO"
"MCX_FO|434099","434099","SILVER25APR103000PE","SILVER","19183.5","2025-04-24","103000","50.0","30","FUTCOM","PE","MCX_FO"
"MCX_FO|428791","428791","GOLD25JAN63300CE","GOLD","7916.5","2025-01-27","63300","50.0","1","FUTCOM","CE","MCX_FO"
"MCX_FO|435624","435624","GOLDM24AUG69800PE","GOLD","3258.5","2024-08-27","69800","50.0","100","FUTCOM","PE","MCX_FO"
"MCX_FO|436213","436213","NATGASMINI24SEP315PE","NATURALGAS","126.5","2024-09-23","315","5.0","250","FUTCOM","PE","MCX_FO"
"MCX_FO|435278","435278","SILVER24NOV106000CE","SILVER","862.0","2024-11-26","106000","50.0","30","FUTCOM","CE","MCX_FO"
"MCX_FO|437655","437655","GOLDM24AUG65900PE","GOLD","1239.5","2024-08-27","65900","50.0","100","FUTCOM","PE","MCX_FO"
"MCX_FO|429342","429342","GOLD25JAN68500PE","GOLD","4952.5","2025-01-27","68500","50.0","1","FUTCOM","PE","MCX_FO"
"MCX_FO|434375","434375","CRUDEOIL24AUG5550PE","CRUDE OIL","0.1","2024-08-14","5550","10.0","100","FUTCOM","PE","MCX_FO"
"MCX_FO|435781","435781","GOLD25MAY72900PE","GOLD","8174.5","2025-05-27","72900","50.0","1","FUTCOM","PE","MCX_FO"
"MCX_FO|428853","428853","GOLD25JAN64500PE","GOLD","3140.0","2025-01-27","64500","50.0","1","FUTCOM","PE","MCX_FO"
"MCX_FO|426912","426912","SILVERM24AUG72000PE","SILVER","262.5","2024-08-21","72000","50.0","5","FUTCOM","PE","MCX_FO"
"MCX_FO|437818","437818","NATURALGAS24OCT240CE","NATURALGAS","0.0","2024-10-24","240","5.0","1250","FUTCOM","CE","MCX_FO"
"MCX_FO|436988","436988","CRUDEOIL24OCT5300CE","CRUDE OIL","1091.3","2024-10-17","5300","10.0","100","FUTCOM","CE","MCX_FO"
"MCX_FO|436131","436131","NATURALGAS24SEP205PE","NATURALGAS","27.35","2024-09-23","205","5.0","1250","FUTCOM","PE","MCX_FO"
"MCX_FO|437709","437709","SILVER25APR83500PE","SILVER","7270.5","2025-04-24","83500","50.0","30","FUTCOM","PE","MCX_FO"
"MCX_FO|427245","427245","GOLD24NOV66400PE","GOLD","2875.5","2024-11-26","66400","50.0","1","FUTCOM","PE","MCX_FO"
"MCX_FO|433686","433686","SILVERM25APR87000PE","SILVER","7848.5","2025-04-21","87000","50.0","5","FUTCOM","PE","MCX_FO"
"MCX_FO|435335","435335","NATGASMINI24AUG160CE","NATURALGAS","20.85","2024-08-23","160","5.0","250","FUTCOM","CE","MCX_FO"
"MCX_FO|430938","430938","SILVERM25FEB89500PE","SILVER","9565.0","2025-02-19","89500","50.0","5","FUTCOM","PE","MCX_FO"
"MCX_FO|428999","428999","GOLD25JAN66600PE","GOLD","4032.0","2025-01-27","66600","50.0","1","FUTCOM","PE","MCX_FO"
"MCX_FO|435477","435477","ZINC24SEP245CE","ZINC","15.82","2024-09-19","245","1.0","5","FUTCOM","CE","MCX_FO"
"MCX_FO|433914","433914","GOLD25MAR77700PE","GOLD","10962.0","2025-03-26","77700","50.0","1","FUTCOM","PE","MCX_FO"
"MCX_FO|436476","436476","GOLDM24SEP72500PE","GOLD","5586.5","2024-09-24","72500","50.0","100","FUTCOM","PE","MCX_FO"
"MCX_FO|436041","436041","GOLD25MAY75700PE","GOLD","9897.5","2025-05-27","75700","50.0","1","FUTCOM","PE","MCX_FO"
"MCX_FO|430088","430088","SILVERM25FEB87500CE","SILVER","7144.5","2025-02-19","87500","50.0","5","FUTCOM","CE","MCX_FO"
"MCX_FO|434214","434214","SILVERM24NOV97750PE","SILVER","15472.0","2024-11-20","97750","50.0","5","FUTCOM","PE","MCX_FO"
"MCX_FO|435837","435837","CRUDEOIL24SEP6350CE","CRUDE OIL","254.2","2024-09-17","6350","10.0","100","FUTCOM","CE","MCX_FO"
"MCX_FO|436597","436597","GOLDM24SEP76400PE","GOLD","8747.0","2024-09-24","76400","50.0","100","FUTCOM","PE","MCX_FO"
"MCX_FO|431539","431539","SILVERM24AUG90500CE","SILVER","448.0","2024-08-21","90500","50.0","5","FUTCOM","CE","MCX_FO"
"MCX_FO|430083","430083","SILVERM25FEB86250CE","SILVER","7672.0","2025-02-19","86250","50.0","5","FUTCOM","CE","MCX_FO"
"MCX_FO|432125","432125","SILVERM25FEB97750PE","SILVER","14951.5","2025-02-19","97750","50.0","5","FUTCOM","PE","MCX_FO"
"MCX_FO|434946","434946","CRUDEOILM24AUG6400PE","CRUDE OIL","125.35","2024-08-14","6400","5.0","10","FUTCOM","PE","MCX_FO"
"MCX_FO|436340","436340","NATURALGAS24SEP145PE","NATURALGAS","2.05","2024-09-23","145","5.0","1250","FUTCOM","PE","MCX_FO"
"MCX_FO|430569","430569","GOLD24SEP70900PE","GOLD","4700.5","2024-09-24","70900","50.0","1","FUTCOM","PE","MCX_FO"
"MCX_FO|431368","431368","SILVER25FEB93750PE","SILVER","12728.5","2025-02-24","93750","50.0","30","FUTCOM","PE","MCX_FO"
"MCX_FO|435727","435727","GOLD25MAY72500CE","GOLD","5151.0","2025-05-27","72500","50.0","1","FUTCOM","CE","MCX_FO"
"MCX_FO|427734","427734","SILVERM24NOV72500PE","SILVER","1653.5","2024-11-20","72500","50.0","5","FUTCOM","PE","MCX_FO"
"MCX_FO|430924","430924","SILVERM24AUG86250PE","SILVER","5956.0","2024-08-21","86250","50.0","5","FUTCOM","PE","MCX_FO"
"MCX_FO|434568","434568","SILVER24NOV103750CE","SILVER","1076.0","2024-11-26","103750","50.0","30","FUTCOM","CE","MCX_FO"
"MCX_FO|428273","428273","GOLD24NOV59700CE","GOLD","9307.5","2024-11-26","59700","50.0","1","FUTCOM","CE","MCX_FO"
"MCX_FO|426934","426934","SILVERM24AUG83250PE","SILVER","3908.0","2024-08-21","83250","50.0","5","FUTCOM","PE","MCX_FO"
"MCX_FO|436760","436760","SILVERM25JUN97750PE","SILVER","15847.0","2025-06-19","97750","50.0","5","FUTCOM","PE","MCX_FO"
"MCX_FO|436645","436645","SILVER25JUN105000CE","SILVER","5097.0","2025-06-25","105000","50.0","30","FUTCOM","CE","MCX_FO"
"MCX_FO|437339","437339","GOLDM24AUG67900CE","GOLD","1991.0","2024-08-27","67900","50.0","100","FUTCOM","CE","MCX_FO"
"MCX_FO|436752","436752","SILVERM25JUN99750PE","SILVER","17138.0","2025-06-19","99750","50.0","5","FUTCOM","PE","MCX_FO"
"MCX_FO|433042","433042","ZINC24AUG257.5PE","ZINC","7.74","2024-08-21","257.5","1.0","5","FUTCOM","PE","MCX_FO"
"MCX_FO|435619","435619","GOLDM24AUG69400CE","GOLD","1368.5","2024-08-27","69400","50.0","100","FUTCOM","CE","MCX_FO"
"MCX_FO|437829","437829","NATURALGAS24OCT295CE","NATURALGAS","0.0","2024-10-24","295","5.0","1250","FUTCOM","CE","MCX_FO"
"MCX_FO|437783","437783","SILVERM25JUN85250PE","SILVER","8831.0","2025-06-19","85250","50.0","5","FUTCOM","PE","MCX_FO"
"MCX_FO|432266","432266","SILVERM25FEB98250CE","SILVER","3704.0","2025-02-19","98250","50.0","5","FUTCOM","CE","MCX_FO"
"MCX_FO|427335","427335","SILVER24NOV83000PE","SILVER","5895.0","2024-11-26","83000","50.0","30","FUTCOM","PE","MCX_FO"
"MCX_FO|426895","426895","SILVERM24AUG76250PE","SILVER","941.0","2024-08-21","76250","50.0","5","FUTCOM","PE","MCX_FO"
"MCX_FO|426854","426854","SILVERM24NOV75500CE","SILVER","10432.5","2024-11-20","75500","50.0","5","FUTCOM","CE","MCX_FO"
"MCX_FO|433499","433499","SILVER25APR93500CE","SILVER","6665.5","2025-04-24","93500","50.0","30","FUTCOM","CE","MCX_FO"
"MCX_FO|434430","434430","GOLD25JAN78200CE","GOLD","2021.5","2025-01-27","78200","50.0","1","FUTCOM","CE","MCX_FO"
"MCX_FO|429388","429388","SILVER24NOV87000CE","SILVER","4721.5","2024-11-26","87000","50.0","30","FUTCOM","CE","MCX_FO"
"MCX_FO|434171","434171","SILVERM25APR102250CE","SILVER","4157.5","2025-04-21","102250","50.0","5","FUTCOM","CE","MCX_FO"
"MCX_FO|426869","426869","SILVERM24NOV81000CE","SILVER","7151.0","2024-11-20","81000","50.0","5","FUTCOM","CE","MCX_FO"
"MCX_FO|436787","436787","SILVERM25JUN102750PE","SILVER","19150.5","2025-06-19","102750","50.0","5","FUTCOM","PE","MCX_FO"
"MCX_FO|436892","436892","SILVERM25JUN108250PE","SILVER","23054.0","2025-06-19","108250","50.0","5","FUTCOM","PE","MCX_FO"
"MCX_FO|432012","432012","GOLD25MAR74300PE","GOLD","8667.0","2025-03-26","74300","50.0","1","FUTCOM","PE","MCX_FO"
"MCX_FO|434588","434588","SILVER25FEB107500CE","SILVER","2271.0","2025-02-24","107500","50.0","30","FUTCOM","CE","MCX_FO"
"MCX_FO|426741","426741","SILVER24AUG77250PE","SILVER","1526.0","2024-08-27","77250","50.0","30","FUTCOM","PE","MCX_FO"
"MCX_FO|437586","437586","GOLD25MAY67900CE","GOLD","7044.5","2025-05-27","67900","50.0","1","FUTCOM","CE","MCX_FO"
"MCX_FO|426982","426982","SILVERM24NOV84250PE","SILVER","6174.5","2024-11-20","84250","50.0","5","FUTCOM","PE","MCX_FO"
"MCX_FO|427730","427730","SILVERM24AUG70500PE","SILVER","152.0","2024-08-21","70500","50.0","5","FUTCOM","PE","MCX_FO"
"MCX_FO|437822","437822","NATURALGAS24OCT260CE","NATURALGAS","0.0","2024-10-24","260","5.0","1250","FUTCOM","CE","MCX_FO"
"MCX_FO|429280","429280","GOLD24NOV68200CE","GOLD","3910.5","2024-11-26","68200","50.0","1","FUTCOM","CE","MCX_FO"
"MCX_FO|426887","426887","SILVERM24NOV85500CE","SILVER","5061.0","2024-11-20","85500","50.0","5","FUTCOM","CE","MCX_FO"
"MCX_FO|434383","434383","CRUDEOIL24AUG6800PE","CRUDE OIL","360.1","2024-08-14","6800","10.0","100","FUTCOM","PE","MCX_FO"
"MCX_FO|428284","428284","GOLD24SEP59700PE","GOLD","397.0","2024-09-24","59700","50.0","1","FUTCOM","PE","MCX_FO"
"MCX_FO|426826","426826","SILVERM24AUG81250CE","SILVER","2000.0","2024-08-21","81250","50.0","5","FUTCOM","CE","MCX_FO"
"MCX_FO|436030","436030","CRUDEOILM24SEP7700PE","CRUDE OIL","1194.15","2024-09-17","7700","5.0","10","FUTCOM","PE","MCX_FO"
"MCX_FO|427257","427257","SILVER24NOV77250CE","SILVER","9465.0","2024-11-26","77250","50.0","30","FUTCOM","CE","MCX_FO"
"MCX_FO|427174","427174","GOLD24NOV64700CE","GOLD","5793.5","2024-11-26","64700","50.0","1","FUTCOM","CE","MCX_FO"
"MCX_FO|430902","430902","SILVERM24NOV87500CE","SILVER","4296.0","2024-11-20","87500","50.0","5","FUTCOM","CE","MCX_FO"
"MCX_FO|436898","436898","NATGASMINI24AUG110PE","NATURALGAS","0.05","2024-08-23","110","5.0","250","FUTCOM","PE","MCX_FO"
"MCX_FO|437454","437454","GOLDM24SEP67100PE","GOLD","2307.0","2024-09-24","67100","50.0","100","FUTCOM","PE","MCX_FO"
"MCX_FO|434564","434564","SILVER24NOV102750CE","SILVER","1185.5","2024-11-26","102750","50.0","30","FUTCOM","CE","MCX_FO"
"MCX_FO|434934","434934","CRUDEOILM24AUG7450CE","CRUDE OIL","0.2","2024-08-14","7450","5.0","10","FUTCOM","CE","MCX_FO"
"MCX_FO|437100","437100","CRUDEOILM24SEP5300CE","CRUDE OIL","1181.65","2024-09-17","5300","5.0","10","FUTCOM","CE","MCX_FO"
"MCX_FO|428843","428843","GOLD25JAN63500PE","GOLD","2762.0","2025-01-27","63500","50.0","1","FUTCOM","PE","MCX_FO"
"MCX_FO|437745","437745","SILVERM25APR83250CE","SILVER","11066.0","2025-04-21","83250","50.0","5","FUTCOM","CE","MCX_FO"
"MCX_FO|437726","437726","SILVER25JUN84750PE","SILVER","8340.5","2025-06-25","84750","50.0","30","FUTCOM","PE","MCX_FO"
"MCX_FO|435997","435997","CRUDEOILM24SEP6200PE","CRUDE OIL","59.65","2024-09-17","6200","5.0","10","FUTCOM","PE","MCX_FO"
"MCX_FO|435233","435233","NATGASMINI24AUG300CE","NATURALGAS","0.05","2024-08-23","300","5.0","250","FUTCOM","CE","MCX_FO"
"MCX_FO|430049","430049","SILVERM25FEB82750PE","SILVER","6031.0","2025-02-19","82750","50.0","5","FUTCOM","PE","MCX_FO"
"MCX_FO|433557","433557","SILVER25APR91500PE","SILVER","11523.5","2025-04-24","91500","50.0","30","FUTCOM","PE","MCX_FO"
"MCX_FO|435380","435380","COPPER24SEP900PE","COPPER","100.67","2024-09-19","900","1.0","2500","FUTCOM","PE","MCX_FO"
"MCX_FO|435091","435091","SILVERM25FEB106500PE","SILVER","21661.5","2025-02-19","106500","50.0","5","FUTCOM","PE","MCX_FO"
"MCX_FO|431655","431655","SILVER24NOV93500CE","SILVER","2765.5","2024-11-26","93500","50.0","30","FUTCOM","CE","MCX_FO"
"MCX_FO|435596","435596","GOLDM24AUG75500CE","GOLD","195.0","2024-08-27","75500","50.0","100","FUTCOM","CE","MCX_FO"
"MCX_FO|434070","434070","SILVER24NOV98750PE","SILVER","16616.0","2024-11-26","98750","50.0","30","FUTCOM","PE","MCX_FO"
"MCX_FO|427202","427202","GOLD24NOV63600PE","GOLD","1811.5","2024-11-26","63600","50.0","1","FUTCOM","PE","MCX_FO"
"MCX_FO|436013","436013","CRUDEOILM24SEP6850PE","CRUDE OIL","404.5","2024-09-17","6850","5.0","10","FUTCOM","PE","MCX_FO"
"MCX_FO|433758","433758","SILVER25APR99000CE","SILVER","5054.0","2025-04-24","99000","50.0","30","FUTCOM","CE","MCX_FO"
"MCX_FO|435558","435558","GOLDM24AUG70600PE","GOLD","3808.0","2024-08-27","70600","50.0","100","FUTCOM","PE","MCX_FO"
"MCX_FO|436380","436380","ZINC24OCT282.5PE","ZINC","47.54","2024-10-22","282.5","1.0","5","FUTCOM","PE","MCX_FO"
"MCX_FO|435859","435859","CRUDEOIL24SEP6800CE","CRUDE OIL","68.1","2024-09-17","6800","10.0","100","FUTCOM","CE","MCX_FO"
"MCX_FO|436489","436489","GOLDM24SEP71200PE","GOLD","4662.5","2024-09-24","71200","50.0","100","FUTCOM","PE","MCX_FO"
"MCX_FO|428266","428266","GOLD24SEP59600CE","GOLD","8559.0","2024-09-24","59600","50.0","1","FUTCOM","CE","MCX_FO"
"MCX_FO|436204","436204","NATGASMINI24SEP270PE","NATURALGAS","82.95","2024-09-23","270","5.0","250","FUTCOM","PE","MCX_FO"
"MCX_FO|427332","427332","SILVER24NOV82250PE","SILVER","5517.5","2024-11-26","82250","50.0","30","FUTCOM","PE","MCX_FO"
"MCX_FO|426758","426758","SILVER24AUG73000PE","SILVER","548.5","2024-08-27","73000","50.0","30","FUTCOM","PE","MCX_FO"
"MCX_FO|428135","428135","SILVER24NOV70250CE","SILVER","14323.5","2024-11-26","70250","50.0","30","FUTCOM","CE","MCX_FO"
"MCX_FO|435668","435668","ZINC24AUG240PE","ZINC","0.84","2024-08-21","240","1.0","5","FUTCOM","PE","MCX_FO"
"MCX_FO|428770","428770","GOLD25JAN62100CE","GOLD","8667.5","2025-01-27","62100","50.0","1","FUTCOM","CE","MCX_FO"
"MCX_FO|429188","429188","GOLD25JAN67100CE","GOLD","5825.0","2025-01-27","67100","50.0","1","FUTCOM","CE","MCX_FO"
"MCX_FO|434397","434397","CRUDEOIL24AUG7500PE","CRUDE OIL","924.9","2024-08-14","7500","10.0","100","FUTCOM","PE","MCX_FO"
"MCX_FO|426851","426851","SILVERM24NOV76250CE","SILVER","9938.0","2024-11-20","76250","50.0","5","FUTCOM","CE","MCX_FO"
"MCX_FO|437841","437841","NATURALGAS24OCT170PE","NATURALGAS","0.0","2024-10-24","170","5.0","1250","FUTCOM","PE","MCX_FO"
"MCX_FO|426791","426791","SILVERM24AUG77250CE","SILVER","5381.5","2024-08-21","77250","50.0","5","FUTCOM","CE","MCX_FO"
"MCX_FO|436311","436311","ZINC24OCT277.5PE","ZINC","43.67","2024-10-22","277.5","1.0","5","FUTCOM","PE","MCX_FO"
"MCX_FO|426559","426559","GOLD24SEP63700CE","GOLD","5342.0","2024-09-24","63700","50.0","1","FUTCOM","CE","MCX_FO"
"MCX_FO|431433","431433","GOLD24SEP73800CE","GOLD","958.5","2024-09-24","73800","50.0","1","FUTCOM","CE","MCX_FO"
"MCX_FO|430850","430850","SILVER24AUG87750CE","SILVER","1086.5","2024-08-27","87750","50.0","30","FUTCOM","CE","MCX_FO"
"MCX_FO|436724","436724","SILVERM25JUN94250CE","SILVER","8591.5","2025-06-19","94250","50.0","5","FUTCOM","CE","MCX_FO"
"MCX_FO|429929","429929","SILVER25FEB77750PE","SILVER","4414.5","2025-02-24","77750","50.0","30","FUTCOM","PE","MCX_FO"
"MCX_FO|435119","435119","NATURALGAS24AUG265CE","NATURALGAS","0.05","2024-08-23","265","5.0","1250","FUTCOM","CE","MCX_FO"
"MCX_FO|436510","436510","GOLDM24SEP74800PE","GOLD","7389.5","2024-09-24","74800","50.0","100","FUTCOM","PE","MCX_FO"
"MCX_FO|435617","435617","GOLDM24AUG69600CE","GOLD","1297.5","2024-08-27","69600","50.0","100","FUTCOM","CE","MCX_FO"
"MCX_FO|436726","436726","SILVERM25JUN93750CE","SILVER","8764.0","2025-06-19","93750","50.0","5","FUTCOM","CE","MCX_FO"
"MCX_FO|429972","429972","SILVERM25FEB77000CE","SILVER","12519.5","2025-02-19","77000","50.0","5","FUTCOM","CE","MCX_FO"
"MCX_FO|430099","430099","SILVERM25FEB87750PE","SILVER","8567.0","2025-02-19","87750","50.0","5","FUTCOM","PE","MCX_FO"
"MCX_FO|426638","426638","GOLD24SEP62900PE","GOLD","999.0","2024-09-24","62900","50.0","1","FUTCOM","PE","MCX_FO"
"MCX_FO|434778","434778","SILVERM25APR108250CE","SILVER","2951.5","2025-04-21","108250","50.0","5","FUTCOM","CE","MCX_FO"
"MCX_FO|437790","437790","SILVERM25JUN83500PE","SILVER","8009.5","2025-06-19","83500","50.0","5","FUTCOM","PE","MCX_FO"
"MCX_FO|431943","431943","GOLD25MAR73800CE","GOLD","3882.0","2025-03-26","73800","50.0","1","FUTCOM","CE","MCX_FO"
"MCX_FO|430043","430043","SILVERM25FEB81250PE","SILVER","5365.5","2025-02-19","81250","50.0","5","FUTCOM","PE","MCX_FO"
"MCX_FO|431772","431772","SILVER25FEB96000CE","SILVER","4623.5","2025-02-24","96000","50.0","30","FUTCOM","CE","MCX_FO"
"MCX_FO|436073","436073","CRUDEOIL24SEP8000PE","CRUDE OIL","1492.4","2024-09-17","8000","10.0","100","FUTCOM","PE","MCX_FO"
"MCX_FO|426892","426892","SILVERM24AUG77000PE","SILVER","1136.5","2024-08-21","77000","50.0","5","FUTCOM","PE","MCX_FO"
"MCX_FO|436039","436039","CRUDEOIL24AUG7950PE","CRUDE OIL","1372.7","2024-08-14","7950","10.0","100","FUTCOM","PE","MCX_FO"
"MCX_FO|429739","429739","GOLD24SEP70000PE","GOLD","2045.5","2024-09-24","70000","50.0","1","FUTCOM","PE","MCX_FO"
"MCX_FO|428746","428746","SILVERM24NOV68750PE","SILVER","928.0","2024-11-20","68750","50.0","5","FUTCOM","PE","MCX_FO"
"MCX_FO|426543","426543","GOLD24SEP62400CE","GOLD","6284.5","2024-09-24","62400","50.0","1","FUTCOM","CE","MCX_FO"
"MCX_FO|437538","437538","SILVERM25JUN87250PE","SILVER","9821.0","2025-06-19","87250","50.0","5","FUTCOM","PE","MCX_FO"
"MCX_FO|437088","437088","SILVERM25JUN92750CE","SILVER","9118.0","2025-06-19","92750","50.0","5","FUTCOM","CE","MCX_FO"
"MCX_FO|434234","434234","SILVERM25FEB101000PE","SILVER","17341.5","2025-02-19","101000","50.0","5","FUTCOM","PE","MCX_FO"
"MCX_FO|429561","429561","GOLD25JAN69400CE","GOLD","4769.0","2025-01-27","69400","50.0","1","FUTCOM","CE","MCX_FO"
"MCX_FO|435210","435210","NATGASMINI24AUG220CE","NATURALGAS","2.15","2024-08-23","220","5.0","250","FUTCOM","CE","MCX_FO"
"MCX_FO|435124","435124","NATURALGAS24AUG290CE","NATURALGAS","0.05","2024-08-23","290","5.0","1250","FUTCOM","CE","MCX_FO"
"MCX_FO|435591","435591","ZINC24SEP242.5PE","ZINC","8.76","2024-09-19","242.5","1.0","5","FUTCOM","PE","MCX_FO"
"MCX_FO|436099","436099","NATURALGAS24SEP215CE","NATURALGAS","6.3","2024-09-23","215","5.0","1250","FUTCOM","CE","MCX_FO"
"MCX_FO|431600","431600","GOLD25JAN74900CE","GOLD","2835.5","2025-01-27","74900","50.0","1","FUTCOM","CE","MCX_FO"
"MCX_FO|428768","428768","GOLD25JAN62300CE","GOLD","8539.5","2025-01-27","62300","50.0","1","FUTCOM","CE","MCX_FO"
"MCX_FO|435744","435744","GOLD25MAY74200CE","GOLD","4564.0","2025-05-27","74200","50.0","1","FUTCOM","CE","MCX_FO"
"MCX_FO|433689","433689","SILVERM25APR86250PE","SILVER","7479.5","2025-04-21","86250","50.0","5","FUTCOM","PE","MCX_FO"
"MCX_FO|426480","426480","SILVERM24AUG78000PE","SILVER","826.0","2024-08-21","78000","50.0","5","FUTCOM","PE","MCX_FO"
"MCX_FO|426823","426823","SILVERM24AUG80500CE","SILVER","2674.5","2024-08-21","80500","50.0","5","FUTCOM","CE","MCX_FO"
"MCX_FO|429705","429705","GOLD25JAN70500CE","GOLD","4318.0","2025-01-27","70500","50.0","1","FUTCOM","CE","MCX_FO"
"MCX_FO|437847","437847","NATURALGAS24OCT235PE","NATURALGAS","0.0","2024-10-24","235","5.0","1250","FUTCOM","PE","MCX_FO"
"MCX_FO|427186","427186","GOLD24NOV65900CE","GOLD","5092.0","2024-11-26","65900","50.0","1","FUTCOM","CE","MCX_FO"
"MCX_FO|429834","429834","SILVERM25FEB79000PE","SILVER","4450.5","2025-02-19","79000","50.0","5","FUTCOM","PE","MCX_FO"
"MCX_FO|436633","436633","SILVER25JUN102000CE","SILVER","5814.0","2025-06-25","102000","50.0","30","FUTCOM","CE","MCX_FO"
"MCX_FO|428979","428979","GOLD25JAN65600PE","GOLD","3590.5","2025-01-27","65600","50.0","1","FUTCOM","PE","MCX_FO"
"MCX_FO|435206","435206","ZINC24AUG300PE","ZINC","47.4","2024-08-21","300","1.0","5","FUTCOM","PE","MCX_FO"
"MCX_FO|436106","436106","NATURALGAS24SEP180CE","NATURALGAS","18.65","2024-09-23","180","5.0","1250","FUTCOM","CE","MCX_FO"
"MCX_FO|431678","431678","SILVERM25FEB95500CE","SILVER","4413.0","2025-02-19","95500","50.0","5","FUTCOM","CE","MCX_FO"
"MCX_FO|429596","429596","GOLD25JAN69500PE","GOLD","5480.0","2025-01-27","69500","50.0","1","FUTCOM","PE","MCX_FO"
"MCX_FO|427417","427417","GOLD24SEP66900CE","GOLD","3388.0","2024-09-24","66900","50.0","1","FUTCOM","CE","MCX_FO"
"MCX_FO|433202","433202","COPPER24AUG915CE","COPPER","0.01","2024-08-21","915","1.0","2500","FUTCOM","CE","MCX_FO"
"MCX_FO|436541","436541","NATGASMINI24SEP130PE","NATURALGAS","0.8","2024-09-23","130","5.0","250","FUTCOM","PE","MCX_FO"
"MCX_FO|432782","432782","GOLD25MAR68700PE","GOLD","5444.0","2025-03-26","68700","50.0","1","FUTCOM","PE","MCX_FO"
"MCX_FO|436719","436719","SILVERM25JUN95500CE","SILVER","8172.5","2025-06-19","95500","50.0","5","FUTCOM","CE","MCX_FO"
"MCX_FO|436098","436098","NATURALGAS24SEP220CE","NATURALGAS","5.3","2024-09-23","220","5.0","1250","FUTCOM","CE","MCX_FO"
"MCX_FO|433780","433780","SILVER25APR98750PE","SILVER","16167.5","2025-04-24","98750","50.0","30","FUTCOM","PE","MCX_FO"
"MCX_FO|426650","426650","GOLD24SEP61700PE","GOLD","724.5","2024-09-24","61700","50.0","1","FUTCOM","PE","MCX_FO"
"MCX_FO|432117","432117","SILVERM24AUG92500PE","SILVER","11265.5","2024-08-21","92500","50.0","5","FUTCOM","PE","MCX_FO"
"MCX_FO|437712","437712","SILVER25APR82750PE","SILVER","6923.5","2025-04-24","82750","50.0","30","FUTCOM","PE","MCX_FO"
"MCX_FO|437546","437546","CRUDEOILM24SEP5150PE","CRUDE OIL","0.05","2024-09-17","5150","5.0","10","FUTCOM","PE","MCX_FO"
"MCX_FO|434592","434592","SILVER25APR105500CE","SILVER","3595.5","2025-04-24","105500","50.0","30","FUTCOM","CE","MCX_FO"
"MCX_FO|434364","434364","CRUDEOIL24AUG6100PE","CRUDE OIL","46.0","2024-08-14","6100","10.0","100","FUTCOM","PE","MCX_FO"
"MCX_FO|435832","435832","CRUDEOIL24SEP6600CE","CRUDE OIL","130.1","2024-09-17","6600","10.0","100","FUTCOM","CE","MCX_FO"
"MCX_FO|429923","429923","SILVER25FEB79500PE","SILVER","5096.5","2025-02-24","79500","50.0","30","FUTCOM","PE","MCX_FO"
"MCX_FO|436015","436015","CRUDEOILM24SEP6950PE","CRUDE OIL","486.4","2024-09-17","6950","5.0","10","FUTCOM","PE","MCX_FO"
"MCX_FO|427291","427291","SILVER24NOV84500CE","SILVER","5715.0","2024-11-26","84500","50.0","30","FUTCOM","CE","MCX_FO"
"MCX_FO|436865","436865","SILVER25JUN106750PE","SILVER","21787.5","2025-06-25","106750","50.0","30","FUTCOM","PE","MCX_FO"
"MCX_FO|437051","437051","CRUDEOIL24OCT7000PE","CRUDE OIL","600.8","2024-10-17","7000","10.0","100","FUTCOM","PE","MCX_FO"
"MCX_FO|431951","431951","GOLD25MAR74600CE","GOLD","3629.5","2025-03-26","74600","50.0","1","FUTCOM","CE","MCX_FO"
"MCX_FO|434303","434303","COPPER24AUG990PE","COPPER","192.98","2024-08-21","990","1.0","2500","FUTCOM","PE","MCX_FO"
"MCX_FO|437161","437161","CRUDEOILM24OCT6100PE","CRUDE OIL","127.0","2024-10-17","6100","5.0","10","FUTCOM","PE","MCX_FO"
"MCX_FO|426715","426715","SILVER24AUG78500CE","SILVER","3832.5","2024-08-27","78500","50.0","30","FUTCOM","CE","MCX_FO"
"MCX_FO|436968","436968","CRUDEOIL24OCT6300CE","CRUDE OIL","226.1","2024-10-17","6300","10.0","100","FUTCOM","CE","MCX_FO"
"MCX_FO|437376","437376","GOLDM24SEP66800CE","GOLD","3388.5","2024-09-24","66800","50.0","100","FUTCOM","CE","MCX_FO"
"MCX_FO|427363","427363","GOLD24SEP66700CE","GOLD","3494.0","2024-09-24","66700","50.0","1","FUTCOM","CE","MCX_FO"
"MCX_FO|434803","434803","SILVERM24AUG100000PE","SILVER","18487.0","2024-08-21","100000","50.0","5","FUTCOM","PE","MCX_FO"
"MCX_FO|435090","435090","SILVERM25APR109000CE","SILVER","2825.0","2025-04-21","109000","50.0","5","FUTCOM","CE","MCX_FO"
"MCX_FO|434926","434926","CRUDEOILM24AUG7050CE","CRUDE OIL","7.25","2024-08-14","7050","5.0","10","FUTCOM","CE","MCX_FO"
"MCX_FO|436946","436946","GOLD25MAY79100CE","GOLD","3173.0","2025-05-27","79100","50.0","1","FUTCOM","CE","MCX_FO"
"MCX_FO|436067","436067","COPPER24SEP820PE","COPPER","36.39","2024-09-19","820","1.0","2500","FUTCOM","PE","MCX_FO"
"MCX_FO|433859","433859","COPPER24AUG960PE","COPPER","163.14","2024-08-21","960","1.0","2500","FUTCOM","PE","MCX_FO"
"MCX_FO|436435","436435","GOLDM24SEP71600CE","GOLD","1412.5","2024-09-24","71600","50.0","100","FUTCOM","CE","MCX_FO"
"MCX_FO|437348","437348","GOLDM24AUG67000CE","GOLD","1842.0","2024-08-27","67000","50.0","100","FUTCOM","CE","MCX_FO"
"MCX_FO|427293","427293","SILVER24NOV85000CE","SILVER","5504.5","2024-11-26","85000","50.0","30","FUTCOM","CE","MCX_FO"
"MCX_FO|430905","430905","SILVERM24NOV88250CE","SILVER","4034.0","2024-11-20","88250","50.0","5","FUTCOM","CE","MCX_FO"
"MCX_FO|433815","433815","SILVERM25APR99500PE","SILVER","15293.5","2025-04-21","99500","50.0","5","FUTCOM","PE","MCX_FO"
"MCX_FO|437097","437097","ZINC24OCT237.5CE","ZINC","22.04","2024-10-22","237.5","1.0","5","FUTCOM","CE","MCX_FO"
"MCX_FO|427988","427988","GOLD24NOV60900PE","GOLD","1072.5","2024-11-26","60900","50.0","1","FUTCOM","PE","MCX_FO"
"MCX_FO|428392","428392","GOLD24NOV59100CE","GOLD","9786.5","2024-11-26","59100","50.0","1","FUTCOM","CE","MCX_FO"
"MCX_FO|434367","434367","CRUDEOIL24AUG5950PE","CRUDE OIL","2.9","2024-08-14","5950","10.0","100","FUTCOM","PE","MCX_FO"
"MCX_FO|429959","429959","SILVER25FEB87750PE","SILVER","9084.5","2025-02-24","87750","50.0","30","FUTCOM","PE","MCX_FO"
"MCX_FO|436467","436467","GOLDM24SEP75500CE","GOLD","594.5","2024-09-24","75500","50.0","100","FUTCOM","CE","MCX_FO"
"MCX_FO|437917","437917","NATGASMINI24OCT245PE","NATURALGAS","0.0","2024-10-24","245","5.0","250","FUTCOM","PE","MCX_FO"
"MCX_FO|437735","437735","SILVER25JUN82500PE","SILVER","7310.5","2025-06-25","82500","50.0","30","FUTCOM","PE","MCX_FO"
"MCX_FO|434801","434801","SILVERM24AUG99500PE","SILVER","17994.5","2024-08-21","99500","50.0","5","FUTCOM","PE","MCX_FO"
"MCX_FO|427157","427157","GOLD24NOV62700CE","GOLD","7088.5","2024-11-26","62700","50.0","1","FUTCOM","CE","MCX_FO"
"MCX_FO|435165","435165","SILVER25FEB108000CE","SILVER","2199.0","2025-02-24","108000","50.0","30","FUTCOM","CE","MCX_FO"
"MCX_FO|432153","432153","GOLD25JAN75900CE","GOLD","2564.0","2025-01-27","75900","50.0","1","FUTCOM","CE","MCX_FO"
"MCX_FO|437506","437506","SILVER25JUN86250PE","SILVER","9067.0","2025-06-25","86250","50.0","30","FUTCOM","PE","MCX_FO"
"MCX_FO|432003","432003","GOLD25MAR73400PE","GOLD","8100.0","2025-03-26","73400","50.0","1","FUTCOM","PE","MCX_FO"
"MCX_FO|437445","437445","GOLDM24SEP68000PE","GOLD","2745.0","2024-09-24","68000","50.0","100","FUTCOM","PE","MCX_FO"
"MCX_FO|437725","437725","SILVER25JUN85000PE","SILVER","8459.5","2025-06-25","85000","50.0","30","FUTCOM","PE","MCX_FO"
"MCX_FO|437418","437418","GOLDM24AUG68100PE","GOLD","2238.0","2024-08-27","68100","50.0","100","FUTCOM","PE","MCX_FO"
"MCX_FO|437584","437584","GOLD25MAY68100CE","GOLD","6952.5","2025-05-27","68100","50.0","1","FUTCOM","CE","MCX_FO"
"MCX_FO|436607","436607","SILVER25JUN98500CE","SILVER","6763.0","2025-06-25","98500","50.0","30","FUTCOM","CE","MCX_FO"
"MCX_FO|434030","434030","SILVER25APR104250CE","SILVER","3842.5","2025-04-24","104250","50.0","30","FUTCOM","CE","MCX_FO"
"MCX_FO|434219","434219","SILVERM24NOV99000PE","SILVER","16497.0","2024-11-20","99000","50.0","5","FUTCOM","PE","MCX_FO"
"MCX_FO|431398","431398","SILVERM24NOV90750PE","SILVER","10187.5","2024-11-20","90750","50.0","5","FUTCOM","PE","MCX_FO"
"MCX_FO|437048","437048","CRUDEOIL24OCT6850PE","CRUDE OIL","470.7","2024-10-17","6850","10.0","100","FUTCOM","PE","MCX_FO"
"MCX_FO|437237","437237","ZINC24OCT230CE","ZINC","25.87","2024-10-22","230","1.0","5","FUTCOM","CE","MCX_FO"
"MCX_FO|426704","426704","SILVER24AUG74000CE","SILVER","8000.0","2024-08-27","74000","50.0","30","FUTCOM","CE","MCX_FO"
"MCX_FO|435792","435792","GOLD25MAY74000PE","GOLD","8833.5","2025-05-27","74000","50.0","1","FUTCOM","PE","MCX_FO"
"MCX_FO|433549","433549","SILVER25APR86750PE","SILVER","8878.5","2025-04-24","86750","50.0","30","FUTCOM","PE","MCX_FO"
"MCX_FO|426900","426900","SILVERM24AUG75000PE","SILVER","497.5","2024-08-21","75000","50.0","5","FUTCOM","PE","MCX_FO"
"MCX_FO|435334","435334","CRUDEOILM24AUG7900PE","CRUDE OIL","1325.85","2024-08-14","7900","5.0","10","FUTCOM","PE","MCX_FO"
"MCX_FO|429696","429696","GOLD24NOV70200CE","GOLD","3053.0","2024-11-26","70200","50.0","1","FUTCOM","CE","MCX_FO"
"MCX_FO|436228","436228","NATURALGAS24SEP160CE","NATURALGAS","31.0","2024-09-23","160","5.0","1250","FUTCOM","CE","MCX_FO"
"MCX_FO|429329","429329","GOLD24NOV67900PE","GOLD","3575.0","2024-11-26","67900","50.0","1","FUTCOM","PE","MCX_FO"
"MCX_FO|426572","426572","GOLD24SEP65000CE","GOLD","4483.0","2024-09-24","65000","50.0","1","FUTCOM","CE","MCX_FO"
"MCX_FO|431933","431933","GOLD25MAR70300CE","GOLD","5158.0","2025-03-26","70300","50.0","1","FUTCOM","CE","MCX_FO"
"MCX_FO|431538","431538","SILVERM24AUG90250CE","SILVER","476.5","2024-08-21","90250","50.0","5","FUTCOM","CE","MCX_FO"
"MCX_FO|435379","435379","COPPER24SEP895PE","COPPER","96.07","2024-09-19","895","1.0","2500","FUTCOM","PE","MCX_FO"
"MCX_FO|431945","431945","GOLD25MAR74000CE","GOLD","3817.5","2025-03-26","74000","50.0","1","FUTCOM","CE","MCX_FO"
"MCX_FO|435984","435984","CRUDEOILM24SEP7950CE","CRUDE OIL","0.15","2024-09-17","7950","5.0","10","FUTCOM","CE","MCX_FO"
"MCX_FO|427284","427284","SILVER24NOV82750CE","SILVER","6499.5","2024-11-26","82750","50.0","30","FUTCOM","CE","MCX_FO"
"MCX_FO|435836","435836","CRUDEOIL24SEP6400CE","CRUDE OIL","225.0","2024-09-17","6400","10.0","100","FUTCOM","CE","MCX_FO"
"MCX_FO|437338","437338","GOLDM24AUG68000CE","GOLD","1228.0","2024-08-27","68000","50.0","100","FUTCOM","CE","MCX_FO"
"MCX_FO|435298","435298","SILVER25APR110750PE","SILVER","25133.5","2025-04-24","110750","50.0","30","FUTCOM","PE","MCX_FO"
"MCX_FO|431794","431794","GOLD24SEP74700CE","GOLD","790.5","2024-09-24","74700","50.0","1","FUTCOM","CE","MCX_FO"
"MCX_FO|427723","427723","SILVERM24AUG70000CE","SILVER","11511.0","2024-08-21","70000","50.0","5","FUTCOM","CE","MCX_FO"
"MCX_FO|437346","437346","GOLDM24AUG67200CE","GOLD","2339.0","2024-08-27","67200","50.0","100","FUTCOM","CE","MCX_FO"
"MCX_FO|436114","436114","NATURALGAS24SEP275CE","NATURALGAS","0.65","2024-09-23","275","5.0","1250","FUTCOM","CE","MCX_FO"
"MCX_FO|430794","430794","GOLD24NOV71500PE","GOLD","5613.5","2024-11-26","71500","50.0","1","FUTCOM","PE","MCX_FO"
"MCX_FO|427276","427276","SILVER24NOV80750CE","SILVER","7489.0","2024-11-26","80750","50.0","30","FUTCOM","CE","MCX_FO"
"MCX_FO|433335","433335","SILVER24AUG93000CE","SILVER","276.5","2024-08-27","93000","50.0","30","FUTCOM","CE","MCX_FO"
"MCX_FO|434082","434082","SILVER25FEB101000PE","SILVER","17829.5","2025-02-24","101000","50.0","30","FUTCOM","PE","MCX_FO"
"MCX_FO|426864","426864","SILVERM24NOV79750CE","SILVER","7826.0","2024-11-20","79750","50.0","5","FUTCOM","CE","MCX_FO"
"MCX_FO|436200","436200","NATGASMINI24SEP250PE","NATURALGAS","64.35","2024-09-23","250","5.0","250","FUTCOM","PE","MCX_FO"
"MCX_FO|436285","436285","ZINC24OCT255CE","ZINC","14.77","2024-10-22","255","1.0","5","FUTCOM","CE","MCX_FO"
"MCX_FO|435148","435148","NATURALGAS24AUG260PE","NATURALGAS","83.75","2024-08-23","260","5.0","1250","FUTCOM","PE","MCX_FO"
"MCX_FO|434083","434083","SILVER25FEB101250PE","SILVER","18017.0","2025-02-24","101250","50.0","30","FUTCOM","PE","MCX_FO"
"MCX_FO|435718","435718","GOLD25MAY70500CE","GOLD","5917.5","2025-05-27","70500","50.0","1","FUTCOM","CE","MCX_FO"
"MCX_FO|435268","435268","NATURALGAS24AUG150CE","NATURALGAS","26.9","2024-08-23","150","5.0","1250","FUTCOM","CE","MCX_FO"
"MCX_FO|429932","429932","SILVER25FEB77000PE","SILVER","4140.0","2025-02-24","77000","50.0","30","FUTCOM","PE","MCX_FO"
"MCX_FO|435737","435737","GOLD25MAY73500CE","GOLD","4798.5","2025-05-27","73500","50.0","1","FUTCOM","CE","MCX_FO"
"MCX_FO|433785","433785","SILVER25APR100000PE","SILVER","17034.0","2025-04-24","100000","50.0","30","FUTCOM","PE","MCX_FO"
"MCX_FO|435847","435847","CRUDEOIL24SEP5850CE","CRUDE OIL","647.4","2024-09-17","5850","10.0","100","FUTCOM","CE","MCX_FO"
"MCX_FO|433012","433012","COPPER24AUG870PE","COPPER","73.97","2024-08-21","870","1.0","2500","FUTCOM","PE","MCX_FO"
"MCX_FO|427388","427388","SILVERM24NOV86250PE","SILVER","7303.0","2024-11-20","86250","50.0","5","FUTCOM","PE","MCX_FO"
"MCX_FO|437378","437378","GOLDM24SEP66600CE","GOLD","3498.0","2024-09-24","66600","50.0","100","FUTCOM","CE","MCX_FO"
"MCX_FO|436402","436402","GOLDM24SEP73200CE","GOLD","1007.0","2024-09-24","73200","50.0","100","FUTCOM","CE","MCX_FO"
"MCX_FO|430912","430912","SILVERM25FEB90000CE","SILVER","6175.0","2025-02-19","90000","50.0","5","FUTCOM","CE","MCX_FO"
"MCX_FO|433729","433729","GOLD24SEP76200CE","GOLD","565.0","2024-09-24","76200","50.0","1","FUTCOM","CE","MCX_FO"
"MCX_FO|426816","426816","SILVERM24AUG78750CE","SILVER","4383.0","2024-08-21","78750","50.0","5","FUTCOM","CE","MCX_FO"
"MCX_FO|431806","431806","GOLD24SEP75900CE","GOLD","605.0","2024-09-24","75900","50.0","1","FUTCOM","CE","MCX_FO"
"MCX_FO|437705","437705","SILVER25APR84500PE","SILVER","7747.0","2025-04-24","84500","50.0","30","FUTCOM","PE","MCX_FO"
"MCX_FO|431347","431347","SILVER25FEB93250CE","SILVER","5428.0","2025-02-24","93250","50.0","30","FUTCOM","CE","MCX_FO"
"MCX_FO|437905","437905","NATGASMINI24OCT190PE","NATURALGAS","0.0","2024-10-24","190","5.0","250","FUTCOM","PE","MCX_FO"
"MCX_FO|434632","434632","SILVER24AUG100750PE","SILVER","19347.0","2024-08-27","100750","50.0","30","FUTCOM","PE","MCX_FO"
"MCX_FO|435551","435551","GOLDM24AUG71300PE","GOLD","4322.0","2024-08-27","71300","50.0","100","FUTCOM","PE","MCX_FO"
"MCX_FO|427387","427387","SILVERM24NOV86000PE","SILVER","7156.5","2024-11-20","86000","50.0","5","FUTCOM","PE","MCX_FO"
"MCX_FO|435641","435641","ZINC24SEP240PE","ZINC","7.77","2024-09-19","240","1.0","5","FUTCOM","PE","MCX_FO"
"MCX_FO|437277","437277","CRUDEOIL24OCT5150PE","CRUDE OIL","0.1","2024-10-17","5150","10.0","100","FUTCOM","PE","MCX_FO"
"MCX_FO|434910","434910","CRUDEOILM24AUG5700CE","CRUDE OIL","865.7","2024-08-14","5700","5.0","10","FUTCOM","CE","MCX_FO"
"MCX_FO|436494","436494","GOLDM24SEP70700PE","GOLD","4328.0","2024-09-24","70700","50.0","100","FUTCOM","PE","MCX_FO"
"MCX_FO|437104","437104","CRUDEOILM24OCT6350CE","CRUDE OIL","276.5","2024-10-17","6350","5.0","10","FUTCOM","CE","MCX_FO"
"MCX_FO|426574","426574","GOLD24SEP65200CE","GOLD","4358.5","2024-09-24","65200","50.0","1","FUTCOM","CE","MCX_FO"
"MCX_FO|435524","435524","GOLDM24AUG73500CE","GOLD","117.0","2024-08-27","73500","50.0","100","FUTCOM","CE","MCX_FO"
"MCX_FO|436253","436253","COPPER24OCT830CE","COPPER","32.08","2024-10-22","830","1.0","2500","FUTCOM","CE","MCX_FO"
"MCX_FO|427742","427742","SILVER24NOV71500CE","SILVER","13372.5","2024-11-26","71500","50.0","30","FUTCOM","CE","MCX_FO"
"MCX_FO|430867","430867","SILVER25FEB91500CE","SILVER","5998.0","2025-02-24","91500","50.0","30","FUTCOM","CE","MCX_FO"
"MCX_FO|427259","427259","SILVER24NOV76750CE","SILVER","9772.5","2024-11-26","76750","50.0","30","FUTCOM","CE","MCX_FO"
"MCX_FO|431395","431395","SILVERM24AUG89500PE","SILVER","8582.5","2024-08-21","89500","50.0","5","FUTCOM","PE","MCX_FO"
"MCX_FO|434580","434580","SILVER25FEB105500CE","SILVER","2581.0","2025-02-24","105500","50.0","30","FUTCOM","CE","MCX_FO"
"MCX_FO|437153","437153","CRUDEOILM24OCT6500PE","CRUDE OIL","307.35","2024-10-17","6500","5.0","10","FUTCOM","PE","MCX_FO"
"MCX_FO|432262","432262","SILVER24NOV95500CE","SILVER","2321.0","2024-11-26","95500","50.0","30","FUTCOM","CE","MCX_FO"
"MCX_FO|428391","428391","GOLD24SEP58300CE","GOLD","9706.0","2024-09-24","58300","50.0","1","FUTCOM","CE","MCX_FO"
"MCX_FO|426793","426793","SILVERM24AUG76750CE","SILVER","5740.0","2024-08-21","76750","50.0","5","FUTCOM","CE","MCX_FO"
"MCX_FO|434584","434584","SILVER25FEB106500CE","SILVER","2421.5","2025-02-24","106500","50.0","30","FUTCOM","CE","MCX_FO"
"MCX_FO|435885","435885","CRUDEOIL24SEP6500PE","CRUDE OIL","181.1","2024-09-17","6500","10.0","100","FUTCOM","PE","MCX_FO"
"MCX_FO|437023","437023","CRUDEOIL24OCT6150PE","CRUDE OIL","68.0","2024-10-17","6150","10.0","100","FUTCOM","PE","MCX_FO"
"MCX_FO|437762","437762","SILVERM25JUN83250CE","SILVER","13113.0","2025-06-19","83250","50.0","5","FUTCOM","CE","MCX_FO"
"MCX_FO|429597","429597","GOLD25JAN69600PE","GOLD","5534.0","2025-01-27","69600","50.0","1","FUTCOM","PE","MCX_FO"
"MCX_FO|435473","435473","COPPER24SEP850CE","COPPER","8.47","2024-09-19","850","1.0","2500","FUTCOM","CE","MCX_FO"
"MCX_FO|426959","426959","SILVERM24NOV74250PE","SILVER","2101.0","2024-11-20","74250","50.0","5","FUTCOM","PE","MCX_FO"
"MCX_FO|434163","434163","SILVERM25FEB101750CE","SILVER","2944.5","2025-02-19","101750","50.0","5","FUTCOM","CE","MCX_FO"
"MCX_FO|433657","433657","SILVERM24AUG93500PE","SILVER","12197.5","2024-08-21","93500","50.0","5","FUTCOM","PE","MCX_FO"
"MCX_FO|427327","427327","SILVER24NOV81000PE","SILVER","4919.5","2024-11-26","81000","50.0","30","FUTCOM","PE","MCX_FO"
"MCX_FO|436089","436089","COPPER24AUG805PE","COPPER","19.37","2024-08-21","805","1.0","2500","FUTCOM","PE","MCX_FO"
"MCX_FO|435099","435099","NATURALGAS24AUG230CE","NATURALGAS","1.25","2024-08-23","230","5.0","1250","FUTCOM","CE","MCX_FO"
"MCX_FO|430929","430929","SILVERM24AUG87500PE","SILVER","6923.0","2024-08-21","87500","50.0","5","FUTCOM","PE","MCX_FO"
"MCX_FO|435580","435580","GOLDM24AUG74100PE","GOLD","6625.0","2024-08-27","74100","50.0","100","FUTCOM","PE","MCX_FO"
"MCX_FO|432151","432151","GOLD25JAN75700CE","GOLD","2616.5","2025-01-27","75700","50.0","1","FUTCOM","CE","MCX_FO"
"MCX_FO|434959","434959","CRUDEOILM24AUG5750PE","CRUDE OIL","0.1","2024-08-14","5750","5.0","10","FUTCOM","PE","MCX_FO"
"MCX_FO|428831","428831","GOLD25JAN61000PE","GOLD","1948.0","2025-01-27","61000","50.0","1","FUTCOM","PE","MCX_FO"
"MCX_FO|437689","437689","SILVER25JUN86000CE","SILVER","11313.5","2025-06-25","86000","50.0","30","FUTCOM","CE","MCX_FO"
"MCX_FO|430291","430291","GOLD25JAN71700PE","GOLD","6739.0","2025-01-27","71700","50.0","1","FUTCOM","PE","MCX_FO"
"MCX_FO|435710","435710","GOLD25MAY71300CE","GOLD","5601.0","2025-05-27","71300","50.0","1","FUTCOM","CE","MCX_FO"
"MCX_FO|436430","436430","GOLDM24SEP72100CE","GOLD","1274.0","2024-09-24","72100","50.0","100","FUTCOM","CE","MCX_FO"
"MCX_FO|433860","433860","COPPER24AUG965PE","COPPER","168.11","2024-08-21","965","1.0","2500","FUTCOM","PE","MCX_FO"
"MCX_FO|433591","433591","SILVERM24AUG94000CE","SILVER","277.0","2024-08-21","94000","50.0","5","FUTCOM","CE","MCX_FO"
"MCX_FO|431515","431515","SILVER24AUG90250PE","SILVER","9521.0","2024-08-27","90250","50.0","30","FUTCOM","PE","MCX_FO"
"MCX_FO|428806","428806","GOLD25JAN64800CE","GOLD","7039.0","2025-01-27","64800","50.0","1","FUTCOM","CE","MCX_FO"
"MCX_FO|434683","434683","SILVER25APR106500PE","SILVER","21805.5","2025-04-24","106500","50.0","30","FUTCOM","PE","MCX_FO"
"MCX_FO|433564","433564","SILVER25APR93250PE","SILVER","12581.0","2025-04-24","93250","50.0","30","FUTCOM","PE","MCX_FO"
"MCX_FO|437295","437295","GOLD25MAR68200PE","GOLD","5193.5","2025-03-26","68200","50.0","1","FUTCOM","PE","MCX_FO"
"MCX_FO|437582","437582","GOLD25MAY68300CE","GOLD","6861.0","2025-05-27","68300","50.0","1","FUTCOM","CE","MCX_FO"
"MCX_FO|426813","426813","SILVERM24AUG71750CE","SILVER","9885.5","2024-08-21","71750","50.0","5","FUTCOM","CE","MCX_FO"
"MCX_FO|428796","428796","GOLD25JAN63800CE","GOLD","7616.5","2025-01-27","63800","50.0","1","FUTCOM","CE","MCX_FO"
"MCX_FO|434891","434891","ZINC24AUG295PE","ZINC","42.43","2024-08-21","295","1.0","5","FUTCOM","PE","MCX_FO"
"MCX_FO|436769","436769","SILVERM25JUN95500PE","SILVER","14446.0","2025-06-19","95500","50.0","5","FUTCOM","PE","MCX_FO"
"MCX_FO|434013","434013","SILVER25FEB102250CE","SILVER","3165.5","2025-02-24","102250","50.0","30","FUTCOM","CE","MCX_FO"
"MCX_FO|430675","430675","SILVERM24AUG85500PE","SILVER","4767.5","2024-08-21","85500","50.0","5","FUTCOM","PE","MCX_FO"
"MCX_FO|435535","435535","GOLDM24AUG74600CE","GOLD","271.0","2024-08-27","74600","50.0","100","FUTCOM","CE","MCX_FO"
"MCX_FO|435515","435515","GOLDM24AUG72600CE","GOLD","536.0","2024-08-27","72600","50.0","100","FUTCOM","CE","MCX_FO"
"MCX_FO|437138","437138","CRUDEOILM24OCT7200CE","CRUDE OIL","39.85","2024-10-17","7200","5.0","10","FUTCOM","CE","MCX_FO"
"MCX_FO|435426","435426","COPPER24SEP930PE","COPPER","129.03","2024-09-19","930","1.0","2500","FUTCOM","PE","MCX_FO"
"MCX_FO|437866","437866","SILVERM25APR81500PE","SILVER","0.0","2025-04-21","81500","50.0","5","FUTCOM","PE","MCX_FO"
"MCX_FO|426821","426821","SILVERM24AUG80000CE","SILVER","3023.5","2024-08-21","80000","50.0","5","FUTCOM","CE","MCX_FO"
"MCX_FO|431570","431570","SILVERM25FEB95250PE","SILVER","13209.0","2025-02-19","95250","50.0","5","FUTCOM","PE","MCX_FO"
"MCX_FO|427237","427237","GOLD24NOV65600PE","GOLD","2539.5","2024-11-26","65600","50.0","1","FUTCOM","PE","MCX_FO"
"MCX_FO|434848","434848","SILVERM25FEB106000PE","SILVER","21256.5","2025-02-19","106000","50.0","5","FUTCOM","PE","MCX_FO"
"MCX_FO|428416","428416","GOLD24SEP59100PE","GOLD","326.0","2024-09-24","59100","50.0","1","FUTCOM","PE","MCX_FO"
"MCX_FO|436263","436263","COPPER24OCT885CE","COPPER","14.6","2024-10-22","885","1.0","2500","FUTCOM","CE","MCX_FO"
"MCX_FO|430799","430799","GOLD24NOV72000PE","GOLD","5934.5","2024-11-26","72000","50.0","1","FUTCOM","PE","MCX_FO"
"MCX_FO|435242","435242","NATGASMINI24AUG210PE","NATURALGAS","38.05","2024-08-23","210","5.0","250","FUTCOM","PE","MCX_FO"
"MCX_FO|434357","434357","CRUDEOIL24AUG6450PE","CRUDE OIL","141.9","2024-08-14","6450","10.0","100","FUTCOM","PE","MCX_FO"
"MCX_FO|434657","434657","SILVER24NOV104250PE","SILVER","21280.0","2024-11-26","104250","50.0","30","FUTCOM","PE","MCX_FO"
"MCX_FO|434267","434267","CRUDEOIL24AUG6600CE","CRUDE OIL","106.4","2024-08-14","6600","10.0","100","FUTCOM","CE","MCX_FO"
"MCX_FO|431934","431934","GOLD25MAR72900CE","GOLD","4183.0","2025-03-26","72900","50.0","1","FUTCOM","CE","MCX_FO"
"MCX_FO|433501","433501","SILVER25APR94000CE","SILVER","6503.0","2025-04-24","94000","50.0","30","FUTCOM","CE","MCX_FO"
"MCX_FO|437241","437241","ZINC24OCT230PE","ZINC","14.47","2024-10-22","230","1.0","5","FUTCOM","PE","MCX_FO"
"MCX_FO|436004","436004","CRUDEOILM24SEP5850PE","CRUDE OIL","10.0","2024-09-17","5850","5.0","10","FUTCOM","PE","MCX_FO"
"MCX_FO|437548","437548","CRUDEOILM24OCT5150PE","CRUDE OIL","3.1","2024-10-17","5150","5.0","10","FUTCOM","PE","MCX_FO"
"MCX_FO|436740","436740","SILVERM25JUN103500CE","SILVER","5889.5","2025-06-19","103500","50.0","5","FUTCOM","CE","MCX_FO"
"MCX_FO|426820","426820","SILVERM24AUG79750CE","SILVER","3783.5","2024-08-21","79750","50.0","5","FUTCOM","CE","MCX_FO"
"MCX_FO|435226","435226","NATGASMINI24AUG265CE","NATURALGAS","0.05","2024-08-23","265","5.0","250","FUTCOM","CE","MCX_FO"
"MCX_FO|437085","437085","SILVERM25JUN93500CE","SILVER","8851.5","2025-06-19","93500","50.0","5","FUTCOM","CE","MCX_FO"
"MCX_FO|435963","435963","CRUDEOILM24SEP6900CE","CRUDE OIL","43.0","2024-09-17","6900","5.0","10","FUTCOM","CE","MCX_FO"
"MCX_FO|436354","436354","NATURALGAS24SEP140PE","NATURALGAS","1.45","2024-09-23","140","5.0","1250","FUTCOM","PE","MCX_FO"
"MCX_FO|433300","433300","COPPER24AUG925PE","COPPER","128.33","2024-08-21","925","1.0","2500","FUTCOM","PE","MCX_FO"
"MCX_FO|437366","437366","GOLDM24SEP67800CE","GOLD","2873.0","2024-09-24","67800","50.0","100","FUTCOM","CE","MCX_FO"
"MCX_FO|437640","437640","GOLDM24SEP66400CE","GOLD","3610.5","2024-09-24","66400","50.0","100","FUTCOM","CE","MCX_FO"
"MCX_FO|430992","430992","SILVER24AUG88250PE","SILVER","7861.0","2024-08-27","88250","50.0","30","FUTCOM","PE","MCX_FO"
"MCX_FO|431689","431689","SILVERM25FEB95500PE","SILVER","13379.0","2025-02-19","95500","50.0","5","FUTCOM","PE","MCX_FO"
"MCX_FO|436839","436839","GOLDM24AUG76400PE","GOLD","8724.5","2024-08-27","76400","50.0","100","FUTCOM","PE","MCX_FO"
"MCX_FO|434316","434316","CRUDEOIL24AUG6000CE","CRUDE OIL","535.7","2024-08-14","6000","10.0","100","FUTCOM","CE","MCX_FO"
"MCX_FO|437265","437265","COPPER24AUG775CE","COPPER","27.01","2024-08-21","775","1.0","2500","FUTCOM","CE","MCX_FO"
"MCX_FO|435327","435327","SILVERM25FEB108000PE","SILVER","22891.0","2025-02-19","108000","50.0","5","FUTCOM","PE","MCX_FO"
"MCX_FO|437207","437207","COPPER24OCT790CE","COPPER","52.07","2024-10-22","790","1.0","2500","FUTCOM","CE","MCX_FO"
"MCX_FO|437108","437108","CRUDEOILM24OCT6150CE","CRUDE OIL","389.2","2024-10-17","6150","5.0","10","FUTCOM","CE","MCX_FO"
"MCX_FO|432191","432191","GOLD24NOV76100PE","GOLD","8866.5","2024-11-26","76100","50.0","1","FUTCOM","PE","MCX_FO"
"MCX_FO|426877","426877","SILVERM24NOV83000CE","SILVER","6157.0","2024-11-20","83000","50.0","5","FUTCOM","CE","MCX_FO"
"MCX_FO|426876","426876","SILVERM24NOV82750CE","SILVER","6275.5","2024-11-20","82750","50.0","5","FUTCOM","CE","MCX_FO"
"MCX_FO|426831","426831","SILVERM24AUG82500CE","SILVER","1758.0","2024-08-21","82500","50.0","5","FUTCOM","CE","MCX_FO"
"MCX_FO|434765","434765","SILVERM25APR105000CE","SILVER","3559.5","2025-04-21","105000","50.0","5","FUTCOM","CE","MCX_FO"
"MCX_FO|427697","427697","SILVER24AUG70750CE","SILVER","10795.5","2024-08-27","70750","50.0","30","FUTCOM","CE","MCX_FO"
"MCX_FO|433532","433532","SILVER25APR91000PE","SILVER","11229.5","2025-04-24","91000","50.0","30","FUTCOM","PE","MCX_FO"
"MCX_FO|435172","435172","SILVER24AUG103250PE","SILVER","21805.0","2024-08-27","103250","50.0","30","FUTCOM","PE","MCX_FO"
"MCX_FO|436012","436012","CRUDEOILM24SEP6800PE","CRUDE OIL","365.75","2024-09-17","6800","5.0","10","FUTCOM","PE","MCX_FO"
"MCX_FO|433845","433845","COPPER24AUG975CE","COPPER","0.01","2024-08-21","975","1.0","2500","FUTCOM","CE","MCX_FO"
"MCX_FO|431807","431807","GOLD24SEP76000CE","GOLD","591.5","2024-09-24","76000","50.0","1","FUTCOM","CE","MCX_FO"
"MCX_FO|430985","430985","SILVER24NOV90250CE","SILVER","3637.5","2024-11-26","90250","50.0","30","FUTCOM","CE","MCX_FO"
"MCX_FO|431668","431668","SILVER25FEB95500PE","SILVER","13895.5","2025-02-24","95500","50.0","30","FUTCOM","PE","MCX_FO"
"MCX_FO|435911","435911","CRUDEOIL24SEP6850PE","CRUDE OIL","411.3","2024-09-17","6850","10.0","100","FUTCOM","PE","MCX_FO"
"MCX_FO|436118","436118","NATURALGAS24SEP295CE","NATURALGAS","0.25","2024-09-23","295","5.0","1250","FUTCOM","CE","MCX_FO"
"MCX_FO|437686","437686","SILVER25APR81250CE","SILVER","11805.0","2025-04-24","81250","50.0","30","FUTCOM","CE","MCX_FO"
"MCX_FO|434202","434202","SILVERM24AUG96750PE","SILVER","15306.0","2024-08-21","96750","50.0","5","FUTCOM","PE","MCX_FO"
"MCX_FO|434354","434354","CRUDEOIL24AUG7850CE","CRUDE OIL","0.1","2024-08-14","7850","10.0","100","FUTCOM","CE","MCX_FO"
"MCX_FO|433031","433031","ZINC24AUG250CE","ZINC","8.46","2024-08-21","250","1.0","5","FUTCOM","CE","MCX_FO"
"MCX_FO|430755","430755","GOLD25JAN71900CE","GOLD","3792.0","2025-01-27","71900","50.0","1","FUTCOM","CE","MCX_FO"
"MCX_FO|427535","427535","GOLD24SEP67000CE","GOLD","2174.5","2024-09-24","67000","50.0","1","FUTCOM","CE","MCX_FO"
"MCX_FO|435546","435546","GOLDM24AUG71800PE","GOLD","4706.0","2024-08-27","71800","50.0","100","FUTCOM","PE","MCX_FO"
"MCX_FO|430936","430936","SILVERM24NOV89000PE","SILVER","9012.0","2024-11-20","89000","50.0","5","FUTCOM","PE","MCX_FO"
"MCX_FO|435948","435948","CRUDEOILM24SEP6100CE","CRUDE OIL","428.15","2024-09-17","6100","5.0","10","FUTCOM","CE","MCX_FO"
"MCX_FO|434225","434225","SILVERM25FEB98750PE","SILVER","15672.5","2025-02-19","98750","50.0","5","FUTCOM","PE","MCX_FO"
"MCX_FO|428832","428832","GOLD25JAN60900PE","GOLD","1919.5","2025-01-27","60900","50.0","1","FUTCOM","PE","MCX_FO"
"MCX_FO|436293","436293","ZINC24OCT267.5CE","ZINC","10.86","2024-10-22","267.5","1.0","5","FUTCOM","CE","MCX_FO"
"MCX_FO|435763","435763","GOLD25MAY71000PE","GOLD","7094.5","2025-05-27","71000","50.0","1","FUTCOM","PE","MCX_FO"
"MCX_FO|437890","437890","NATGASMINI24OCT260CE","NATURALGAS","0.0","2024-10-24","260","5.0","250","FUTCOM","CE","MCX_FO"
"MCX_FO|435190","435190","SILVERM25FEB107250CE","SILVER","2026.0","2025-02-19","107250","50.0","5","FUTCOM","CE","MCX_FO"
"MCX_FO|436704","436704","SILVERM25JUN99250CE","SILVER","7020.5","2025-06-19","99250","50.0","5","FUTCOM","CE","MCX_FO"
"MCX_FO|430758","430758","GOLD25JAN72200CE","GOLD","3686.0","2025-01-27","72200","50.0","1","FUTCOM","CE","MCX_FO"
"MCX_FO|429193","429193","GOLD25JAN67600CE","GOLD","5582.5","2025-01-27","67600","50.0","1","FUTCOM","CE","MCX_FO"
"MCX_FO|435107","435107","NATURALGAS24AUG190CE","NATURALGAS","6.3","2024-08-23","190","5.0","1250","FUTCOM","CE","MCX_FO"
"MCX_FO|435570","435570","GOLDM24AUG73100PE","GOLD","5763.0","2024-08-27","73100","50.0","100","FUTCOM","PE","MCX_FO"
"MCX_FO|437555","437555","COPPER24SEP770PE","COPPER","12.55","2024-09-19","770","1.0","2500","FUTCOM","PE","MCX_FO"
"MCX_FO|433055","433055","ZINC24AUG277.5PE","ZINC","25.12","2024-08-21","277.5","1.0","5","FUTCOM","PE","MCX_FO"
"MCX_FO|428144","428144","SILVERM24AUG68500PE","SILVER","67.0","2024-08-21","68500","50.0","5","FUTCOM","PE","MCX_FO"
"MCX_FO|430019","430019","SILVERM25FEB77750PE","SILVER","3986.0","2025-02-19","77750","50.0","5","FUTCOM","PE","MCX_FO"
"MCX_FO|434399","434399","CRUDEOIL24AUG7600PE","CRUDE OIL","1024.2","2024-08-14","7600","10.0","100","FUTCOM","PE","MCX_FO"
"MCX_FO|434992","434992","CRUDEOILM24AUG7850PE","CRUDE OIL","1276.05","2024-08-14","7850","5.0","10","FUTCOM","PE","MCX_FO"
"MCX_FO|437710","437710","SILVER25APR83250PE","SILVER","7154.0","2025-04-24","83250","50.0","30","FUTCOM","PE","MCX_FO"
"MCX_FO|433688","433688","SILVERM25APR86500PE","SILVER","7601.0","2025-04-21","86500","50.0","5","FUTCOM","PE","MCX_FO"
"MCX_FO|427938","427938","SILVERM24AUG68750CE","SILVER","12704.5","2024-08-21","68750","50.0","5","FUTCOM","CE","MCX_FO"
"MCX_FO|437662","437662","GOLDM24SEP66500PE","GOLD","2040.0","2024-09-24","66500","50.0","100","FUTCOM","PE","MCX_FO"
"MCX_FO|435381","435381","COPPER24SEP905PE","COPPER","105.31","2024-09-19","905","1.0","2500","FUTCOM","PE","MCX_FO"
"MCX_FO|436887","436887","SILVERM25JUN107000PE","SILVER","22144.0","2025-06-19","107000","50.0","5","FUTCOM","PE","MCX_FO"
"MCX_FO|434222","434222","SILVERM24NOV99750PE","SILVER","17122.0","2024-11-20","99750","50.0","5","FUTCOM","PE","MCX_FO"
"MCX_FO|437292","437292","GOLD25MAY68700CE","GOLD","6681.5","2025-05-27","68700","50.0","1","FUTCOM","CE","MCX_FO"
"MCX_FO|435337","435337","NATGASMINI24AUG150CE","NATURALGAS","27.6","2024-08-23","150","5.0","250","FUTCOM","CE","MCX_FO"
"MCX_FO|426902","426902","SILVERM24AUG74500PE","SILVER","581.5","2024-08-21","74500","50.0","5","FUTCOM","PE","MCX_FO"
"MCX_FO|436525","436525","ZINC24OCT285PE","ZINC","49.52","2024-10-22","285","1.0","5","FUTCOM","PE","MCX_FO"
"MCX_FO|435374","435374","COPPER24SEP875PE","COPPER","78.22","2024-09-19","875","1.0","2500","FUTCOM","PE","MCX_FO"
"MCX_FO|437537","437537","SILVERM25JUN87500PE","SILVER","9948.5","2025-06-19","87500","50.0","5","FUTCOM","PE","MCX_FO"
"MCX_FO|427933","427933","SILVER24AUG69000PE","SILVER","157.0","2024-08-27","69000","50.0","30","FUTCOM","PE","MCX_FO"
"MCX_FO|435388","435388","ZINC24SEP260CE","ZINC","9.04","2024-09-19","260","1.0","5","FUTCOM","CE","MCX_FO"
"MCX_FO|437013","437013","CRUDEOIL24OCT7700CE","CRUDE OIL","0.4","2024-10-17","7700","10.0","100","FUTCOM","CE","MCX_FO"
"MCX_FO|435595","435595","GOLDM24AUG75400CE","GOLD","202.0","2024-08-27","75400","50.0","100","FUTCOM","CE","MCX_FO"
"MCX_FO|429581","429581","GOLD24SEP68600PE","GOLD","3292.5","2024-09-24","68600","50.0","1","FUTCOM","PE","MCX_FO"
"MCX_FO|436457","436457","GOLDM24SEP74500CE","GOLD","752.0","2024-09-24","74500","50.0","100","FUTCOM","CE","MCX_FO"
"MCX_FO|434661","434661","SILVER25FEB104000PE","SILVER","20125.0","2025-02-24","104000","50.0","30","FUTCOM","PE","MCX_FO"
"MCX_FO|433613","433613","SILVERM25APR88250CE","SILVER","8706.5","2025-04-21","88250","50.0","5","FUTCOM","CE","MCX_FO"
"MCX_FO|435862","435862","CRUDEOIL24SEP6950CE","CRUDE OIL","39.2","2024-09-17","6950","10.0","100","FUTCOM","CE","MCX_FO"
"MCX_FO|436198","436198","NATGASMINI24SEP165PE","NATURALGAS","7.05","2024-09-23","165","5.0","250","FUTCOM","PE","MCX_FO"
"MCX_FO|433326","433326","COPPER24AUG940CE","COPPER","0.01","2024-08-21","940","1.0","2500","FUTCOM","CE","MCX_FO"
"MCX_FO|434856","434856","SILVERM25APR106250PE","SILVER","20170.5","2025-04-21","106250","50.0","5","FUTCOM","PE","MCX_FO"
"MCX_FO|434334","434334","CRUDEOIL24AUG6850CE","CRUDE OIL","41.5","2024-08-14","6850","10.0","100","FUTCOM","CE","MCX_FO"
"MCX_FO|427399","427399","SILVER24AUG84750PE","SILVER","5269.0","2024-08-27","84750","50.0","30","FUTCOM","PE","MCX_FO"
"MCX_FO|426655","426655","GOLD24SEP61200PE","GOLD","628.5","2024-09-24","61200","50.0","1","FUTCOM","PE","MCX_FO"
"MCX_FO|436795","436795","SILVERM25JUN104750PE","SILVER","20539.5","2025-06-19","104750","50.0","5","FUTCOM","PE","MCX_FO"
"MCX_FO|431988","431988","GOLD25MAR71200PE","GOLD","6790.5","2025-03-26","71200","50.0","1","FUTCOM","PE","MCX_FO"
"MCX_FO|427333","427333","SILVER24NOV82500PE","SILVER","5641.5","2024-11-26","82500","50.0","30","FUTCOM","PE","MCX_FO"
"MCX_FO|427943","427943","SILVERM24NOV70750PE","SILVER","1277.5","2024-11-20","70750","50.0","5","FUTCOM","PE","MCX_FO"
"MCX_FO|430367","430367","GOLD25JAN71800PE","GOLD","6799.5","2025-01-27","71800","50.0","1","FUTCOM","PE","MCX_FO"
"MCX_FO|435518","435518","GOLDM24AUG72900CE","GOLD","486.0","2024-08-27","72900","50.0","100","FUTCOM","CE","MCX_FO"
"MCX_FO|428297","428297","GOLD24NOV59200PE","GOLD","736.0","2024-11-26","59200","50.0","1","FUTCOM","PE","MCX_FO"
"MCX_FO|430002","430002","SILVERM25FEB83500CE","SILVER","8937.0","2025-02-19","83500","50.0","5","FUTCOM","CE","MCX_FO"
"MCX_FO|434551","434551","SILVER24AUG102250CE","SILVER","34.5","2024-08-27","102250","50.0","30","FUTCOM","CE","MCX_FO"
"MCX_FO|435556","435556","GOLDM24AUG70800PE","GOLD","3952.0","2024-08-27","70800","50.0","100","FUTCOM","PE","MCX_FO"
"MCX_FO|436629","436629","SILVER25JUN101000CE","SILVER","6072.5","2025-06-25","101000","50.0","30","FUTCOM","CE","MCX_FO"
"MCX_FO|431690","431690","SILVERM25FEB95750PE","SILVER","13550.0","2025-02-19","95750","50.0","5","FUTCOM","PE","MCX_FO"
"MCX_FO|435261","435261","NATGASMINI24AUG290PE","NATURALGAS","113.25","2024-08-23","290","5.0","250","FUTCOM","PE","MCX_FO"
"MCX_FO|437508","437508","SILVERM25JUN90500CE","SILVER","9958.5","2025-06-19","90500","50.0","5","FUTCOM","CE","MCX_FO"
"MCX_FO|431972","431972","GOLD25JAN75500PE","GOLD","9210.0","2025-01-27","75500","50.0","1","FUTCOM","PE","MCX_FO"
"MCX_FO|436768","436768","SILVERM25JUN95750PE","SILVER","14599.0","2025-06-19","95750","50.0","5","FUTCOM","PE","MCX_FO"
"MCX_FO|430013","430013","SILVERM25FEB79500PE","SILVER","4645.0","2025-02-19","79500","50.0","5","FUTCOM","PE","MCX_FO"
"MCX_FO|433747","433747","SILVER24AUG95000CE","SILVER","234.0","2024-08-27","95000","50.0","30","FUTCOM","CE","MCX_FO"
"MCX_FO|429279","429279","GOLD24NOV68100CE","GOLD","3957.5","2024-11-26","68100","50.0","1","FUTCOM","CE","MCX_FO"
"MCX_FO|437820","437820","NATURALGAS24OCT250CE","NATURALGAS","0.0","2024-10-24","250","5.0","1250","FUTCOM","CE","MCX_FO"
"MCX_FO|437308","437308","GOLD25MAY68600PE","GOLD","5841.5","2025-05-27","68600","50.0","1","FUTCOM","PE","MCX_FO"
"MCX_FO|433545","433545","SILVER25APR87750PE","SILVER","9407.0","2025-04-24","87750","50.0","30","FUTCOM","PE","MCX_FO"
"MCX_FO|435989","435989","CRUDEOILM24SEP6600PE","CRUDE OIL","228.95","2024-09-17","6600","5.0","10","FUTCOM","PE","MCX_FO"
"MCX_FO|431104","431104","GOLD24NOV73300CE","GOLD","2014.5","2024-11-26","73300","50.0","1","FUTCOM","CE","MCX_FO"
"MCX_FO|434210","434210","SILVERM24NOV96750PE","SILVER","14667.5","2024-11-20","96750","50.0","5","FUTCOM","PE","MCX_FO"
"MCX_FO|433731","433731","GOLD24SEP76400CE","GOLD","539.5","2024-09-24","76400","50.0","1","FUTCOM","CE","MCX_FO"
"MCX_FO|436593","436593","GOLDM24SEP76300CE","GOLD","489.5","2024-09-24","76300","50.0","100","FUTCOM","CE","MCX_FO"
"MCX_FO|430791","430791","GOLD24SEP72300PE","GOLD","5679.0","2024-09-24","72300","50.0","1","FUTCOM","PE","MCX_FO"
"MCX_FO|435639","435639","ZINC24SEP232.5CE","ZINC","23.58","2024-09-19","232.5","1.0","5","FUTCOM","CE","MCX_FO"
"MCX_FO|433616","433616","SILVERM25APR87500CE","SILVER","9033.0","2025-04-21","87500","50.0","5","FUTCOM","CE","MCX_FO"
"MCX_FO|436398","436398","NATGASMINI24SEP135CE","NATURALGAS","52.75","2024-09-23","135","5.0","250","FUTCOM","CE","MCX_FO"
"MCX_FO|437137","437137","CRUDEOILM24OCT7150CE","CRUDE OIL","45.65","2024-10-17","7150","5.0","10","FUTCOM","CE","MCX_FO"
"MCX_FO|427720","427720","SILVER24NOV71750PE","SILVER","1716.5","2024-11-26","71750","50.0","30","FUTCOM","PE","MCX_FO"
"MCX_FO|433536","433536","SILVER25APR90000PE","SILVER","10652.0","2025-04-24","90000","50.0","30","FUTCOM","PE","MCX_FO"
"MCX_FO|434419","434419","GOLD24SEP77000CE","GOLD","134.5","2024-09-24","77000","50.0","1","FUTCOM","CE","MCX_FO"
"MCX_FO|433809","433809","SILVERM24NOV96500PE","SILVER","14468.5","2024-11-20","96500","50.0","5","FUTCOM","PE","MCX_FO"
"MCX_FO|430806","430806","GOLD25JAN72100PE","GOLD","6982.0","2025-01-27","72100","50.0","1","FUTCOM","PE","MCX_FO"
"MCX_FO|427537","427537","GOLD24SEP67200CE","GOLD","3233.0","2024-09-24","67200","50.0","1","FUTCOM","CE","MCX_FO"
"MCX_FO|436325","436325","COPPER24OCT890CE","COPPER","13.5","2024-10-22","890","1.0","2500","FUTCOM","CE","MCX_FO"
"MCX_FO|436800","436800","SILVERM25JUN106000PE","SILVER","21425.5","2025-06-19","106000","50.0","5","FUTCOM","PE","MCX_FO"
"MCX_FO|436058","436058","GOLD25MAY75900PE","GOLD","10026.5","2025-05-27","75900","50.0","1","FUTCOM","PE","MCX_FO"
"MCX_FO|430756","430756","GOLD25JAN72000CE","GOLD","3756.5","2025-01-27","72000","50.0","1","FUTCOM","CE","MCX_FO"
"MCX_FO|435828","435828","CRUDEOILM24SEP6750PE","CRUDE OIL","328.7","2024-09-17","6750","5.0","10","FUTCOM","PE","MCX_FO"
"MCX_FO|431177","431177","GOLD24NOV74000PE","GOLD","7301.5","2024-11-26","74000","50.0","1","FUTCOM","PE","MCX_FO"
"MCX_FO|437909","437909","NATGASMINI24OCT170PE","NATURALGAS","0.0","2024-10-24","170","5.0","250","FUTCOM","PE","MCX_FO"
"MCX_FO|436788","436788","SILVERM25JUN103000PE","SILVER","19322.0","2025-06-19","103000","50.0","5","FUTCOM","PE","MCX_FO"
"MCX_FO|435954","435954","CRUDEOILM24SEP5800CE","CRUDE OIL","694.05","2024-09-17","5800","5.0","10","FUTCOM","CE","MCX_FO"
"MCX_FO|437192","437192","CRUDEOILM24OCT7300PE","CRUDE OIL","916.6","2024-10-17","7300","5.0","10","FUTCOM","PE","MCX_FO"
"MCX_FO|434918","434918","CRUDEOILM24AUG6650CE","CRUDE OIL","91.7","2024-08-14","6650","5.0","10","FUTCOM","CE","MCX_FO"
"MCX_FO|434060","434060","SILVER24AUG98250PE","SILVER","16912.5","2024-08-27","98250","50.0","30","FUTCOM","PE","MCX_FO"
"MCX_FO|429195","429195","GOLD25JAN67800CE","GOLD","5487.5","2025-01-27","67800","50.0","1","FUTCOM","CE","MCX_FO"
"MCX_FO|436410","436410","GOLD25MAY77300CE","GOLD","3635.5","2025-05-27","77300","50.0","1","FUTCOM","CE","MCX_FO"
"MCX_FO|433054","433054","ZINC24AUG275PE","ZINC","22.69","2024-08-21","275","1.0","5","FUTCOM","PE","MCX_FO"
"MCX_FO|437837","437837","NATURALGAS24OCT190PE","NATURALGAS","0.0","2024-10-24","190","5.0","1250","FUTCOM","PE","MCX_FO"
"MCX_FO|437824","437824","NATURALGAS24OCT270CE","NATURALGAS","0.0","2024-10-24","270","5.0","1250","FUTCOM","CE","MCX_FO"
"MCX_FO|437916","437916","NATGASMINI24OCT240PE","NATURALGAS","0.0","2024-10-24","240","5.0","250","FUTCOM","PE","MCX_FO"
"MCX_FO|426731","426731","SILVER24AUG82500CE","SILVER","1804.5","2024-08-27","82500","50.0","30","FUTCOM","CE","MCX_FO"
"MCX_FO|436625","436625","SILVER25JUN94000CE","SILVER","8179.0","2025-06-25","94000","50.0","30","FUTCOM","CE","MCX_FO"
"MCX_FO|428792","428792","GOLD25JAN63400CE","GOLD","7856.0","2025-01-27","63400","50.0","1","FUTCOM","CE","MCX_FO"
"MCX_FO|426662","426662","GOLD24SEP64000PE","GOLD","283.5","2024-09-24","64000","50.0","1","FUTCOM","PE","MCX_FO"
"MCX_FO|435728","435728","GOLD25MAY72600CE","GOLD","5115.0","2025-05-27","72600","50.0","1","FUTCOM","CE","MCX_FO"
"MCX_FO|429203","429203","GOLD25JAN67400PE","GOLD","4406.5","2025-01-27","67400","50.0","1","FUTCOM","PE","MCX_FO"
"MCX_FO|437595","437595","GOLD25MAY67000CE","GOLD","7470.0","2025-05-27","67000","50.0","1","FUTCOM","CE","MCX_FO"
"MCX_FO|435829","435829","COPPER24SEP825CE","COPPER","15.22","2024-09-19","825","1.0","2500","FUTCOM","CE","MCX_FO"
"MCX_FO|429960","429960","SILVER25FEB88000PE","SILVER","9224.5","2025-02-24","88000","50.0","30","FUTCOM","PE","MCX_FO"
"MCX_FO|428574","428574","SILVER24AUG68000PE","SILVER","109.0","2024-08-27","68000","50.0","30","FUTCOM","PE","MCX_FO"
"MCX_FO|428157","428157","GOLD24NOV60700CE","GOLD","8533.5","2024-11-26","60700","50.0","1","FUTCOM","CE","MCX_FO"
"MCX_FO|436050","436050","GOLD25MAY75800CE","GOLD","4062.5","2025-05-27","75800","50.0","1","FUTCOM","CE","MCX_FO"
"MCX_FO|437336","437336","GOLDM24AUG68200CE","GOLD","1853.0","2024-08-27","68200","50.0","100","FUTCOM","CE","MCX_FO"
"MCX_FO|428143","428143","SILVERM24NOV70000CE","SILVER","14478.5","2024-11-20","70000","50.0","5","FUTCOM","CE","MCX_FO"
"MCX_FO|437549","437549","COPPER24AUG770CE","COPPER","39.91","2024-08-21","770","1.0","2500","FUTCOM","CE","MCX_FO"
"MCX_FO|426848","426848","SILVERM24NOV77000CE","SILVER","9458.0","2024-11-20","77000","50.0","5","FUTCOM","CE","MCX_FO"
"MCX_FO|435142","435142","NATURALGAS24AUG165PE","NATURALGAS","8.1","2024-08-23","165","5.0","1250","FUTCOM","PE","MCX_FO"
"MCX_FO|436382","436382","COPPER24OCT905PE","COPPER","96.54","2024-10-22","905","1.0","2500","FUTCOM","PE","MCX_FO"
"MCX_FO|436504","436504","GOLDM24SEP74200PE","GOLD","6901.0","2024-09-24","74200","50.0","100","FUTCOM","PE","MCX_FO"
"MCX_FO|433902","433902","GOLD24SEP76500PE","GOLD","9053.5","2024-09-24","76500","50.0","1","FUTCOM","PE","MCX_FO"
"MCX_FO|431800","431800","GOLD24SEP75300CE","GOLD","692.5","2024-09-24","75300","50.0","1","FUTCOM","CE","MCX_FO"
"MCX_FO|426663","426663","GOLD24SEP64100PE","GOLD","1341.0","2024-09-24","64100","50.0","1","FUTCOM","PE","MCX_FO"
"MCX_FO|434642","434642","SILVER24NOV100500PE","SILVER","18064.0","2024-11-26","100500","50.0","30","FUTCOM","PE","MCX_FO"
"MCX_FO|432449","432449","GOLD25MAR69500PE","GOLD","5858.0","2025-03-26","69500","50.0","1","FUTCOM","PE","MCX_FO"
"MCX_FO|434823","434823","SILVERM24NOV102250PE","SILVER","19253.0","2024-11-20","102250","50.0","5","FUTCOM","PE","MCX_FO"
"MCX_FO|434847","434847","SILVERM25FEB105750PE","SILVER","21054.5","2025-02-19","105750","50.0","5","FUTCOM","PE","MCX_FO"
"MCX_FO|426700","426700","SILVER24AUG75000CE","SILVER","7209.5","2024-08-27","75000","50.0","30","FUTCOM","CE","MCX_FO"
"MCX_FO|434436","434436","GOLD25MAR78500CE","GOLD","2584.5","2025-03-26","78500","50.0","1","FUTCOM","CE","MCX_FO"
"MCX_FO|436059","436059","GOLD25MAY76000PE","GOLD","10091.0","2025-05-27","76000","50.0","1","FUTCOM","PE","MCX_FO"
"MCX_FO|437501","437501","SILVER25JUN87500PE","SILVER","9697.0","2025-06-25","87500","50.0","30","FUTCOM","PE","MCX_FO"
"MCX_FO|436971","436971","CRUDEOIL24OCT6150CE","CRUDE OIL","322.8","2024-10-17","6150","10.0","100","FUTCOM","CE","MCX_FO"
"MCX_FO|427339","427339","SILVER24NOV84000PE","SILVER","6420.0","2024-11-26","84000","50.0","30","FUTCOM","PE","MCX_FO"
"MCX_FO|427362","427362","GOLD24SEP66600CE","GOLD","3548.0","2024-09-24","66600","50.0","1","FUTCOM","CE","MCX_FO"
"MCX_FO|437519","437519","SILVERM25JUN87750CE","SILVER","11073.0","2025-06-19","87750","50.0","5","FUTCOM","CE","MCX_FO"
"MCX_FO|437011","437011","CRUDEOIL24OCT7600CE","CRUDE OIL","0.8","2024-10-17","7600","10.0","100","FUTCOM","CE","MCX_FO"
"MCX_FO|436610","436610","SILVER25JUN97750CE","SILVER","6983.0","2025-06-25","97750","50.0","30","FUTCOM","CE","MCX_FO"
"MCX_FO|428269","428269","GOLD24NOV60100CE","GOLD","8994.0","2024-11-26","60100","50.0","1","FUTCOM","CE","MCX_FO"
"MCX_FO|426861","426861","SILVERM24NOV73750CE","SILVER","11642.0","2024-11-20","73750","50.0","5","FUTCOM","CE","MCX_FO"
"MCX_FO|430783","430783","GOLD24SEP71500PE","GOLD","5109.5","2024-09-24","71500","50.0","1","FUTCOM","PE","MCX_FO"
"MCX_FO|427229","427229","GOLD24NOV64800PE","GOLD","2229.0","2024-11-26","64800","50.0","1","FUTCOM","PE","MCX_FO"
"MCX_FO|437831","437831","NATURALGAS24OCT220PE","NATURALGAS","0.0","2024-10-24","220","5.0","1250","FUTCOM","PE","MCX_FO"
"MCX_FO|426815","426815","SILVERM24AUG78500CE","SILVER","3891.0","2024-08-21","78500","50.0","5","FUTCOM","CE","MCX_FO"
"MCX_FO|434955","434955","CRUDEOILM24AUG5950PE","CRUDE OIL","1.3","2024-08-14","5950","5.0","10","FUTCOM","PE","MCX_FO"
"MCX_FO|434031","434031","SILVER25APR104500CE","SILVER","3792.0","2025-04-24","104500","50.0","30","FUTCOM","CE","MCX_FO"
"MCX_FO|436758","436758","SILVERM25JUN98250PE","SILVER","16166.0","2025-06-19","98250","50.0","5","FUTCOM","PE","MCX_FO"
"MCX_FO|430278","430278","GOLD25JAN71500CE","GOLD","3937.0","2025-01-27","71500","50.0","1","FUTCOM","CE","MCX_FO"
"MCX_FO|437723","437723","SILVER25JUN85500PE","SILVER","8700.0","2025-06-25","85500","50.0","30","FUTCOM","PE","MCX_FO"
"MCX_FO|434958","434958","CRUDEOILM24AUG5800PE","CRUDE OIL","0.2","2024-08-14","5800","5.0","10","FUTCOM","PE","MCX_FO"
"MCX_FO|436259","436259","COPPER24OCT865CE","COPPER","19.76","2024-10-22","865","1.0","2500","FUTCOM","CE","MCX_FO"
"MCX_FO|430800","430800","GOLD24NOV72100PE","GOLD","6000.0","2024-11-26","72100","50.0","1","FUTCOM","PE","MCX_FO"
"MCX_FO|434670","434670","SILVER25FEB106250PE","SILVER","21906.0","2025-02-24","106250","50.0","30","FUTCOM","PE","MCX_FO"
"MCX_FO|427724","427724","SILVERM24NOV72750CE","SILVER","12366.5","2024-11-20","72750","50.0","5","FUTCOM","CE","MCX_FO"
"MCX_FO|435807","435807","COPPER24AUG820PE","COPPER","29.9","2024-08-21","820","1.0","2500","FUTCOM","PE","MCX_FO"
"MCX_FO|437455","437455","GOLDM24SEP67000PE","GOLD","2261.0","2024-09-24","67000","50.0","100","FUTCOM","PE","MCX_FO"
"MCX_FO|436855","436855","NATURALGAS24SEP120PE","NATURALGAS","0.25","2024-09-23","120","5.0","1250","FUTCOM","PE","MCX_FO"
"MCX_FO|435523","435523","GOLDM24AUG73400CE","GOLD","411.5","2024-08-27","73400","50.0","100","FUTCOM","CE","MCX_FO"
"MCX_FO|431936","431936","GOLD25MAR73100CE","GOLD","4114.5","2025-03-26","73100","50.0","1","FUTCOM","CE","MCX_FO"
"MCX_FO|437359","437359","GOLDM24SEP68500CE","GOLD","2546.0","2024-09-24","68500","50.0","100","FUTCOM","CE","MCX_FO"
"MCX_FO|427263","427263","SILVER24NOV75750CE","SILVER","10406.5","2024-11-26","75750","50.0","30","FUTCOM","CE","MCX_FO"
"MCX_FO|436434","436434","GOLDM24SEP71700CE","GOLD","1384.0","2024-09-24","71700","50.0","100","FUTCOM","CE","MCX_FO"
"MCX_FO|436555","436555","GOLDM24SEP76100CE","GOLD","514.5","2024-09-24","76100","50.0","100","FUTCOM","CE","MCX_FO"
"MCX_FO|436053","436053","GOLD25MAY76100CE","GOLD","3974.0","2025-05-27","76100","50.0","1","FUTCOM","CE","MCX_FO"
"MCX_FO|437698","437698","SILVER25JUN83750CE","SILVER","12351.0","2025-06-25","83750","50.0","30","FUTCOM","CE","MCX_FO"
"MCX_FO|430853","430853","SILVER24NOV89000CE","SILVER","4028.0","2024-11-26","89000","50.0","30","FUTCOM","CE","MCX_FO"
"MCX_FO|429344","429344","GOLD25JAN68700PE","GOLD","5056.0","2025-01-27","68700","50.0","1","FUTCOM","PE","MCX_FO"
"MCX_FO|431009","431009","SILVERM24NOV89750CE","SILVER","3547.0","2024-11-20","89750","50.0","5","FUTCOM","CE","MCX_FO"
"MCX_FO|428855","428855","GOLD25JAN64700PE","GOLD","3219.0","2025-01-27","64700","50.0","1","FUTCOM","PE","MCX_FO"
"MCX_FO|430733","430733","GOLD24SEP71400CE","GOLD","1553.5","2024-09-24","71400","50.0","1","FUTCOM","CE","MCX_FO"
"MCX_FO|426660","426660","GOLD24SEP63800PE","GOLD","1249.0","2024-09-24","63800","50.0","1","FUTCOM","PE","MCX_FO"
"MCX_FO|436086","436086","COPPER24SEP805CE","COPPER","23.03","2024-09-19","805","1.0","2500","FUTCOM","CE","MCX_FO"
"MCX_FO|429345","429345","GOLD25JAN68800PE","GOLD","5108.0","2025-01-27","68800","50.0","1","FUTCOM","PE","MCX_FO"
"MCX_FO|431005","431005","SILVERM24AUG88250CE","SILVER","762.0","2024-08-21","88250","50.0","5","FUTCOM","CE","MCX_FO"
"MCX_FO|436599","436599","NATURALGAS24AUG115CE","NATURALGAS","60.45","2024-08-23","115","5.0","1250","FUTCOM","CE","MCX_FO"
"MCX_FO|432095","432095","SILVERM24AUG92000CE","SILVER","368.5","2024-08-21","92000","50.0","5","FUTCOM","CE","MCX_FO"
"MCX_FO|431089","431089","GOLD24SEP73100CE","GOLD","1109.0","2024-09-24","73100","50.0","1","FUTCOM","CE","MCX_FO"
"MCX_FO|433301","433301","COPPER24AUG930PE","COPPER","133.3","2024-08-21","930","1.0","2500","FUTCOM","PE","MCX_FO"
"MCX_FO|433414","433414","GOLD25JAN76800PE","GOLD","10132.5","2025-01-27","76800","50.0","1","FUTCOM","PE","MCX_FO"
"MCX_FO|436501","436501","GOLDM24SEP73900PE","GOLD","6661.0","2024-09-24","73900","50.0","100","FUTCOM","PE","MCX_FO"
"MCX_FO|434174","434174","SILVERM25APR103000CE","SILVER","3986.0","2025-04-21","103000","50.0","5","FUTCOM","CE","MCX_FO"
"MCX_FO|426808","426808","SILVERM24AUG73000CE","SILVER","8768.5","2024-08-21","73000","50.0","5","FUTCOM","CE","MCX_FO"
"MCX_FO|434921","434921","CRUDEOILM24AUG6800CE","CRUDE OIL","54.55","2024-08-14","6800","5.0","10","FUTCOM","CE","MCX_FO"
"MCX_FO|435776","435776","GOLD25MAY72400PE","GOLD","7883.0","2025-05-27","72400","50.0","1","FUTCOM","PE","MCX_FO"
"MCX_FO|437045","437045","CRUDEOIL24OCT6700PE","CRUDE OIL","351.9","2024-10-17","6700","10.0","100","FUTCOM","PE","MCX_FO"
"MCX_FO|437004","437004","CRUDEOIL24OCT7250CE","CRUDE OIL","5.8","2024-10-17","7250","10.0","100","FUTCOM","CE","MCX_FO"
"MCX_FO|426645","426645","GOLD24SEP62200PE","GOLD","831.0","2024-09-24","62200","50.0","1","FUTCOM","PE","MCX_FO"
"MCX_FO|429702","429702","GOLD25JAN70200CE","GOLD","4437.5","2025-01-27","70200","50.0","1","FUTCOM","CE","MCX_FO"
"MCX_FO|433683","433683","SILVERM25APR87750PE","SILVER","8226.5","2025-04-21","87750","50.0","5","FUTCOM","PE","MCX_FO"
"MCX_FO|435208","435208","NATGASMINI24AUG230CE","NATURALGAS","0.4","2024-08-23","230","5.0","250","FUTCOM","CE","MCX_FO"
"MCX_FO|435122","435122","NATURALGAS24AUG280CE","NATURALGAS","0.05","2024-08-23","280","5.0","1250","FUTCOM","CE","MCX_FO"
"MCX_FO|436895","436895","SILVERM25JUN109000PE","SILVER","23605.5","2025-06-19","109000","50.0","5","FUTCOM","PE","MCX_FO"
"MCX_FO|434952","434952","CRUDEOILM24AUG6100PE","CRUDE OIL","56.2","2024-08-14","6100","5.0","10","FUTCOM","PE","MCX_FO"
"MCX_FO|435782","435782","GOLD25MAY73000PE","GOLD","8233.5","2025-05-27","73000","50.0","1","FUTCOM","PE","MCX_FO"
"MCX_FO|436302","436302","ZINC24OCT247.5PE","ZINC","23.41","2024-10-22","247.5","1.0","5","FUTCOM","PE","MCX_FO"
"MCX_FO|428804","428804","GOLD25JAN64600CE","GOLD","7152.0","2025-01-27","64600","50.0","1","FUTCOM","CE","MCX_FO"
"MCX_FO|436565","436565","NATURALGAS24AUG120CE","NATURALGAS","55.5","2024-08-23","120","5.0","1250","FUTCOM","CE","MCX_FO"
"MCX_FO|437623","437623","GOLD25MAY67300PE","GOLD","5216.5","2025-05-27","67300","50.0","1","FUTCOM","PE","MCX_FO"
"MCX_FO|428765","428765","GOLD25JAN62600CE","GOLD","8349.5","2025-01-27","62600","50.0","1","FUTCOM","CE","MCX_FO"
"MCX_FO|433035","433035","ZINC24AUG262.5CE","ZINC","3.91","2024-08-21","262.5","1.0","5","FUTCOM","CE","MCX_FO"
"MCX_FO|427211","427211","GOLD24NOV62700PE","GOLD","1535.5","2024-11-26","62700","50.0","1","FUTCOM","PE","MCX_FO"
"MCX_FO|436751","436751","SILVERM25JUN106250CE","SILVER","5247.5","2025-06-19","106250","50.0","5","FUTCOM","CE","MCX_FO"
"MCX_FO|434629","434629","SILVER24AUG100000PE","SILVER","18614.0","2024-08-27","100000","50.0","30","FUTCOM","PE","MCX_FO"
"MCX_FO|426970","426970","SILVERM24NOV81250PE","SILVER","4674.5","2024-11-20","81250","50.0","5","FUTCOM","PE","MCX_FO"
"MCX_FO|433384","433384","GOLD25JAN76900CE","GOLD","2315.0","2025-01-27","76900","50.0","1","FUTCOM","CE","MCX_FO"
"MCX_FO|437622","437622","GOLD25MAY67400PE","GOLD","5263.0","2025-05-27","67400","50.0","1","FUTCOM","PE","MCX_FO"
"MCX_FO|437828","437828","NATURALGAS24OCT290CE","NATURALGAS","0.0","2024-10-24","290","5.0","1250","FUTCOM","CE","MCX_FO"
"MCX_FO|436818","436818","GOLD25MAY78400PE","GOLD","11695.5","2025-05-27","78400","50.0","1","FUTCOM","PE","MCX_FO"
"MCX_FO|430907","430907","SILVERM24NOV88750CE","SILVER","3866.0","2024-11-20","88750","50.0","5","FUTCOM","CE","MCX_FO"
"MCX_FO|437774","437774","SILVERM25APR83250PE","SILVER","6100.0","2025-04-21","83250","50.0","5","FUTCOM","PE","MCX_FO"
"MCX_FO|430916","430916","SILVERM25FEB91000CE","SILVER","5818.0","2025-02-19","91000","50.0","5","FUTCOM","CE","MCX_FO"
"MCX_FO|436561","436561","GOLDM24SEP76000PE","GOLD","8401.0","2024-09-24","76000","50.0","100","FUTCOM","PE","MCX_FO"
"MCX_FO|436133","436133","NATURALGAS24SEP195PE","NATURALGAS","20.75","2024-09-23","195","5.0","1250","FUTCOM","PE","MCX_FO"
"MCX_FO|427383","427383","SILVERM24AUG84500CE","SILVER","1159.5","2024-08-21","84500","50.0","5","FUTCOM","CE","MCX_FO"
"MCX_FO|427167","427167","GOLD24NOV61700CE","GOLD","7793.5","2024-11-26","61700","50.0","1","FUTCOM","CE","MCX_FO"
"MCX_FO|434351","434351","CRUDEOIL24AUG7700CE","CRUDE OIL","0.1","2024-08-14","7700","10.0","100","FUTCOM","CE","MCX_FO"
"MCX_FO|431186","431186","GOLD25JAN73300PE","GOLD","7736.0","2025-01-27","73300","50.0","1","FUTCOM","PE","MCX_FO"
"MCX_FO|436654","436654","SILVER25JUN99250PE","SILVER","16593.5","2025-06-25","99250","50.0","30","FUTCOM","PE","MCX_FO"
"MCX_FO|437874","437874","NATGASMINI24OCT195CE","NATURALGAS","0.0","2024-10-24","195","5.0","250","FUTCOM","CE","MCX_FO"
"MCX_FO|431780","431780","SILVERM25FEB96250CE","SILVER","4209.0","2025-02-19","96250","50.0","5","FUTCOM","CE","MCX_FO"
"MCX_FO|427338","427338","SILVER24NOV83750PE","SILVER","6286.5","2024-11-26","83750","50.0","30","FUTCOM","PE","MCX_FO"
"MCX_FO|430672","430672","SILVERM24NOV87000CE","SILVER","4478.5","2024-11-20","87000","50.0","5","FUTCOM","CE","MCX_FO"
"MCX_FO|435314","435314","SILVERM25APR110500CE","SILVER","2587.0","2025-04-21","110500","50.0","5","FUTCOM","CE","MCX_FO"
"MCX_FO|437345","437345","GOLDM24AUG67300CE","GOLD","2287.0","2024-08-27","67300","50.0","100","FUTCOM","CE","MCX_FO"
"MCX_FO|436332","436332","CRUDEOIL24AUG8100PE","CRUDE OIL","1522.1","2024-08-14","8100","10.0","100","FUTCOM","PE","MCX_FO"
"MCX_FO|434575","434575","SILVER25FEB104250CE","SILVER","2793.5","2025-02-24","104250","50.0","30","FUTCOM","CE","MCX_FO"
"MCX_FO|436867","436867","SILVER25JUN107250PE","SILVER","22152.0","2025-06-25","107250","50.0","30","FUTCOM","PE","MCX_FO"
"MCX_FO|435400","435400","ZINC24SEP265PE","ZINC","21.15","2024-09-19","265","1.0","5","FUTCOM","PE","MCX_FO"
"MCX_FO|437574","437574","GOLD25MAR67100CE","GOLD","6587.0","2025-03-26","67100","50.0","1","FUTCOM","CE","MCX_FO"
"MCX_FO|429593","429593","GOLD24NOV69500PE","GOLD","4420.0","2024-11-26","69500","50.0","1","FUTCOM","PE","MCX_FO"
"MCX_FO|434760","434760","SILVERM25FEB105500CE","SILVER","2286.0","2025-02-19","105500","50.0","5","FUTCOM","CE","MCX_FO"
"MCX_FO|436271","436271","COPPER24OCT855PE","COPPER","59.63","2024-10-22","855","1.0","2500","FUTCOM","PE","MCX_FO"
"MCX_FO|435521","435521","GOLDM24AUG73200CE","GOLD","440.0","2024-08-27","73200","50.0","100","FUTCOM","CE","MCX_FO"
"MCX_FO|435593","435593","GOLDM24AUG75200CE","GOLD","218.0","2024-08-27","75200","50.0","100","FUTCOM","CE","MCX_FO"
"MCX_FO|437211","437211","CRUDEOIL24SEP5250CE","CRUDE OIL","1229.1","2024-09-17","5250","10.0","100","FUTCOM","CE","MCX_FO"
"MCX_FO|435390","435390","ZINC24SEP255CE","ZINC","11.0","2024-09-19","255","1.0","5","FUTCOM","CE","MCX_FO"
"MCX_FO|435204","435204","SILVERM25APR109750PE","SILVER","22881.5","2025-04-21","109750","50.0","5","FUTCOM","PE","MCX_FO"
"MCX_FO|437928","437928","NATGASMINI24OCT300PE","NATURALGAS","0.0","2024-10-24","300","5.0","250","FUTCOM","PE","MCX_FO"
"MCX_FO|436155","436155","NATGASMINI24SEP230CE","NATURALGAS","4.55","2024-09-23","230","5.0","250","FUTCOM","CE","MCX_FO"
"MCX_FO|429274","429274","GOLD24SEP68200CE","GOLD","2751.0","2024-09-24","68200","50.0","1","FUTCOM","CE","MCX_FO"
"MCX_FO|436664","436664","SILVER25JUN96750PE","SILVER","14988.5","2025-06-25","96750","50.0","30","FUTCOM","PE","MCX_FO"
"MCX_FO|430056","430056","SILVERM25FEB84500PE","SILVER","6864.0","2025-02-19","84500","50.0","5","FUTCOM","PE","MCX_FO"
"MCX_FO|436096","436096","NATURALGAS24SEP230CE","NATURALGAS","3.7","2024-09-23","230","5.0","1250","FUTCOM","CE","MCX_FO"
"MCX_FO|434953","434953","CRUDEOILM24AUG6050PE","CRUDE OIL","3.55","2024-08-14","6050","5.0","10","FUTCOM","PE","MCX_FO"
"MCX_FO|428763","428763","GOLD25JAN62800CE","GOLD","8224.5","2025-01-27","62800","50.0","1","FUTCOM","CE","MCX_FO"
"MCX_FO|433428","433428","GOLD25MAR77500PE","GOLD","10821.0","2025-03-26","77500","50.0","1","FUTCOM","PE","MCX_FO"
"MCX_FO|430872","430872","SILVER24AUG87000PE","SILVER","6229.5","2024-08-27","87000","50.0","30","FUTCOM","PE","MCX_FO"
"MCX_FO|436216","436216","COPPER24AUG800CE","COPPER","16.44","2024-08-21","800","1.0","2500","FUTCOM","CE","MCX_FO"
"MCX_FO|437430","437430","GOLDM24AUG66900PE","GOLD","1647.5","2024-08-27","66900","50.0","100","FUTCOM","PE","MCX_FO"
"MCX_FO|431809","431809","GOLD25JAN75200CE","GOLD","2751.5","2025-01-27","75200","50.0","1","FUTCOM","CE","MCX_FO"
"MCX_FO|431119","431119","GOLD25JAN73200CE","GOLD","3350.0","2025-01-27","73200","50.0","1","FUTCOM","CE","MCX_FO"
"MCX_FO|426922","426922","SILVERM24AUG80250PE","SILVER","2314.5","2024-08-21","80250","50.0","5","FUTCOM","PE","MCX_FO"
"MCX_FO|429567","429567","GOLD25JAN70000CE","GOLD","4518.5","2025-01-27","70000","50.0","1","FUTCOM","CE","MCX_FO"
"MCX_FO|433799","433799","SILVERM25APR99250CE","SILVER","4908.0","2025-04-21","99250","50.0","5","FUTCOM","CE","MCX_FO"
"MCX_FO|437208","437208","COPPER24AUG785PE","COPPER","11.61","2024-08-21","785","1.0","2500","FUTCOM","PE","MCX_FO"
"MCX_FO|428844","428844","GOLD25JAN63600PE","GOLD","2798.5","2025-01-27","63600","50.0","1","FUTCOM","PE","MCX_FO"
"MCX_FO|431156","431156","GOLD24SEP73200PE","GOLD","6351.5","2024-09-24","73200","50.0","1","FUTCOM","PE","MCX_FO"
"MCX_FO|433417","433417","GOLD25JAN77100PE","GOLD","10350.5","2025-01-27","77100","50.0","1","FUTCOM","PE","MCX_FO"
"MCX_FO|429321","429321","GOLD24SEP67700PE","GOLD","2815.0","2024-09-24","67700","50.0","1","FUTCOM","PE","MCX_FO"
"MCX_FO|435188","435188","SILVERM25FEB106750CE","SILVER","2097.5","2025-02-19","106750","50.0","5","FUTCOM","CE","MCX_FO"
"MCX_FO|437657","437657","GOLDM24AUG65700PE","GOLD","1166.5","2024-08-27","65700","50.0","100","FUTCOM","PE","MCX_FO"
"MCX_FO|431091","431091","GOLD24SEP73300CE","GOLD","1064.0","2024-09-24","73300","50.0","1","FUTCOM","CE","MCX_FO"
"MCX_FO|426776","426776","SILVER24AUG81250PE","SILVER","3186.5","2024-08-27","81250","50.0","30","FUTCOM","PE","MCX_FO"
"MCX_FO|436111","436111","NATURALGAS24SEP260CE","NATURALGAS","1.15","2024-09-23","260","5.0","1250","FUTCOM","CE","MCX_FO"
"MCX_FO|433513","433513","SILVER25APR97000CE","SILVER","5596.5","2025-04-24","97000","50.0","30","FUTCOM","CE","MCX_FO"
"MCX_FO|434565","434565","SILVER24NOV103000CE","SILVER","1157.0","2024-11-26","103000","50.0","30","FUTCOM","CE","MCX_FO"
"MCX_FO|435274","435274","SILVER24AUG103750CE","SILVER","22.5","2024-08-27","103750","50.0","30","FUTCOM","CE","MCX_FO"
"MCX_FO|436366","436366","COPPER24OCT900PE","COPPER","92.53","2024-10-22","900","1.0","2500","FUTCOM","PE","MCX_FO"
"MCX_FO|436468","436468","GOLDM24SEP75600CE","GOLD","580.5","2024-09-24","75600","50.0","100","FUTCOM","CE","MCX_FO"
"MCX_FO|436280","436280","NATURALGAS24SEP150CE","NATURALGAS","38.65","2024-09-23","150","5.0","1250","FUTCOM","CE","MCX_FO"
"MCX_FO|431674","431674","SILVERM24AUG91000CE","SILVER","400.5","2024-08-21","91000","50.0","5","FUTCOM","CE","MCX_FO"
"MCX_FO|427932","427932","SILVER24NOV70500CE","SILVER","14130.5","2024-11-26","70500","50.0","30","FUTCOM","CE","MCX_FO"
"MCX_FO|435536","435536","GOLDM24AUG74700CE","GOLD","261.5","2024-08-27","74700","50.0","100","FUTCOM","CE","MCX_FO"
"MCX_FO|431385","431385","SILVERM25FEB94000CE","SILVER","4846.0","2025-02-19","94000","50.0","5","FUTCOM","CE","MCX_FO"
"MCX_FO|429977","429977","SILVERM25FEB75750CE","SILVER","13305.5","2025-02-19","75750","50.0","5","FUTCOM","CE","MCX_FO"
"MCX_FO|429686","429686","GOLD24SEP69700CE","GOLD","2126.5","2024-09-24","69700","50.0","1","FUTCOM","CE","MCX_FO"
"MCX_FO|426544","426544","GOLD24SEP62300CE","GOLD","6360.0","2024-09-24","62300","50.0","1","FUTCOM","CE","MCX_FO"
"MCX_FO|437123","437123","CRUDEOILM24OCT5400CE","CRUDE OIL","993.8","2024-10-17","5400","5.0","10","FUTCOM","CE","MCX_FO"
"MCX_FO|431864","431864","SILVERM24NOV93000PE","SILVER","11791.5","2024-11-20","93000","50.0","5","FUTCOM","PE","MCX_FO"
"MCX_FO|429917","429917","SILVER25FEB81000PE","SILVER","5727.0","2025-02-24","81000","50.0","30","FUTCOM","PE","MCX_FO"
"MCX_FO|436509","436509","GOLDM24SEP74700PE","GOLD","7307.5","2024-09-24","74700","50.0","100","FUTCOM","PE","MCX_FO"
"MCX_FO|434361","434361","CRUDEOIL24AUG6250PE","CRUDE OIL","77.5","2024-08-14","6250","10.0","100","FUTCOM","PE","MCX_FO"
"MCX_FO|435118","435118","NATURALGAS24AUG260CE","NATURALGAS","0.5","2024-08-23","260","5.0","1250","FUTCOM","CE","MCX_FO"
"MCX_FO|436680","436680","SILVER25JUN101250PE","SILVER","17925.5","2025-06-25","101250","50.0","30","FUTCOM","PE","MCX_FO"
"MCX_FO|431977","431977","GOLD25MAR72300PE","GOLD","7431.0","2025-03-26","72300","50.0","1","FUTCOM","PE","MCX_FO"
"MCX_FO|434389","434389","CRUDEOIL24AUG7100PE","CRUDE OIL","620.7","2024-08-14","7100","10.0","100","FUTCOM","PE","MCX_FO"
"MCX_FO|426983","426983","SILVERM24NOV84500PE","SILVER","6310.0","2024-11-20","84500","50.0","5","FUTCOM","PE","MCX_FO"
"MCX_FO|426777","426777","SILVER24AUG81500PE","SILVER","2347.0","2024-08-27","81500","50.0","30","FUTCOM","PE","MCX_FO"
"MCX_FO|426639","426639","GOLD24SEP62800PE","GOLD","973.5","2024-09-24","62800","50.0","1","FUTCOM","PE","MCX_FO"
"MCX_FO|433908","433908","GOLD24NOV77100PE","GOLD","9653.0","2024-11-26","77100","50.0","1","FUTCOM","PE","MCX_FO"
"MCX_FO|436792","436792","SILVERM25JUN104000PE","SILVER","20014.0","2025-06-19","104000","50.0","5","FUTCOM","PE","MCX_FO"
"MCX_FO|431195","431195","GOLD25JAN74200PE","GOLD","8325.0","2025-01-27","74200","50.0","1","FUTCOM","PE","MCX_FO"
"MCX_FO|434963","434963","CRUDEOILM24AUG5550PE","CRUDE OIL","0.05","2024-08-14","5550","5.0","10","FUTCOM","PE","MCX_FO"
"MCX_FO|437022","437022","CRUDEOIL24OCT6200PE","CRUDE OIL","82.8","2024-10-17","6200","10.0","100","FUTCOM","PE","MCX_FO"
"MCX_FO|435110","435110","NATURALGAS24AUG175CE","NATURALGAS","11.6","2024-08-23","175","5.0","1250","FUTCOM","CE","MCX_FO"
"MCX_FO|431346","431346","SILVER25FEB93000CE","SILVER","5506.5","2025-02-24","93000","50.0","30","FUTCOM","CE","MCX_FO"
"MCX_FO|437017","437017","CRUDEOIL24OCT6450PE","CRUDE OIL","190.0","2024-10-17","6450","10.0","100","FUTCOM","PE","MCX_FO"
"MCX_FO|426764","426764","SILVER24AUG78250PE","SILVER","1868.5","2024-08-27","78250","50.0","30","FUTCOM","PE","MCX_FO"
"MCX_FO|434779","434779","SILVERM25APR108500CE","SILVER","2909.0","2025-04-21","108500","50.0","5","FUTCOM","CE","MCX_FO"
"MCX_FO|426582","426582","GOLD24SEP66000CE","GOLD","2966.5","2024-09-24","66000","50.0","1","FUTCOM","CE","MCX_FO"
"MCX_FO|433717","433717","SILVERM25APR98000PE","SILVER","14282.5","2025-04-21","98000","50.0","5","FUTCOM","PE","MCX_FO"
"MCX_FO|437174","437174","CRUDEOILM24OCT5450PE","CRUDE OIL","13.75","2024-10-17","5450","5.0","10","FUTCOM","PE","MCX_FO"
"MCX_FO|433696","433696","SILVERM25APR92750PE","SILVER","10983.5","2025-04-21","92750","50.0","5","FUTCOM","PE","MCX_FO"
"MCX_FO|434599","434599","SILVER25APR107250CE","SILVER","3273.0","2025-04-24","107250","50.0","30","FUTCOM","CE","MCX_FO"
"MCX_FO|435808","435808","COPPER24SEP830PE","COPPER","42.95","2024-09-19","830","1.0","2500","FUTCOM","PE","MCX_FO"
"MCX_FO|435311","435311","SILVERM25FEB108250CE","SILVER","1890.0","2025-02-19","108250","50.0","5","FUTCOM","CE","MCX_FO"
"MCX_FO|436613","436613","SILVER25JUN97000CE","SILVER","7209.5","2025-06-25","97000","50.0","30","FUTCOM","CE","MCX_FO"
"MCX_FO|435649","435649","NATGASMINI24AUG325PE","NATURALGAS","148.05","2024-08-23","325","5.0","250","FUTCOM","PE","MCX_FO"
"MCX_FO|431969","431969","GOLD24NOV75200PE","GOLD","8181.0","2024-11-26","75200","50.0","1","FUTCOM","PE","MCX_FO"
"MCX_FO|431907","431907","GOLD25JAN75400CE","GOLD","2697.0","2025-01-27","75400","50.0","1","FUTCOM","CE","MCX_FO"
"MCX_FO|434224","434224","SILVERM24NOV100250PE","SILVER","17542.5","2024-11-20","100250","50.0","5","FUTCOM","PE","MCX_FO"
"MCX_FO|434306","434306","CRUDEOIL24AUG6500CE","CRUDE OIL","147.5","2024-08-14","6500","10.0","100","FUTCOM","CE","MCX_FO"
"MCX_FO|434916","434916","CRUDEOILM24AUG5400CE","CRUDE OIL","1164.45","2024-08-14","5400","5.0","10","FUTCOM","CE","MCX_FO"
"MCX_FO|426794","426794","SILVERM24AUG76500CE","SILVER","5923.5","2024-08-21","76500","50.0","5","FUTCOM","CE","MCX_FO"
"MCX_FO|426839","426839","SILVERM24NOV79250CE","SILVER","8107.5","2024-11-20","79250","50.0","5","FUTCOM","CE","MCX_FO"
"MCX_FO|435749","435749","GOLD25MAY74700CE","GOLD","4402.0","2025-05-27","74700","50.0","1","FUTCOM","CE","MCX_FO"
"MCX_FO|436255","436255","COPPER24OCT820CE","COPPER","36.47","2024-10-22","820","1.0","2500","FUTCOM","CE","MCX_FO"
"MCX_FO|435932","435932","CRUDEOIL24SEP7900PE","CRUDE OIL","1393.6","2024-09-17","7900","10.0","100","FUTCOM","PE","MCX_FO"
"MCX_FO|435265","435265","NATGASMINI24AUG310PE","NATURALGAS","133.15","2024-08-23","310","5.0","250","FUTCOM","PE","MCX_FO"
"MCX_FO|435906","435906","CRUDEOIL24SEP5450PE","CRUDE OIL","0.7","2024-09-17","5450","10.0","100","FUTCOM","PE","MCX_FO"
"MCX_FO|426799","426799","SILVERM24AUG75250CE","SILVER","6883.5","2024-08-21","75250","50.0","5","FUTCOM","CE","MCX_FO"
"MCX_FO|436491","436491","GOLDM24SEP71000PE","GOLD","4527.0","2024-09-24","71000","50.0","100","FUTCOM","PE","MCX_FO"
"MCX_FO|437275","437275","CRUDEOIL24SEP5200PE","CRUDE OIL","0.1","2024-09-17","5200","10.0","100","FUTCOM","PE","MCX_FO"
"MCX_FO|436306","436306","ZINC24OCT265PE","ZINC","34.56","2024-10-22","265","1.0","5","FUTCOM","PE","MCX_FO"
"MCX_FO|436399","436399","NATGASMINI24AUG125PE","NATURALGAS","0.05","2024-08-23","125","5.0","250","FUTCOM","PE","MCX_FO"
"MCX_FO|433464","433464","SILVER25FEB98750CE","SILVER","3923.0","2025-02-24","98750","50.0","30","FUTCOM","CE","MCX_FO"
"MCX_FO|437883","437883","NATGASMINI24OCT150CE","NATURALGAS","0.0","2024-10-24","150","5.0","250","FUTCOM","CE","MCX_FO"
"MCX_FO|435752","435752","GOLD25MAY72100PE","GOLD","7710.5","2025-05-27","72100","50.0","1","FUTCOM","PE","MCX_FO"
"MCX_FO|429589","429589","GOLD24NOV69100PE","GOLD","4199.5","2024-11-26","69100","50.0","1","FUTCOM","PE","MCX_FO"
"MCX_FO|429887","429887","SILVER25FEB82250CE","SILVER","9861.5","2025-02-24","82250","50.0","30","FUTCOM","CE","MCX_FO"
"MCX_FO|433001","433001","COPPER24AUG855CE","COPPER","0.93","2024-08-21","855","1.0","2500","FUTCOM","CE","MCX_FO"
"MCX_FO|428436","428436","GOLD24NOV58000PE","GOLD","551.0","2024-11-26","58000","50.0","1","FUTCOM","PE","MCX_FO"
"MCX_FO|437685","437685","SILVER25APR81500CE","SILVER","11676.0","2025-04-24","81500","50.0","30","FUTCOM","CE","MCX_FO"
"MCX_FO|437474","437474","SILVER25JUN89750CE","SILVER","9739.5","2025-06-25","89750","50.0","30","FUTCOM","CE","MCX_FO"
"MCX_FO|435783","435783","GOLD25MAY73100PE","GOLD","8292.5","2025-05-27","73100","50.0","1","FUTCOM","PE","MCX_FO"
"MCX_FO|426579","426579","GOLD24SEP65700CE","GOLD","4057.0","2024-09-24","65700","50.0","1","FUTCOM","CE","MCX_FO"
"MCX_FO|436806","436806","GOLD25MAY78000CE","GOLD","3449.0","2025-05-27","78000","50.0","1","FUTCOM","CE","MCX_FO"
"MCX_FO|437031","437031","CRUDEOIL24OCT5750PE","CRUDE OIL","8.9","2024-10-17","5750","10.0","100","FUTCOM","PE","MCX_FO"
"MCX_FO|430273","430273","GOLD24NOV70900CE","GOLD","2789.0","2024-11-26","70900","50.0","1","FUTCOM","CE","MCX_FO"
"MCX_FO|431593","431593","GOLD24SEP74400CE","GOLD","843.5","2024-09-24","74400","50.0","1","FUTCOM","CE","MCX_FO"
"MCX_FO|434331","434331","CRUDEOIL24AUG6700CE","CRUDE OIL","73.6","2024-08-14","6700","10.0","100","FUTCOM","CE","MCX_FO"
"MCX_FO|433423","433423","GOLD25MAR77000PE","GOLD","10471.0","2025-03-26","77000","50.0","1","FUTCOM","PE","MCX_FO"
"MCX_FO|434363","434363","CRUDEOIL24AUG6150PE","CRUDE OIL","55.8","2024-08-14","6150","10.0","100","FUTCOM","PE","MCX_FO"
"MCX_FO|436440","436440","GOLDM24SEP71100CE","GOLD","1563.0","2024-09-24","71100","50.0","100","FUTCOM","CE","MCX_FO"
"MCX_FO|431082","431082","GOLD24SEP72400CE","GOLD","1277.5","2024-09-24","72400","50.0","1","FUTCOM","CE","MCX_FO"
"MCX_FO|429731","429731","GOLD24SEP69200PE","GOLD","3634.0","2024-09-24","69200","50.0","1","FUTCOM","PE","MCX_FO"
"MCX_FO|433755","433755","SILVER25APR98250CE","SILVER","5252.0","2025-04-24","98250","50.0","30","FUTCOM","CE","MCX_FO"
"MCX_FO|434050","434050","SILVER24AUG95750PE","SILVER","14517.0","2024-08-27","95750","50.0","30","FUTCOM","PE","MCX_FO"
"MCX_FO|434074","434074","SILVER24NOV99750PE","SILVER","17439.0","2024-11-26","99750","50.0","30","FUTCOM","PE","MCX_FO"
"MCX_FO|429698","429698","GOLD24NOV70400CE","GOLD","2976.0","2024-11-26","70400","50.0","1","FUTCOM","CE","MCX_FO"
"MCX_FO|435826","435826","CRUDEOIL24SEP6650PE","CRUDE OIL","268.1","2024-09-17","6650","10.0","100","FUTCOM","PE","MCX_FO"
"MCX_FO|435674","435674","NATURALGAS24AUG335CE","NATURALGAS","0.05","2024-08-23","335","5.0","1250","FUTCOM","CE","MCX_FO"
"MCX_FO|436623","436623","SILVER25JUN94500CE","SILVER","8010.0","2025-06-25","94500","50.0","30","FUTCOM","CE","MCX_FO"
"MCX_FO|434635","434635","SILVER24AUG101500PE","SILVER","20082.5","2024-08-27","101500","50.0","30","FUTCOM","PE","MCX_FO"
"MCX_FO|437632","437632","GOLDM24AUG65900CE","GOLD","3085.5","2024-08-27","65900","50.0","100","FUTCOM","CE","MCX_FO"
"MCX_FO|430239","430239","GOLD24SEP70200PE","GOLD","4244.5","2024-09-24","70200","50.0","1","FUTCOM","PE","MCX_FO"
"MCX_FO|436747","436747","SILVERM25JUN105250CE","SILVER","5473.0","2025-06-19","105250","50.0","5","FUTCOM","CE","MCX_FO"
"MCX_FO|436137","436137","NATURALGAS24SEP175PE","NATURALGAS","9.8","2024-09-23","175","5.0","1250","FUTCOM","PE","MCX_FO"
"MCX_FO|434979","434979","CRUDEOILM24AUG7200PE","CRUDE OIL","630.75","2024-08-14","7200","5.0","10","FUTCOM","PE","MCX_FO"
"MCX_FO|427900","427900","SILVER24NOV71000PE","SILVER","1547.0","2024-11-26","71000","50.0","30","FUTCOM","PE","MCX_FO"
"MCX_FO|436729","436729","SILVERM25JUN100750CE","SILVER","6601.0","2025-06-19","100750","50.0","5","FUTCOM","CE","MCX_FO"
"MCX_FO|427379","427379","GOLD24NOV66800PE","GOLD","3053.0","2024-11-26","66800","50.0","1","FUTCOM","PE","MCX_FO"
"MCX_FO|437000","437000","CRUDEOIL24OCT7050CE","CRUDE OIL","15.4","2024-10-17","7050","10.0","100","FUTCOM","CE","MCX_FO"
"MCX_FO|435282","435282","SILVER25FEB109250CE","SILVER","2028.0","2025-02-24","109250","50.0","30","FUTCOM","CE","MCX_FO"
"MCX_FO|435438","435438","CRUDEOIL24AUG5050PE","CRUDE OIL","0.1","2024-08-14","5050","10.0","100","FUTCOM","PE","MCX_FO"
"MCX_FO|436007","436007","CRUDEOILM24SEP5700PE","CRUDE OIL","3.7","2024-09-17","5700","5.0","10","FUTCOM","PE","MCX_FO"
"MCX_FO|434832","434832","SILVERM24NOV104500PE","SILVER","21226.5","2024-11-20","104500","50.0","5","FUTCOM","PE","MCX_FO"
"MCX_FO|436684","436684","SILVER25JUN102250PE","SILVER","18606.5","2025-06-25","102250","50.0","30","FUTCOM","PE","MCX_FO"
"MCX_FO|433672","433672","SILVERM25APR90500PE","SILVER","9693.5","2025-04-21","90500","50.0","5","FUTCOM","PE","MCX_FO"
"MCX_FO|431150","431150","GOLD24SEP72600PE","GOLD","5899.5","2024-09-24","72600","50.0","1","FUTCOM","PE","MCX_FO"
"MCX_FO|437201","437201","CRUDEOILM24OCT7750PE","CRUDE OIL","1336.75","2024-10-17","7750","5.0","10","FUTCOM","PE","MCX_FO"
"MCX_FO|434937","434937","CRUDEOILM24AUG7600CE","CRUDE OIL","0.05","2024-08-14","7600","5.0","10","FUTCOM","CE","MCX_FO"
"MCX_FO|431718","431718","SILVERM25FEB96000PE","SILVER","13722.5","2025-02-19","96000","50.0","5","FUTCOM","PE","MCX_FO"
"MCX_FO|435094","435094","NATURALGAS24AUG240PE","NATURALGAS","63.95","2024-08-23","240","5.0","1250","FUTCOM","PE","MCX_FO"
"MCX_FO|436796","436796","SILVERM25JUN105000PE","SILVER","20715.5","2025-06-19","105000","50.0","5","FUTCOM","PE","MCX_FO"
"MCX_FO|426581","426581","GOLD24SEP65900CE","GOLD","3940.0","2024-09-24","65900","50.0","1","FUTCOM","CE","MCX_FO"
"MCX_FO|430023","430023","SILVERM25FEB76750PE","SILVER","3637.5","2025-02-19","76750","50.0","5","FUTCOM","PE","MCX_FO"
"MCX_FO|431101","431101","GOLD24NOV73000CE","GOLD","2101.0","2024-11-26","73000","50.0","1","FUTCOM","CE","MCX_FO"
"MCX_FO|427025","427025","SILVER24NOV79750CE","SILVER","8022.0","2024-11-26","79750","50.0","30","FUTCOM","CE","MCX_FO"
"MCX_FO|426719","426719","SILVER24AUG79500CE","SILVER","3324.5","2024-08-27","79500","50.0","30","FUTCOM","CE","MCX_FO"
"MCX_FO|436699","436699","SILVER25JUN106000PE","SILVER","21245.0","2025-06-25","106000","50.0","30","FUTCOM","PE","MCX_FO"
"MCX_FO|434627","434627","SILVER24AUG99500PE","SILVER","18126.0","2024-08-27","99500","50.0","30","FUTCOM","PE","MCX_FO"
"MCX_FO|430270","430270","GOLD24SEP70300CE","GOLD","1908.5","2024-09-24","70300","50.0","1","FUTCOM","CE","MCX_FO"
"MCX_FO|436074","436074","CRUDEOILM24AUG8050CE","CRUDE OIL","0.05","2024-08-14","8050","5.0","10","FUTCOM","CE","MCX_FO"
"MCX_FO|427341","427341","SILVER24NOV84500PE","SILVER","6691.5","2024-11-26","84500","50.0","30","FUTCOM","PE","MCX_FO"
"MCX_FO|437434","437434","GOLDM24AUG66500PE","GOLD","318.0","2024-08-27","66500","50.0","100","FUTCOM","PE","MCX_FO"
"MCX_FO|436883","436883","SILVERM25JUN108750CE","SILVER","4719.5","2025-06-19","108750","50.0","5","FUTCOM","CE","MCX_FO"
"MCX_FO|428388","428388","GOLD24SEP58600CE","GOLD","9437.0","2024-09-24","58600","50.0","1","FUTCOM","CE","MCX_FO"
"MCX_FO|426646","426646","GOLD24SEP62100PE","GOLD","809.0","2024-09-24","62100","50.0","1","FUTCOM","PE","MCX_FO"
"MCX_FO|436646","436646","SILVER25JUN105250CE","SILVER","5041.0","2025-06-25","105250","50.0","30","FUTCOM","CE","MCX_FO"
"MCX_FO|428405","428405","GOLD24NOV57800CE","GOLD","10860.5","2024-11-26","57800","50.0","1","FUTCOM","CE","MCX_FO"
"MCX_FO|433528","433528","SILVER25FEB98250PE","SILVER","15815.0","2025-02-24","98250","50.0","30","FUTCOM","PE","MCX_FO"
"MCX_FO|435705","435705","GOLD25MAY71800CE","GOLD","5410.0","2025-05-27","71800","50.0","1","FUTCOM","CE","MCX_FO"
"MCX_FO|437343","437343","GOLDM24AUG67500CE","GOLD","1355.0","2024-08-27","67500","50.0","100","FUTCOM","CE","MCX_FO"
"MCX_FO|427295","427295","SILVER24NOV85500CE","SILVER","5300.0","2024-11-26","85500","50.0","30","FUTCOM","CE","MCX_FO"
"MCX_FO|427151","427151","GOLD24NOV63300CE","GOLD","6684.0","2024-11-26","63300","50.0","1","FUTCOM","CE","MCX_FO"
"MCX_FO|435959","435959","CRUDEOILM24SEP5550CE","CRUDE OIL","935.3","2024-09-17","5550","5.0","10","FUTCOM","CE","MCX_FO"
"MCX_FO|431958","431958","GOLD25MAR75300CE","GOLD","3419.5","2025-03-26","75300","50.0","1","FUTCOM","CE","MCX_FO"
"MCX_FO|434206","434206","SILVERM24AUG97750PE","SILVER","16279.0","2024-08-21","97750","50.0","5","FUTCOM","PE","MCX_FO"
"MCX_FO|437608","437608","GOLD25MAR66800PE","GOLD","4527.0","2025-03-26","66800","50.0","1","FUTCOM","PE","MCX_FO"
"MCX_FO|435482","435482","CRUDEOILM24AUG4950PE","CRUDE OIL","0.05","2024-08-14","4950","5.0","10","FUTCOM","PE","MCX_FO"
"MCX_FO|437891","437891","NATGASMINI24OCT265CE","NATURALGAS","0.0","2024-10-24","265","5.0","250","FUTCOM","CE","MCX_FO"
"MCX_FO|429997","429997","SILVERM25FEB82250CE","SILVER","9560.5","2025-02-19","82250","50.0","5","FUTCOM","CE","MCX_FO"
"MCX_FO|431613","431613","GOLD24SEP74600PE","GOLD","7456.5","2024-09-24","74600","50.0","1","FUTCOM","PE","MCX_FO"
"MCX_FO|430730","430730","GOLD24SEP71100CE","GOLD","1645.0","2024-09-24","71100","50.0","1","FUTCOM","CE","MCX_FO"
"MCX_FO|436456","436456","GOLDM24SEP74400CE","GOLD","769.5","2024-09-24","74400","50.0","100","FUTCOM","CE","MCX_FO"
"MCX_FO|431358","431358","SILVER24AUG89500PE","SILVER","8480.5","2024-08-27","89500","50.0","30","FUTCOM","PE","MCX_FO"
"MCX_FO|435106","435106","NATURALGAS24AUG195CE","NATURALGAS","5.25","2024-08-23","195","5.0","1250","FUTCOM","CE","MCX_FO"
"MCX_FO|426852","426852","SILVERM24NOV76000CE","SILVER","10101.0","2024-11-20","76000","50.0","5","FUTCOM","CE","MCX_FO"
"MCX_FO|427565","427565","GOLD24NOV67500PE","GOLD","3379.5","2024-11-26","67500","50.0","1","FUTCOM","PE","MCX_FO"
"MCX_FO|436994","436994","CRUDEOIL24OCT6750CE","CRUDE OIL","54.5","2024-10-17","6750","10.0","100","FUTCOM","CE","MCX_FO"
"MCX_FO|428789","428789","GOLD25JAN63100CE","GOLD","8039.0","2025-01-27","63100","50.0","1","FUTCOM","CE","MCX_FO"
"MCX_FO|428971","428971","GOLD25JAN65500CE","GOLD","6652.5","2025-01-27","65500","50.0","1","FUTCOM","CE","MCX_FO"
"MCX_FO|435793","435793","GOLD25MAY74100PE","GOLD","8894.5","2025-05-27","74100","50.0","1","FUTCOM","PE","MCX_FO"
"MCX_FO|433807","433807","SILVERM24AUG94750PE","SILVER","13380.5","2024-08-21","94750","50.0","5","FUTCOM","PE","MCX_FO"
"MCX_FO|437754","437754","SILVERM25JUN85250CE","SILVER","12172.0","2025-06-19","85250","50.0","5","FUTCOM","CE","MCX_FO"
"MCX_FO|437446","437446","GOLDM24SEP67900PE","GOLD","2694.5","2024-09-24","67900","50.0","100","FUTCOM","PE","MCX_FO"
"MCX_FO|437482","437482","SILVER25JUN87750CE","SILVER","10555.0","2025-06-25","87750","50.0","30","FUTCOM","CE","MCX_FO"
"MCX_FO|436653","436653","SILVER25JUN99500PE","SILVER","16758.0","2025-06-25","99500","50.0","30","FUTCOM","PE","MCX_FO"
"MCX_FO|432775","432775","GOLD25MAR68900CE","GOLD","5751.0","2025-03-26","68900","50.0","1","FUTCOM","CE","MCX_FO"
"MCX_FO|427250","427250","SILVER24NOV79000CE","SILVER","8438.0","2024-11-26","79000","50.0","30","FUTCOM","CE","MCX_FO"
"MCX_FO|431783","431783","SILVERM24NOV92750PE","SILVER","11608.5","2024-11-20","92750","50.0","5","FUTCOM","PE","MCX_FO"
"MCX_FO|435625","435625","GOLDM24AUG69700PE","GOLD","3193.0","2024-08-27","69700","50.0","100","FUTCOM","PE","MCX_FO"
"MCX_FO|429294","429294","GOLD25JAN68900CE","GOLD","4985.5","2025-01-27","68900","50.0","1","FUTCOM","CE","MCX_FO"
"MCX_FO|433345","433345","SILVERM24NOV94500PE","SILVER","12913.5","2024-11-20","94500","50.0","5","FUTCOM","PE","MCX_FO"
"MCX_FO|428801","428801","GOLD25JAN64300CE","GOLD","7324.0","2025-01-27","64300","50.0","1","FUTCOM","CE","MCX_FO"
"MCX_FO|433344","433344","SILVERM24NOV94250PE","SILVER","12723.5","2024-11-20","94250","50.0","5","FUTCOM","PE","MCX_FO"
"MCX_FO|430009","430009","SILVERM25FEB85250CE","SILVER","8115.0","2025-02-19","85250","50.0","5","FUTCOM","CE","MCX_FO"
"MCX_FO|435187","435187","SILVERM24NOV105250CE","SILVER","785.0","2024-11-20","105250","50.0","5","FUTCOM","CE","MCX_FO"
"MCX_FO|435411","435411","ZINC24SEP280PE","ZINC","32.37","2024-09-19","280","1.0","5","FUTCOM","PE","MCX_FO"
"MCX_FO|430904","430904","SILVERM24NOV88000CE","SILVER","4120.0","2024-11-20","88000","50.0","5","FUTCOM","CE","MCX_FO"
"MCX_FO|434085","434085","SILVER25FEB101750PE","SILVER","18394.5","2025-02-24","101750","50.0","30","FUTCOM","PE","MCX_FO"
"MCX_FO|435600","435600","GOLDM24AUG75100PE","GOLD","7521.0","2024-08-27","75100","50.0","100","FUTCOM","PE","MCX_FO"
"MCX_FO|427541","427541","GOLD24NOV67400CE","GOLD","4297.5","2024-11-26","67400","50.0","1","FUTCOM","CE","MCX_FO"
"MCX_FO|435156","435156","NATURALGAS24AUG300PE","NATURALGAS","123.5","2024-08-23","300","5.0","1250","FUTCOM","PE","MCX_FO"
"MCX_FO|436356","436356","CRUDEOILM24SEP8150CE","CRUDE OIL","0.05","2024-09-17","8150","5.0","10","FUTCOM","CE","MCX_FO"
"MCX_FO|435735","435735","GOLD25MAY73300CE","GOLD","4867.5","2025-05-27","73300","50.0","1","FUTCOM","CE","MCX_FO"
"MCX_FO|434063","434063","SILVER24NOV97000PE","SILVER","15207.5","2024-11-26","97000","50.0","30","FUTCOM","PE","MCX_FO"
"MCX_FO|435554","435554","GOLDM24AUG71000PE","GOLD","2701.0","2024-08-27","71000","50.0","100","FUTCOM","PE","MCX_FO"
"MCX_FO|429566","429566","GOLD25JAN69900CE","GOLD","4560.0","2025-01-27","69900","50.0","1","FUTCOM","CE","MCX_FO"
"MCX_FO|434017","434017","SILVER25FEB103250CE","SILVER","2974.5","2025-02-24","103250","50.0","30","FUTCOM","CE","MCX_FO"
"MCX_FO|434301","434301","COPPER24AUG980PE","COPPER","183.04","2024-08-21","980","1.0","2500","FUTCOM","PE","MCX_FO"
"MCX_FO|427222","427222","GOLD24NOV61600PE","GOLD","1238.5","2024-11-26","61600","50.0","1","FUTCOM","PE","MCX_FO"
"MCX_FO|436566","436566","NATURALGAS24SEP125CE","NATURALGAS","60.9","2024-09-23","125","5.0","1250","FUTCOM","CE","MCX_FO"
"MCX_FO|437472","437472","SILVER25JUN90250CE","SILVER","9544.0","2025-06-25","90250","50.0","30","FUTCOM","CE","MCX_FO"
"MCX_FO|434350","434350","CRUDEOIL24AUG7650CE","CRUDE OIL","0.1","2024-08-14","7650","10.0","100","FUTCOM","CE","MCX_FO"
"MCX_FO|429688","429688","GOLD24SEP69900CE","GOLD","2052.0","2024-09-24","69900","50.0","1","FUTCOM","CE","MCX_FO"
"MCX_FO|434251","434251","SILVERM25APR103750PE","SILVER","18306.0","2025-04-21","103750","50.0","5","FUTCOM","PE","MCX_FO"
"MCX_FO|437180","437180","CRUDEOILM24OCT6700PE","CRUDE OIL","433.1","2024-10-17","6700","5.0","10","FUTCOM","PE","MCX_FO"
"MCX_FO|428160","428160","GOLD24NOV60400CE","GOLD","8762.5","2024-11-26","60400","50.0","1","FUTCOM","CE","MCX_FO"
"MCX_FO|431022","431022","SILVERM24NOV90000PE","SILVER","9675.5","2024-11-20","90000","50.0","5","FUTCOM","PE","MCX_FO"
"MCX_FO|431703","431703","SILVER24NOV93750CE","SILVER","2706.0","2024-11-26","93750","50.0","30","FUTCOM","CE","MCX_FO"
"MCX_FO|429901","429901","SILVER25FEB85750CE","SILVER","8222.5","2025-02-24","85750","50.0","30","FUTCOM","CE","MCX_FO"
"MCX_FO|436938","436938","COPPER24AUG795PE","COPPER","13.87","2024-08-21","795","1.0","2500","FUTCOM","PE","MCX_FO"
"MCX_FO|437527","437527","SILVERM25JUN90000PE","SILVER","11268.5","2025-06-19","90000","50.0","5","FUTCOM","PE","MCX_FO"
"MCX_FO|434155","434155","SILVERM25FEB99750CE","SILVER","3360.0","2025-02-19","99750","50.0","5","FUTCOM","CE","MCX_FO"
"MCX_FO|426784","426784","SILVER24AUG83250PE","SILVER","4307.5","2024-08-27","83250","50.0","30","FUTCOM","PE","MCX_FO"
"MCX_FO|434897","434897","CRUDEOILM24AUG6350CE","CRUDE OIL","255.05","2024-08-14","6350","5.0","10","FUTCOM","CE","MCX_FO"
"MCX_FO|437526","437526","SILVERM25JUN90250PE","SILVER","11405.0","2025-06-19","90250","50.0","5","FUTCOM","PE","MCX_FO"
"MCX_FO|429343","429343","GOLD25JAN68600PE","GOLD","5004.0","2025-01-27","68600","50.0","1","FUTCOM","PE","MCX_FO"
"MCX_FO|427896","427896","SILVER24NOV71250CE","SILVER","13560.0","2024-11-26","71250","50.0","30","FUTCOM","CE","MCX_FO"
"MCX_FO|428834","428834","GOLD25JAN60700PE","GOLD","1862.5","2025-01-27","60700","50.0","1","FUTCOM","PE","MCX_FO"
"MCX_FO|434146","434146","SILVERM24NOV99250CE","SILVER","1459.5","2024-11-20","99250","50.0","5","FUTCOM","CE","MCX_FO"
"MCX_FO|436513","436513","GOLDM24SEP75100PE","GOLD","7638.5","2024-09-24","75100","50.0","100","FUTCOM","PE","MCX_FO"
"MCX_FO|437158","437158","CRUDEOILM24OCT6250PE","CRUDE OIL","183.2","2024-10-17","6250","5.0","10","FUTCOM","PE","MCX_FO"
"MCX_FO|434346","434346","CRUDEOIL24AUG7450CE","CRUDE OIL","0.8","2024-08-14","7450","10.0","100","FUTCOM","CE","MCX_FO"
"MCX_FO|426796","426796","SILVERM24AUG76000CE","SILVER","6299.0","2024-08-21","76000","50.0","5","FUTCOM","CE","MCX_FO"
"MCX_FO|431116","431116","GOLD25JAN72900CE","GOLD","3448.0","2025-01-27","72900","50.0","1","FUTCOM","CE","MCX_FO"
"MCX_FO|431817","431817","GOLD24SEP74900PE","GOLD","7701.5","2024-09-24","74900","50.0","1","FUTCOM","PE","MCX_FO"
"MCX_FO|428991","428991","GOLD25JAN66300PE","GOLD","3896.5","2025-01-27","66300","50.0","1","FUTCOM","PE","MCX_FO"
"MCX_FO|436091","436091","COPPER24SEP810PE","COPPER","30.4","2024-09-19","810","1.0","2500","FUTCOM","PE","MCX_FO"
"MCX_FO|437024","437024","CRUDEOIL24OCT6100PE","CRUDE OIL","55.2","2024-10-17","6100","10.0","100","FUTCOM","PE","MCX_FO"
"MCX_FO|436651","436651","SILVER25JUN106500CE","SILVER","4769.0","2025-06-25","106500","50.0","30","FUTCOM","CE","MCX_FO"
"MCX_FO|428795","428795","GOLD25JAN63700CE","GOLD","7676.0","2025-01-27","63700","50.0","1","FUTCOM","CE","MCX_FO"
"MCX_FO|435393","435393","ZINC24SEP270CE","ZINC","5.92","2024-09-19","270","1.0","5","FUTCOM","CE","MCX_FO"
"MCX_FO|430857","430857","SILVER25FEB89000CE","SILVER","6896.5","2025-02-24","89000","50.0","30","FUTCOM","CE","MCX_FO"
"MCX_FO|433619","433619","SILVERM25APR86750CE","SILVER","9369.5","2025-04-21","86750","50.0","5","FUTCOM","CE","MCX_FO"
"MCX_FO|431126","431126","GOLD25JAN73900CE","GOLD","3129.5","2025-01-27","73900","50.0","1","FUTCOM","CE","MCX_FO"
"MCX_FO|435495","435495","GOLDM24AUG71900CE","GOLD","668.5","2024-08-27","71900","50.0","100","FUTCOM","CE","MCX_FO"
"MCX_FO|430670","430670","SILVERM24AUG85250CE","SILVER","1443.5","2024-08-21","85250","50.0","5","FUTCOM","CE","MCX_FO"
"MCX_FO|436345","436345","NATGASMINI24AUG140CE","NATURALGAS","36.5","2024-08-23","140","5.0","250","FUTCOM","CE","MCX_FO"
"MCX_FO|431545","431545","SILVERM25FEB94500CE","SILVER","4698.0","2025-02-19","94500","50.0","5","FUTCOM","CE","MCX_FO"
"MCX_FO|437157","437157","CRUDEOILM24OCT6300PE","CRUDE OIL","204.95","2024-10-17","6300","5.0","10","FUTCOM","PE","MCX_FO"
"MCX_FO|432104","432104","SILVERM25FEB97500CE","SILVER","3887.0","2025-02-19","97500","50.0","5","FUTCOM","CE","MCX_FO"
"MCX_FO|433568","433568","SILVER25APR94250PE","SILVER","13204.5","2025-04-24","94250","50.0","30","FUTCOM","PE","MCX_FO"
"MCX_FO|427349","427349","SILVERM24AUG71500PE","SILVER","220.0","2024-08-21","71500","50.0","5","FUTCOM","PE","MCX_FO"
"MCX_FO|430290","430290","GOLD25JAN71600PE","GOLD","6679.0","2025-01-27","71600","50.0","1","FUTCOM","PE","MCX_FO"
"MCX_FO|433796","433796","SILVERM25APR98500CE","SILVER","5112.5","2025-04-21","98500","50.0","5","FUTCOM","CE","MCX_FO"
"MCX_FO|436723","436723","SILVERM25JUN94500CE","SILVER","8506.0","2025-06-19","94500","50.0","5","FUTCOM","CE","MCX_FO"
"MCX_FO|436407","436407","GOLD25MAY77000CE","GOLD","3717.5","2025-05-27","77000","50.0","1","FUTCOM","CE","MCX_FO"
"MCX_FO|435687","435687","NATGASMINI24AUG330PE","NATURALGAS","153.05","2024-08-23","330","5.0","250","FUTCOM","PE","MCX_FO"
"MCX_FO|428414","428414","GOLD24SEP59300PE","GOLD","348.5","2024-09-24","59300","50.0","1","FUTCOM","PE","MCX_FO"
"MCX_FO|433471","433471","SILVER25APR89750CE","SILVER","7996.0","2025-04-24","89750","50.0","30","FUTCOM","CE","MCX_FO"
"MCX_FO|431704","431704","SILVER25FEB95750CE","SILVER","4692.5","2025-02-24","95750","50.0","30","FUTCOM","CE","MCX_FO"
"MCX_FO|427180","427180","GOLD24NOV65300CE","GOLD","5435.5","2024-11-26","65300","50.0","1","FUTCOM","CE","MCX_FO"
"MCX_FO|437461","437461","GOLDM24SEP69200PE","GOLD","3400.5","2024-09-24","69200","50.0","100","FUTCOM","PE","MCX_FO"
"MCX_FO|436262","436262","COPPER24OCT880CE","COPPER","15.77","2024-10-22","880","1.0","2500","FUTCOM","CE","MCX_FO"
"MCX_FO|428742","428742","SILVERM24NOV69750PE","SILVER","1093.0","2024-11-20","69750","50.0","5","FUTCOM","PE","MCX_FO"
"MCX_FO|426652","426652","GOLD24SEP61500PE","GOLD","685.0","2024-09-24","61500","50.0","1","FUTCOM","PE","MCX_FO"
"MCX_FO|433600","433600","SILVERM25APR91500CE","SILVER","7395.5","2025-04-21","91500","50.0","5","FUTCOM","CE","MCX_FO"
"MCX_FO|428158","428158","GOLD24NOV60600CE","GOLD","8609.5","2024-11-26","60600","50.0","1","FUTCOM","CE","MCX_FO"
"MCX_FO|436798","436798","SILVERM25JUN105500PE","SILVER","21069.5","2025-06-19","105500","50.0","5","FUTCOM","PE","MCX_FO"
"MCX_FO|430915","430915","SILVERM25FEB90750CE","SILVER","5905.5","2025-02-19","90750","50.0","5","FUTCOM","CE","MCX_FO"
"MCX_FO|435179","435179","SILVER25FEB108500PE","SILVER","23733.0","2025-02-24","108500","50.0","30","FUTCOM","PE","MCX_FO"
"MCX_FO|431345","431345","SILVER25FEB92750CE","SILVER","5586.0","2025-02-24","92750","50.0","30","FUTCOM","CE","MCX_FO"
"MCX_FO|427593","427593","SILVERM24NOV86750PE","SILVER","7600.5","2024-11-20","86750","50.0","5","FUTCOM","PE","MCX_FO"
"MCX_FO|430937","430937","SILVERM25FEB89250PE","SILVER","9419.0","2025-02-19","89250","50.0","5","FUTCOM","PE","MCX_FO"
"MCX_FO|437561","437561","COPPER24AUG760CE","COPPER","38.65","2024-08-21","760","1.0","2500","FUTCOM","CE","MCX_FO"
"MCX_FO|431747","431747","GOLD25JAN75000PE","GOLD","8865.0","2025-01-27","75000","50.0","1","FUTCOM","PE","MCX_FO"
"MCX_FO|435800","435800","GOLD25MAY74800PE","GOLD","9327.5","2025-05-27","74800","50.0","1","FUTCOM","PE","MCX_FO"
"MCX_FO|431775","431775","SILVER24NOV94000PE","SILVER","12898.0","2024-11-26","94000","50.0","30","FUTCOM","PE","MCX_FO"
"MCX_FO|435544","435544","GOLDM24AUG72000PE","GOLD","3870.5","2024-08-27","72000","50.0","100","FUTCOM","PE","MCX_FO"
"MCX_FO|427233","427233","GOLD24NOV65200PE","GOLD","2381.0","2024-11-26","65200","50.0","1","FUTCOM","PE","MCX_FO"
"MCX_FO|436154","436154","NATGASMINI24SEP235CE","NATURALGAS","3.85","2024-09-23","235","5.0","250","FUTCOM","CE","MCX_FO"
"MCX_FO|434012","434012","SILVER25FEB102000CE","SILVER","3215.0","2025-02-24","102000","50.0","30","FUTCOM","CE","MCX_FO"
"MCX_FO|429831","429831","SILVER25FEB78500CE","SILVER","11872.5","2025-02-24","78500","50.0","30","FUTCOM","CE","MCX_FO"
"MCX_FO|430091","430091","SILVERM25FEB88250CE","SILVER","6842.0","2025-02-19","88250","50.0","5","FUTCOM","CE","MCX_FO"
"MCX_FO|428382","428382","GOLD24SEP59200CE","GOLD","8906.5","2024-09-24","59200","50.0","1","FUTCOM","CE","MCX_FO"
"MCX_FO|433605","433605","SILVERM25APR90250CE","SILVER","7879.5","2025-04-21","90250","50.0","5","FUTCOM","CE","MCX_FO"
"MCX_FO|426787","426787","SILVER24AUG84000PE","SILVER","3973.5","2024-08-27","84000","50.0","30","FUTCOM","PE","MCX_FO"
"MCX_FO|429550","429550","GOLD24SEP68900CE","GOLD","2445.0","2024-09-24","68900","50.0","1","FUTCOM","CE","MCX_FO"
"MCX_FO|431130","431130","GOLD25JAN74300CE","GOLD","3009.0","2025-01-27","74300","50.0","1","FUTCOM","CE","MCX_FO"
"MCX_FO|434378","434378","CRUDEOIL24AUG5400PE","CRUDE OIL","0.1","2024-08-14","5400","10.0","100","FUTCOM","PE","MCX_FO"
"MCX_FO|429271","429271","GOLD24SEP67900CE","GOLD","2890.0","2024-09-24","67900","50.0","1","FUTCOM","CE","MCX_FO"
"MCX_FO|435085","435085","SILVER24NOV104750CE","SILVER","975.5","2024-11-26","104750","50.0","30","FUTCOM","CE","MCX_FO"
"MCX_FO|437513","437513","SILVERM25JUN89250CE","SILVER","10453.0","2025-06-19","89250","50.0","5","FUTCOM","CE","MCX_FO"
"MCX_FO|436844","436844","GOLDM24AUG76900PE","GOLD","9196.5","2024-08-27","76900","50.0","100","FUTCOM","PE","MCX_FO"
"MCX_FO|431615","431615","GOLD24NOV74600PE","GOLD","7736.0","2024-11-26","74600","50.0","1","FUTCOM","PE","MCX_FO"
"MCX_FO|433775","433775","SILVER25FEB99500PE","SILVER","16719.5","2025-02-24","99500","50.0","30","FUTCOM","PE","MCX_FO"
"MCX_FO|434777","434777","SILVERM25APR108000CE","SILVER","2994.5","2025-04-21","108000","50.0","5","FUTCOM","CE","MCX_FO"
"MCX_FO|430849","430849","SILVER24AUG87500CE","SILVER","688.0","2024-08-27","87500","50.0","30","FUTCOM","CE","MCX_FO"
"MCX_FO|437853","437853","NATURALGAS24OCT265PE","NATURALGAS","0.0","2024-10-24","265","5.0","1250","FUTCOM","PE","MCX_FO"
"MCX_FO|430919","430919","SILVERM25FEB91750CE","SILVER","5561.0","2025-02-19","91750","50.0","5","FUTCOM","CE","MCX_FO"
"MCX_FO|427902","427902","SILVERM24AUG69250PE","SILVER","92.5","2024-08-21","69250","50.0","5","FUTCOM","PE","MCX_FO"
"MCX_FO|436608","436608","SILVER25JUN98250CE","SILVER","6835.5","2025-06-25","98250","50.0","30","FUTCOM","CE","MCX_FO"
"MCX_FO|430283","430283","GOLD24NOV70800PE","GOLD","5179.5","2024-11-26","70800","50.0","1","FUTCOM","PE","MCX_FO"
"MCX_FO|437798","437798","NATGASMINI24OCT225PE","NATURALGAS","0.0","2024-10-24","225","5.0","250","FUTCOM","PE","MCX_FO"
"MCX_FO|436617","436617","SILVER25JUN96000CE","SILVER","7521.0","2025-06-25","96000","50.0","30","FUTCOM","CE","MCX_FO"
"MCX_FO|431460","431460","GOLD25JAN74500PE","GOLD","8525.5","2025-01-27","74500","50.0","1","FUTCOM","PE","MCX_FO"
"MCX_FO|437868","437868","CRUDEOILM24OCT5100PE","CRUDE OIL","0.0","2024-10-17","5100","5.0","10","FUTCOM","PE","MCX_FO"
"MCX_FO|428275","428275","GOLD24NOV59500CE","GOLD","9466.0","2024-11-26","59500","50.0","1","FUTCOM","CE","MCX_FO"
"MCX_FO|436068","436068","COPPER24AUG815CE","COPPER","7.01","2024-08-21","815","1.0","2500","FUTCOM","CE","MCX_FO"
"MCX_FO|429926","429926","SILVER25FEB78750PE","SILVER","4797.0","2025-02-24","78750","50.0","30","FUTCOM","PE","MCX_FO"
"MCX_FO|426738","426738","SILVER24AUG84250CE","SILVER","2037.5","2024-08-27","84250","50.0","30","FUTCOM","CE","MCX_FO"
"MCX_FO|437821","437821","NATURALGAS24OCT255CE","NATURALGAS","0.0","2024-10-24","255","5.0","1250","FUTCOM","CE","MCX_FO"
"MCX_FO|437038","437038","CRUDEOIL24OCT5400PE","CRUDE OIL","0.6","2024-10-17","5400","10.0","100","FUTCOM","PE","MCX_FO"
"MCX_FO|437766","437766","SILVERM25APR85250PE","SILVER","7002.0","2025-04-21","85250","50.0","5","FUTCOM","PE","MCX_FO"
"MCX_FO|437748","437748","SILVERM25APR82500CE","SILVER","11457.5","2025-04-21","82500","50.0","5","FUTCOM","CE","MCX_FO"
"MCX_FO|431610","431610","GOLD24SEP74300PE","GOLD","7214.0","2024-09-24","74300","50.0","1","FUTCOM","PE","MCX_FO"
"MCX_FO|436706","436706","SILVERM25JUN98750CE","SILVER","7165.5","2025-06-19","98750","50.0","5","FUTCOM","CE","MCX_FO"
"MCX_FO|435131","435131","NATURALGAS24AUG220PE","NATURALGAS","47.75","2024-08-23","220","5.0","1250","FUTCOM","PE","MCX_FO"
"MCX_FO|431537","431537","SILVERM24AUG90000CE","SILVER","436.0","2024-08-21","90000","50.0","5","FUTCOM","CE","MCX_FO"
"MCX_FO|436029","436029","CRUDEOILM24SEP7650PE","CRUDE OIL","1144.95","2024-09-17","7650","5.0","10","FUTCOM","PE","MCX_FO"
"MCX_FO|435921","435921","CRUDEOIL24SEP7350PE","CRUDE OIL","855.8","2024-09-17","7350","10.0","100","FUTCOM","PE","MCX_FO"
"MCX_FO|433690","433690","SILVERM25APR86000PE","SILVER","7358.5","2025-04-21","86000","50.0","5","FUTCOM","PE","MCX_FO"
"MCX_FO|436017","436017","CRUDEOILM24SEP7050PE","CRUDE OIL","573.2","2024-09-17","7050","5.0","10","FUTCOM","PE","MCX_FO"
"MCX_FO|435406","435406","ZINC24SEP250PE","ZINC","12.22","2024-09-19","250","1.0","5","FUTCOM","PE","MCX_FO"
"MCX_FO|433787","433787","SILVER25APR100500PE","SILVER","17385.5","2025-04-24","100500","50.0","30","FUTCOM","PE","MCX_FO"
"MCX_FO|429190","429190","GOLD25JAN67300CE","GOLD","5727.0","2025-01-27","67300","50.0","1","FUTCOM","CE","MCX_FO"
"MCX_FO|434215","434215","SILVERM24NOV98000PE","SILVER","15675.0","2024-11-20","98000","50.0","5","FUTCOM","PE","MCX_FO"
"MCX_FO|434130","434130","SILVERM24AUG97250CE","SILVER","70.5","2024-08-21","97250","50.0","5","FUTCOM","CE","MCX_FO"
"MCX_FO|426541","426541","GOLD24SEP62600CE","GOLD","6134.0","2024-09-24","62600","50.0","1","FUTCOM","CE","MCX_FO"
"MCX_FO|432082","432082","SILVER24NOV95250PE","SILVER","13843.0","2024-11-26","95250","50.0","30","FUTCOM","PE","MCX_FO"
"MCX_FO|434739","434739","SILVERM24NOV102750CE","SILVER","1022.0","2024-11-20","102750","50.0","5","FUTCOM","CE","MCX_FO"
"MCX_FO|434398","434398","CRUDEOIL24AUG7550PE","CRUDE OIL","974.5","2024-08-14","7550","10.0","100","FUTCOM","PE","MCX_FO"
"MCX_FO|436124","436124","NATURALGAS24SEP240PE","NATURALGAS","55.75","2024-09-23","240","5.0","1250","FUTCOM","PE","MCX_FO"
"MCX_FO|429701","429701","GOLD25JAN70100CE","GOLD","4478.0","2025-01-27","70100","50.0","1","FUTCOM","CE","MCX_FO"
"MCX_FO|435941","435941","CRUDEOILM24SEP6450CE","CRUDE OIL","192.15","2024-09-17","6450","5.0","10","FUTCOM","CE","MCX_FO"
"MCX_FO|429894","429894","SILVER25FEB84000CE","SILVER","9014.0","2025-02-24","84000","50.0","30","FUTCOM","CE","MCX_FO"
"MCX_FO|431825","431825","GOLD24SEP75700PE","GOLD","8369.0","2024-09-24","75700","50.0","1","FUTCOM","PE","MCX_FO"
"MCX_FO|432005","432005","GOLD25MAR73600PE","GOLD","8224.5","2025-03-26","73600","50.0","1","FUTCOM","PE","MCX_FO"
"MCX_FO|437443","437443","GOLDM24SEP68200PE","GOLD","2849.0","2024-09-24","68200","50.0","100","FUTCOM","PE","MCX_FO"
"MCX_FO|430274","430274","GOLD24NOV71000CE","GOLD","2753.0","2024-11-26","71000","50.0","1","FUTCOM","CE","MCX_FO"
"MCX_FO|436179","436179","NATGASMINI24SEP295CE","NATURALGAS","0.45","2024-09-23","295","5.0","250","FUTCOM","CE","MCX_FO"
"MCX_FO|435901","435901","CRUDEOIL24SEP5700PE","CRUDE OIL","4.8","2024-09-17","5700","10.0","100","FUTCOM","PE","MCX_FO"
"MCX_FO|430040","430040","SILVERM25FEB80500PE","SILVER","5049.0","2025-02-19","80500","50.0","5","FUTCOM","PE","MCX_FO"
"MCX_FO|435401","435401","ZINC24SEP262.5PE","ZINC","19.49","2024-09-19","262.5","1.0","5","FUTCOM","PE","MCX_FO"
"MCX_FO|434137","434137","SILVERM24NOV97000CE","SILVER","1821.0","2024-11-20","97000","50.0","5","FUTCOM","CE","MCX_FO"
"MCX_FO|426755","426755","SILVER24AUG73750PE","SILVER","670.5","2024-08-27","73750","50.0","30","FUTCOM","PE","MCX_FO"
"MCX_FO|432186","432186","GOLD24NOV75600PE","GOLD","8483.0","2024-11-26","75600","50.0","1","FUTCOM","PE","MCX_FO"
"MCX_FO|434932","434932","CRUDEOILM24AUG7350CE","CRUDE OIL","0.6","2024-08-14","7350","5.0","10","FUTCOM","CE","MCX_FO"
"MCX_FO|434158","434158","SILVERM25FEB100500CE","SILVER","3198.5","2025-02-19","100500","50.0","5","FUTCOM","CE","MCX_FO"
"MCX_FO|437179","437179","CRUDEOILM24OCT6650PE","CRUDE OIL","399.6","2024-10-17","6650","5.0","10","FUTCOM","PE","MCX_FO"
"MCX_FO|434915","434915","CRUDEOILM24AUG5450CE","CRUDE OIL","1114.65","2024-08-14","5450","5.0","10","FUTCOM","CE","MCX_FO"
"MCX_FO|427940","427940","SILVERM24NOV70500CE","SILVER","14082.0","2024-11-20","70500","50.0","5","FUTCOM","CE","MCX_FO"
"MCX_FO|432018","432018","GOLD25MAR74900PE","GOLD","9055.0","2025-03-26","74900","50.0","1","FUTCOM","PE","MCX_FO"
"MCX_FO|427705","427705","SILVER24NOV72250CE","SILVER","12818.5","2024-11-26","72250","50.0","30","FUTCOM","CE","MCX_FO"
"MCX_FO|434985","434985","CRUDEOILM24AUG7500PE","CRUDE OIL","927.5","2024-08-14","7500","5.0","10","FUTCOM","PE","MCX_FO"
"MCX_FO|427160","427160","GOLD24NOV62400CE","GOLD","7296.0","2024-11-26","62400","50.0","1","FUTCOM","CE","MCX_FO"
"MCX_FO|433596","433596","SILVERM24NOV95250CE","SILVER","2153.0","2024-11-20","95250","50.0","5","FUTCOM","CE","MCX_FO"
"MCX_FO|436469","436469","GOLDM24SEP75700CE","GOLD","567.0","2024-09-24","75700","50.0","100","FUTCOM","CE","MCX_FO"
"MCX_FO|433984","433984","SILVER24AUG97750CE","SILVER","115.5","2024-08-27","97750","50.0","30","FUTCOM","CE","MCX_FO"
"MCX_FO|426809","426809","SILVERM24AUG72750CE","SILVER","8988.5","2024-08-21","72750","50.0","5","FUTCOM","CE","MCX_FO"
"MCX_FO|434839","434839","SILVERM25FEB103750PE","SILVER","19462.0","2025-02-19","103750","50.0","5","FUTCOM","PE","MCX_FO"
"MCX_FO|437583","437583","GOLD25MAY68200CE","GOLD","6906.5","2025-05-27","68200","50.0","1","FUTCOM","CE","MCX_FO"
"MCX_FO|437713","437713","SILVER25APR82500PE","SILVER","6810.0","2025-04-24","82500","50.0","30","FUTCOM","PE","MCX_FO"
"MCX_FO|437528","437528","SILVERM25JUN89750PE","SILVER","11133.0","2025-06-19","89750","50.0","5","FUTCOM","PE","MCX_FO"
"MCX_FO|426746","426746","SILVER24AUG76000PE","SILVER","1162.0","2024-08-27","76000","50.0","30","FUTCOM","PE","MCX_FO"
"MCX_FO|437001","437001","CRUDEOIL24OCT7100CE","CRUDE OIL","12.2","2024-10-17","7100","10.0","100","FUTCOM","CE","MCX_FO"
"MCX_FO|436470","436470","GOLDM24SEP73100PE","GOLD","6037.5","2024-09-24","73100","50.0","100","FUTCOM","PE","MCX_FO"
"MCX_FO|433497","433497","SILVER25APR93000CE","SILVER","6831.5","2025-04-24","93000","50.0","30","FUTCOM","CE","MCX_FO"
"MCX_FO|437573","437573","GOLD25MAR67200CE","GOLD","6538.5","2025-03-26","67200","50.0","1","FUTCOM","CE","MCX_FO"
"MCX_FO|435392","435392","ZINC24SEP250CE","ZINC","13.26","2024-09-19","250","1.0","5","FUTCOM","CE","MCX_FO"
"MCX_FO|434431","434431","GOLD25MAR78000CE","GOLD","2702.5","2025-03-26","78000","50.0","1","FUTCOM","CE","MCX_FO"
"MCX_FO|433422","433422","GOLD25MAR76900PE","GOLD","10401.5","2025-03-26","76900","50.0","1","FUTCOM","PE","MCX_FO"
"MCX_FO|437423","437423","GOLDM24AUG67600PE","GOLD","1405.0","2024-08-27","67600","50.0","100","FUTCOM","PE","MCX_FO"
"MCX_FO|432145","432145","GOLD24NOV75700CE","GOLD","1422.5","2024-11-26","75700","50.0","1","FUTCOM","CE","MCX_FO"
"MCX_FO|437757","437757","SILVERM25JUN84500CE","SILVER","12518.5","2025-06-19","84500","50.0","5","FUTCOM","CE","MCX_FO"
"MCX_FO|436992","436992","CRUDEOIL24OCT6650CE","CRUDE OIL","78.5","2024-10-17","6650","10.0","100","FUTCOM","CE","MCX_FO"
"MCX_FO|427909","427909","GOLD24SEP60900CE","GOLD","7465.5","2024-09-24","60900","50.0","1","FUTCOM","CE","MCX_FO"
"MCX_FO|426658","426658","GOLD24SEP63600PE","GOLD","1190.0","2024-09-24","63600","50.0","1","FUTCOM","PE","MCX_FO"
"MCX_FO|437052","437052","CRUDEOIL24OCT7050PE","CRUDE OIL","646.0","2024-10-17","7050","10.0","100","FUTCOM","PE","MCX_FO"
"MCX_FO|433624","433624","SILVERM25APR85500CE","SILVER","9951.0","2025-04-21","85500","50.0","5","FUTCOM","CE","MCX_FO"
"MCX_FO|434121","434121","SILVERM24AUG95000CE","SILVER","233.0","2024-08-21","95000","50.0","5","FUTCOM","CE","MCX_FO"
"MCX_FO|437297","437297","GOLD25MAY69700PE","GOLD","6400.0","2025-05-27","69700","50.0","1","FUTCOM","PE","MCX_FO"
"MCX_FO|426866","426866","SILVERM24NOV80250CE","SILVER","7551.0","2024-11-20","80250","50.0","5","FUTCOM","CE","MCX_FO"
"MCX_FO|427868","427868","SILVERM24AUG69500CE","SILVER","11986.0","2024-08-21","69500","50.0","5","FUTCOM","CE","MCX_FO"
"MCX_FO|435214","435214","NATGASMINI24AUG200CE","NATURALGAS","4.45","2024-08-23","200","5.0","250","FUTCOM","CE","MCX_FO"
"MCX_FO|431168","431168","GOLD24NOV73100PE","GOLD","6670.5","2024-11-26","73100","50.0","1","FUTCOM","PE","MCX_FO"
"MCX_FO|427704","427704","SILVER24NOV72500CE","SILVER","12636.5","2024-11-26","72500","50.0","30","FUTCOM","CE","MCX_FO"
"MCX_FO|428423","428423","GOLD24SEP58400PE","GOLD","256.0","2024-09-24","58400","50.0","1","FUTCOM","PE","MCX_FO"
"MCX_FO|436539","436539","NATURALGAS24SEP130PE","NATURALGAS","0.6","2024-09-23","130","5.0","1250","FUTCOM","PE","MCX_FO"
"MCX_FO|435871","435871","CRUDEOIL24SEP7400CE","CRUDE OIL","5.3","2024-09-17","7400","10.0","100","FUTCOM","CE","MCX_FO"
"MCX_FO|427714","427714","SILVER24AUG69750PE","SILVER","203.5","2024-08-27","69750","50.0","30","FUTCOM","PE","MCX_FO"
"MCX_FO|428439","428439","GOLD24NOV57700PE","GOLD","510.5","2024-11-26","57700","50.0","1","FUTCOM","PE","MCX_FO"
"MCX_FO|426547","426547","GOLD24SEP62000CE","GOLD","6590.0","2024-09-24","62000","50.0","1","FUTCOM","CE","MCX_FO"
"MCX_FO|437215","437215","SILVER25JUN91500CE","SILVER","9069.5","2025-06-25","91500","50.0","30","FUTCOM","CE","MCX_FO"
"MCX_FO|431495","431495","SILVER24AUG90750CE","SILVER","593.5","2024-08-27","90750","50.0","30","FUTCOM","CE","MCX_FO"
"MCX_FO|435161","435161","SILVER24AUG103500CE","SILVER","24.5","2024-08-27","103500","50.0","30","FUTCOM","CE","MCX_FO"
"MCX_FO|436351","436351","NATURALGAS24AUG130CE","NATURALGAS","45.65","2024-08-23","130","5.0","1250","FUTCOM","CE","MCX_FO"
"MCX_FO|434890","434890","ZINC24AUG292.5PE","ZINC","39.94","2024-08-21","292.5","1.0","5","FUTCOM","PE","MCX_FO"
"MCX_FO|430552","430552","GOLD24SEP70800CE","GOLD","1740.5","2024-09-24","70800","50.0","1","FUTCOM","CE","MCX_FO"
"MCX_FO|436672","436672","SILVER25JUN94750PE","SILVER","13755.0","2025-06-25","94750","50.0","30","FUTCOM","PE","MCX_FO"
"MCX_FO|437167","437167","CRUDEOILM24OCT5800PE","CRUDE OIL","52.45","2024-10-17","5800","5.0","10","FUTCOM","PE","MCX_FO"
"MCX_FO|437170","437170","CRUDEOILM24OCT5650PE","CRUDE OIL","30.9","2024-10-17","5650","5.0","10","FUTCOM","PE","MCX_FO"
"MCX_FO|437151","437151","CRUDEOILM24SEP5350PE","CRUDE OIL","0.2","2024-09-17","5350","5.0","10","FUTCOM","PE","MCX_FO"
"MCX_FO|428982","428982","GOLD25JAN65900PE","GOLD","3719.5","2025-01-27","65900","50.0","1","FUTCOM","PE","MCX_FO"
"MCX_FO|433728","433728","GOLD24SEP76100CE","GOLD","578.0","2024-09-24","76100","50.0","1","FUTCOM","CE","MCX_FO"
"MCX_FO|436739","436739","SILVERM25JUN103250CE","SILVER","5951.0","2025-06-19","103250","50.0","5","FUTCOM","CE","MCX_FO"
"MCX_FO|436102","436102","NATURALGAS24SEP200CE","NATURALGAS","10.3","2024-09-23","200","5.0","1250","FUTCOM","CE","MCX_FO"
"MCX_FO|434543","434543","SILVER24AUG100250CE","SILVER","60.0","2024-08-27","100250","50.0","30","FUTCOM","CE","MCX_FO"
"MCX_FO|429579","429579","GOLD24SEP68400PE","GOLD","3182.5","2024-09-24","68400","50.0","1","FUTCOM","PE","MCX_FO"
"MCX_FO|436981","436981","CRUDEOIL24OCT5650CE","CRUDE OIL","751.3","2024-10-17","5650","10.0","100","FUTCOM","CE","MCX_FO"
"MCX_FO|431569","431569","SILVERM25FEB95000PE","SILVER","13039.5","2025-02-19","95000","50.0","5","FUTCOM","PE","MCX_FO"
"MCX_FO|437005","437005","CRUDEOIL24OCT7300CE","CRUDE OIL","4.5","2024-10-17","7300","10.0","100","FUTCOM","CE","MCX_FO"
"MCX_FO|426766","426766","SILVER24AUG78750PE","SILVER","2058.0","2024-08-27","78750","50.0","30","FUTCOM","PE","MCX_FO"
"MCX_FO|436859","436859","SILVER25JUN107500CE","SILVER","4561.0","2025-06-25","107500","50.0","30","FUTCOM","CE","MCX_FO"
"MCX_FO|427243","427243","GOLD24NOV66200PE","GOLD","2789.0","2024-11-26","66200","50.0","1","FUTCOM","PE","MCX_FO"
"MCX_FO|434804","434804","SILVERM24AUG100250PE","SILVER","18733.0","2024-08-21","100250","50.0","5","FUTCOM","PE","MCX_FO"
"MCX_FO|437270","437270","COPPER24OCT780PE","COPPER","21.19","2024-10-22","780","1.0","2500","FUTCOM","PE","MCX_FO"
"MCX_FO|428735","428735","SILVERM24NOV69500CE","SILVER","14879.5","2024-11-20","69500","50.0","5","FUTCOM","CE","MCX_FO"
"MCX_FO|428822","428822","GOLD25JAN61900PE","GOLD","2220.0","2025-01-27","61900","50.0","1","FUTCOM","PE","MCX_FO"
"MCX_FO|435116","435116","NATURALGAS24AUG250CE","NATURALGAS","0.65","2024-08-23","250","5.0","1250","FUTCOM","CE","MCX_FO"
"MCX_FO|437769","437769","SILVERM25APR84500PE","SILVER","6655.5","2025-04-21","84500","50.0","5","FUTCOM","PE","MCX_FO"
"MCX_FO|429204","429204","GOLD25JAN67500PE","GOLD","4454.5","2025-01-27","67500","50.0","1","FUTCOM","PE","MCX_FO"
"MCX_FO|431802","431802","GOLD24SEP75500CE","GOLD","662.5","2024-09-24","75500","50.0","1","FUTCOM","CE","MCX_FO"
"MCX_FO|435796","435796","GOLD25MAY74400PE","GOLD","9079.0","2025-05-27","74400","50.0","1","FUTCOM","PE","MCX_FO"
"MCX_FO|433711","433711","SILVERM25APR96500PE","SILVER","13300.5","2025-04-21","96500","50.0","5","FUTCOM","PE","MCX_FO"
"MCX_FO|433642","433642","SILVERM25APR96250CE","SILVER","5771.0","2025-04-21","96250","50.0","5","FUTCOM","CE","MCX_FO"
"MCX_FO|434541","434541","SILVER24AUG99750CE","SILVER","68.5","2024-08-27","99750","50.0","30","FUTCOM","CE","MCX_FO"
"MCX_FO|431396","431396","SILVERM24NOV90250PE","SILVER","9845.0","2024-11-20","90250","50.0","5","FUTCOM","PE","MCX_FO"
"MCX_FO|433679","433679","SILVERM25APR88750PE","SILVER","8746.0","2025-04-21","88750","50.0","5","FUTCOM","PE","MCX_FO"
"MCX_FO|427158","427158","GOLD24NOV62600CE","GOLD","7157.5","2024-11-26","62600","50.0","1","FUTCOM","CE","MCX_FO"
"MCX_FO|435864","435864","CRUDEOIL24SEP7050CE","CRUDE OIL","26.3","2024-09-17","7050","10.0","100","FUTCOM","CE","MCX_FO"
"MCX_FO|431541","431541","SILVERM24NOV91250CE","SILVER","3109.0","2024-11-20","91250","50.0","5","FUTCOM","CE","MCX_FO"
"MCX_FO|426785","426785","SILVER24AUG83500PE","SILVER","3613.5","2024-08-27","83500","50.0","30","FUTCOM","PE","MCX_FO"
"MCX_FO|436542","436542","GOLD25MAY77600CE","GOLD","3554.5","2025-05-27","77600","50.0","1","FUTCOM","CE","MCX_FO"
"MCX_FO|427290","427290","SILVER24NOV84250CE","SILVER","5822.5","2024-11-26","84250","50.0","30","FUTCOM","CE","MCX_FO"
"MCX_FO|426797","426797","SILVERM24AUG75750CE","SILVER","6491.0","2024-08-21","75750","50.0","5","FUTCOM","CE","MCX_FO"
"MCX_FO|435812","435812","GOLD25MAY75200CE","GOLD","4245.0","2025-05-27","75200","50.0","1","FUTCOM","CE","MCX_FO"
"MCX_FO|435207","435207","NATGASMINI24AUG235CE","NATURALGAS","0.3","2024-08-23","235","5.0","250","FUTCOM","CE","MCX_FO"
"MCX_FO|436082","436082","COPPER24AUG810CE","COPPER","13.36","2024-08-21","810","1.0","2500","FUTCOM","CE","MCX_FO"
"MCX_FO|429970","429970","SILVERM25FEB77500CE","SILVER","12214.0","2025-02-19","77500","50.0","5","FUTCOM","CE","MCX_FO"
"MCX_FO|437670","437670","GOLDM24SEP65700PE","GOLD","1716.0","2024-09-24","65700","50.0","100","FUTCOM","PE","MCX_FO"
"MCX_FO|437388","437388","GOLDM24SEP70000CE","GOLD","1936.0","2024-09-24","70000","50.0","100","FUTCOM","CE","MCX_FO"
"MCX_FO|435012","435012","CRUDEOILM24AUG5250CE","CRUDE OIL","1313.9","2024-08-14","5250","5.0","10","FUTCOM","CE","MCX_FO"
"MCX_FO|435983","435983","CRUDEOILM24SEP7900CE","CRUDE OIL","0.2","2024-09-17","7900","5.0","10","FUTCOM","CE","MCX_FO"
"MCX_FO|437060","437060","CRUDEOIL24OCT7450PE","CRUDE OIL","1026.1","2024-10-17","7450","10.0","100","FUTCOM","PE","MCX_FO"
"MCX_FO|427190","427190","GOLD24NOV66300CE","GOLD","4871.0","2024-11-26","66300","50.0","1","FUTCOM","CE","MCX_FO"
"MCX_FO|433808","433808","SILVERM24NOV96250PE","SILVER","14270.5","2024-11-20","96250","50.0","5","FUTCOM","PE","MCX_FO"
"MCX_FO|429549","429549","GOLD24SEP68800CE","GOLD","2487.0","2024-09-24","68800","50.0","1","FUTCOM","CE","MCX_FO"
"MCX_FO|431456","431456","GOLD24NOV74200PE","GOLD","7445.5","2024-11-26","74200","50.0","1","FUTCOM","PE","MCX_FO"
"MCX_FO|436697","436697","SILVER25JUN105500PE","SILVER","20885.5","2025-06-25","105500","50.0","30","FUTCOM","PE","MCX_FO"
"MCX_FO|436171","436171","NATGASMINI24SEP255CE","NATURALGAS","1.9","2024-09-23","255","5.0","250","FUTCOM","CE","MCX_FO"
"MCX_FO|436301","436301","ZINC24OCT250PE","ZINC","24.88","2024-10-22","250","1.0","5","FUTCOM","PE","MCX_FO"
"MCX_FO|428841","428841","GOLD25JAN63300PE","GOLD","2690.0","2025-01-27","63300","50.0","1","FUTCOM","PE","MCX_FO"
"MCX_FO|437650","437650","GOLDM24AUG66400PE","GOLD","1434.0","2024-08-27","66400","50.0","100","FUTCOM","PE","MCX_FO"
"MCX_FO|427325","427325","SILVER24NOV80500PE","SILVER","4691.5","2024-11-26","80500","50.0","30","FUTCOM","PE","MCX_FO"
"MCX_FO|433560","433560","SILVER25APR92250PE","SILVER","11971.5","2025-04-24","92250","50.0","30","FUTCOM","PE","MCX_FO"
"MCX_FO|437925","437925","NATGASMINI24OCT285PE","NATURALGAS","0.0","2024-10-24","285","5.0","250","FUTCOM","PE","MCX_FO"
"MCX_FO|433493","433493","SILVER25APR92000CE","SILVER","7174.0","2025-04-24","92000","50.0","30","FUTCOM","CE","MCX_FO"
"MCX_FO|434337","434337","CRUDEOIL24AUG7000CE","CRUDE OIL","26.1","2024-08-14","7000","10.0","100","FUTCOM","CE","MCX_FO"
"MCX_FO|435221","435221","NATGASMINI24AUG165CE","NATURALGAS","17.0","2024-08-23","165","5.0","250","FUTCOM","CE","MCX_FO"
"MCX_FO|434169","434169","SILVERM25APR101750CE","SILVER","4275.0","2025-04-21","101750","50.0","5","FUTCOM","CE","MCX_FO"
"MCX_FO|434743","434743","SILVERM24NOV103750CE","SILVER","920.5","2024-11-20","103750","50.0","5","FUTCOM","CE","MCX_FO"
"MCX_FO|436781","436781","SILVERM25JUN101250PE","SILVER","18133.0","2025-06-19","101250","50.0","5","FUTCOM","PE","MCX_FO"
"MCX_FO|437848","437848","NATURALGAS24OCT240PE","NATURALGAS","0.0","2024-10-24","240","5.0","1250","FUTCOM","PE","MCX_FO"
"MCX_FO|436278","436278","NATURALGAS24AUG145CE","NATURALGAS","31.5","2024-08-23","145","5.0","1250","FUTCOM","CE","MCX_FO"
"MCX_FO|428785","428785","GOLD25JAN60600CE","GOLD","9665.0","2025-01-27","60600","50.0","1","FUTCOM","CE","MCX_FO"
"MCX_FO|431850","431850","SILVER24NOV94250CE","SILVER","2591.0","2024-11-26","94250","50.0","30","FUTCOM","CE","MCX_FO"
"MCX_FO|436500","436500","GOLDM24SEP73800PE","GOLD","6581.5","2024-09-24","73800","50.0","100","FUTCOM","PE","MCX_FO"
"MCX_FO|427930","427930","SILVER24AUG68750CE","SILVER","12644.0","2024-08-27","68750","50.0","30","FUTCOM","CE","MCX_FO"
"MCX_FO|429953","429953","SILVER25FEB86250PE","SILVER","8267.0","2025-02-24","86250","50.0","30","FUTCOM","PE","MCX_FO"
"MCX_FO|431950","431950","GOLD25MAR74500CE","GOLD","3660.5","2025-03-26","74500","50.0","1","FUTCOM","CE","MCX_FO"
"MCX_FO|435164","435164","SILVER24NOV105500CE","SILVER","906.0","2024-11-26","105500","50.0","30","FUTCOM","CE","MCX_FO"
"MCX_FO|428774","428774","GOLD25JAN61700CE","GOLD","8927.0","2025-01-27","61700","50.0","1","FUTCOM","CE","MCX_FO"
"MCX_FO|434370","434370","CRUDEOIL24AUG5800PE","CRUDE OIL","0.7","2024-08-14","5800","10.0","100","FUTCOM","PE","MCX_FO"
"MCX_FO|434928","434928","CRUDEOILM24AUG7150CE","CRUDE OIL","3.35","2024-08-14","7150","5.0","10","FUTCOM","CE","MCX_FO"
"MCX_FO|434140","434140","SILVERM24NOV97750CE","SILVER","1692.5","2024-11-20","97750","50.0","5","FUTCOM","CE","MCX_FO"
"MCX_FO|433769","433769","SILVER24AUG94750PE","SILVER","13575.0","2024-08-27","94750","50.0","30","FUTCOM","PE","MCX_FO"
"MCX_FO|434072","434072","SILVER24NOV99250PE","SILVER","17026.0","2024-11-26","99250","50.0","30","FUTCOM","PE","MCX_FO"
"MCX_FO|429928","429928","SILVER25FEB78000PE","SILVER","4508.5","2025-02-24","78000","50.0","30","FUTCOM","PE","MCX_FO"
"MCX_FO|430900","430900","SILVERM24AUG87250CE","SILVER","951.5","2024-08-21","87250","50.0","5","FUTCOM","CE","MCX_FO"
"MCX_FO|434907","434907","CRUDEOILM24AUG5850CE","CRUDE OIL","716.6","2024-08-14","5850","5.0","10","FUTCOM","CE","MCX_FO"
"MCX_FO|427152","427152","GOLD24NOV63200CE","GOLD","6750.5","2024-11-26","63200","50.0","1","FUTCOM","CE","MCX_FO"
"MCX_FO|431562","431562","SILVERM24NOV91000PE","SILVER","10361.0","2024-11-20","91000","50.0","5","FUTCOM","PE","MCX_FO"
"MCX_FO|434179","434179","SILVERM25APR104250CE","SILVER","3714.5","2025-04-21","104250","50.0","5","FUTCOM","CE","MCX_FO"
"MCX_FO|436762","436762","SILVERM25JUN97250PE","SILVER","15531.0","2025-06-19","97250","50.0","5","FUTCOM","PE","MCX_FO"
"MCX_FO|426805","426805","SILVERM24AUG73750CE","SILVER","8120.0","2024-08-21","73750","50.0","5","FUTCOM","CE","MCX_FO"
"MCX_FO|426834","426834","SILVERM24AUG83250CE","SILVER","3678.0","2024-08-21","83250","50.0","5","FUTCOM","CE","MCX_FO"
"MCX_FO|437881","437881","NATGASMINI24OCT160CE","NATURALGAS","0.0","2024-10-24","160","5.0","250","FUTCOM","CE","MCX_FO"
"MCX_FO|434896","434896","CRUDEOILM24AUG6400CE","CRUDE OIL","203.35","2024-08-14","6400","5.0","10","FUTCOM","CE","MCX_FO"
"MCX_FO|436018","436018","CRUDEOILM24SEP7100PE","CRUDE OIL","618.1","2024-09-17","7100","5.0","10","FUTCOM","PE","MCX_FO"
"MCX_FO|437420","437420","GOLDM24AUG67900PE","GOLD","2132.0","2024-08-27","67900","50.0","100","FUTCOM","PE","MCX_FO"
"MCX_FO|434750","434750","SILVERM25FEB103000CE","SILVER","2708.5","2025-02-19","103000","50.0","5","FUTCOM","CE","MCX_FO"
"MCX_FO|435529","435529","GOLDM24AUG74000CE","GOLD","81.5","2024-08-27","74000","50.0","100","FUTCOM","CE","MCX_FO"
"MCX_FO|431496","431496","SILVER24NOV92000CE","SILVER","3143.5","2024-11-26","92000","50.0","30","FUTCOM","CE","MCX_FO"
"MCX_FO|427716","427716","SILVER24NOV72750PE","SILVER","1962.5","2024-11-26","72750","50.0","30","FUTCOM","PE","MCX_FO"
"MCX_FO|435371","435371","COPPER24SEP925CE","COPPER","0.94","2024-09-19","925","1.0","2500","FUTCOM","CE","MCX_FO"
"MCX_FO|437340","437340","GOLDM24AUG67800CE","GOLD","900.0","2024-08-27","67800","50.0","100","FUTCOM","CE","MCX_FO"
"MCX_FO|428762","428762","GOLD25JAN62900PE","GOLD","2550.0","2025-01-27","62900","50.0","1","FUTCOM","PE","MCX_FO"
"MCX_FO|433602","433602","SILVERM25APR91000CE","SILVER","7586.5","2025-04-21","91000","50.0","5","FUTCOM","CE","MCX_FO"
"MCX_FO|435985","435985","CRUDEOILM24SEP8000CE","CRUDE OIL","0.1","2024-09-17","8000","5.0","10","FUTCOM","CE","MCX_FO"
"MCX_FO|436809","436809","GOLD25MAY78300CE","GOLD","3372.0","2025-05-27","78300","50.0","1","FUTCOM","CE","MCX_FO"
"MCX_FO|434772","434772","SILVERM25APR106750CE","SILVER","3219.5","2025-04-21","106750","50.0","5","FUTCOM","CE","MCX_FO"
"MCX_FO|433565","433565","SILVER25APR93500PE","SILVER","12735.5","2025-04-24","93500","50.0","30","FUTCOM","PE","MCX_FO"
"MCX_FO|426665","426665","GOLD24SEP64300PE","GOLD","1405.0","2024-09-24","64300","50.0","1","FUTCOM","PE","MCX_FO"
"MCX_FO|434318","434318","CRUDEOIL24AUG5900CE","CRUDE OIL","671.3","2024-08-14","5900","10.0","100","FUTCOM","CE","MCX_FO"
"MCX_FO|436743","436743","SILVERM25JUN104250CE","SILVER","5707.5","2025-06-19","104250","50.0","5","FUTCOM","CE","MCX_FO"
"MCX_FO|436172","436172","NATGASMINI24SEP260CE","NATURALGAS","1.6","2024-09-23","260","5.0","250","FUTCOM","CE","MCX_FO"
"MCX_FO|436847","436847","GOLDM24SEP76700PE","GOLD","9009.0","2024-09-24","76700","50.0","100","FUTCOM","PE","MCX_FO"
"MCX_FO|427255","427255","SILVER24NOV77750CE","SILVER","9163.5","2024-11-26","77750","50.0","30","FUTCOM","CE","MCX_FO"
"MCX_FO|434944","434944","CRUDEOILM24AUG6500PE","CRUDE OIL","168.4","2024-08-14","6500","5.0","10","FUTCOM","PE","MCX_FO"
"MCX_FO|428263","428263","GOLD24SEP59900CE","GOLD","8301.5","2024-09-24","59900","50.0","1","FUTCOM","CE","MCX_FO"
"MCX_FO|430287","430287","GOLD25JAN71300PE","GOLD","6500.0","2025-01-27","71300","50.0","1","FUTCOM","PE","MCX_FO"
"MCX_FO|433569","433569","SILVER25APR94500PE","SILVER","13362.0","2025-04-24","94500","50.0","30","FUTCOM","PE","MCX_FO"
"MCX_FO|430948","430948","SILVERM25FEB92000PE","SILVER","11083.0","2025-02-19","92000","50.0","5","FUTCOM","PE","MCX_FO"
"MCX_FO|433606","433606","SILVERM25APR90000CE","SILVER","7979.5","2025-04-21","90000","50.0","5","FUTCOM","CE","MCX_FO"
"MCX_FO|434073","434073","SILVER24NOV99500PE","SILVER","17232.0","2024-11-26","99500","50.0","30","FUTCOM","PE","MCX_FO"
"MCX_FO|434676","434676","SILVER25FEB107750PE","SILVER","23119.0","2025-02-24","107750","50.0","30","FUTCOM","PE","MCX_FO"
"MCX_FO|429297","429297","GOLD25JAN69200CE","GOLD","4855.0","2025-01-27","69200","50.0","1","FUTCOM","CE","MCX_FO"
"MCX_FO|433976","433976","SILVER24AUG95750CE","SILVER","190.5","2024-08-27","95750","50.0","30","FUTCOM","CE","MCX_FO"
"MCX_FO|437838","437838","NATURALGAS24OCT185PE","NATURALGAS","0.0","2024-10-24","185","5.0","1250","FUTCOM","PE","MCX_FO"
"MCX_FO|429707","429707","GOLD25JAN70700CE","GOLD","4239.5","2025-01-27","70700","50.0","1","FUTCOM","CE","MCX_FO"
"MCX_FO|433704","433704","SILVERM25APR94750PE","SILVER","12194.0","2025-04-21","94750","50.0","5","FUTCOM","PE","MCX_FO"
"MCX_FO|432157","432157","GOLD25JAN76300CE","GOLD","2462.0","2025-01-27","76300","50.0","1","FUTCOM","CE","MCX_FO"
"MCX_FO|435730","435730","GOLD25MAY72800CE","GOLD","5043.0","2025-05-27","72800","50.0","1","FUTCOM","CE","MCX_FO"
"MCX_FO|434690","434690","SILVER25APR108250PE","SILVER","23158.0","2025-04-24","108250","50.0","30","FUTCOM","PE","MCX_FO"
"MCX_FO|435550","435550","GOLDM24AUG71400PE","GOLD","4397.5","2024-08-27","71400","50.0","100","FUTCOM","PE","MCX_FO"
"MCX_FO|429740","429740","GOLD24NOV69600PE","GOLD","4476.5","2024-11-26","69600","50.0","1","FUTCOM","PE","MCX_FO"
"MCX_FO|426980","426980","SILVERM24NOV83750PE","SILVER","5908.5","2024-11-20","83750","50.0","5","FUTCOM","PE","MCX_FO"
"MCX_FO|428265","428265","GOLD24SEP59700CE","GOLD","8472.5","2024-09-24","59700","50.0","1","FUTCOM","CE","MCX_FO"
"MCX_FO|428387","428387","GOLD24SEP58700CE","GOLD","9348.0","2024-09-24","58700","50.0","1","FUTCOM","CE","MCX_FO"
"MCX_FO|435157","435157","NATURALGAS24AUG305PE","NATURALGAS","128.45","2024-08-23","305","5.0","1250","FUTCOM","PE","MCX_FO"
"MCX_FO|435202","435202","SILVERM25APR109250PE","SILVER","22487.5","2025-04-21","109250","50.0","5","FUTCOM","PE","MCX_FO"
"MCX_FO|433478","433478","SILVER25APR88000CE","SILVER","8687.0","2025-04-24","88000","50.0","30","FUTCOM","CE","MCX_FO"
"MCX_FO|435151","435151","NATURALGAS24AUG275PE","NATURALGAS","98.65","2024-08-23","275","5.0","1250","FUTCOM","PE","MCX_FO"
"MCX_FO|432437","432437","GOLD25MAR69600CE","GOLD","5448.0","2025-03-26","69600","50.0","1","FUTCOM","CE","MCX_FO"
"MCX_FO|437922","437922","NATGASMINI24OCT270PE","NATURALGAS","0.0","2024-10-24","270","5.0","250","FUTCOM","PE","MCX_FO"
"MCX_FO|436232","436232","NATGASMINI24SEP160CE","NATURALGAS","32.45","2024-09-23","160","5.0","250","FUTCOM","CE","MCX_FO"
"MCX_FO|431100","431100","GOLD24NOV72900CE","GOLD","2130.5","2024-11-26","72900","50.0","1","FUTCOM","CE","MCX_FO"
"MCX_FO|436370","436370","GOLD25MAY76600CE","GOLD","3830.0","2025-05-27","76600","50.0","1","FUTCOM","CE","MCX_FO"
"MCX_FO|436384","436384","CRUDEOIL24AUG8200CE","CRUDE OIL","0.1","2024-08-14","8200","10.0","100","FUTCOM","CE","MCX_FO"
"MCX_FO|434312","434312","CRUDEOIL24AUG6200CE","CRUDE OIL","345.3","2024-08-14","6200","10.0","100","FUTCOM","CE","MCX_FO"
"MCX_FO|435939","435939","CRUDEOILM24SEP6550CE","CRUDE OIL","144.5","2024-09-17","6550","5.0","10","FUTCOM","CE","MCX_FO"
"MCX_FO|435409","435409","ZINC24SEP275PE","ZINC","28.41","2024-09-19","275","1.0","5","FUTCOM","PE","MCX_FO"
"MCX_FO|434382","434382","CRUDEOIL24AUG6750PE","CRUDE OIL","317.9","2024-08-14","6750","10.0","100","FUTCOM","PE","MCX_FO"
"MCX_FO|433561","433561","SILVER25APR92500PE","SILVER","12122.5","2025-04-24","92500","50.0","30","FUTCOM","PE","MCX_FO"
"MCX_FO|435531","435531","GOLDM24AUG74200CE","GOLD","312.5","2024-08-27","74200","50.0","100","FUTCOM","CE","MCX_FO"
"MCX_FO|436959","436959","COPPER24AUG790CE","COPPER","22.25","2024-08-21","790","1.0","2500","FUTCOM","CE","MCX_FO"
"MCX_FO|432121","432121","SILVERM24NOV93750PE","SILVER","12347.5","2024-11-20","93750","50.0","5","FUTCOM","PE","MCX_FO"
"MCX_FO|436378","436378","ZINC24OCT282.5CE","ZINC","7.34","2024-10-22","282.5","1.0","5","FUTCOM","CE","MCX_FO"
"MCX_FO|437480","437480","SILVER25JUN88250CE","SILVER","10346.5","2025-06-25","88250","50.0","30","FUTCOM","CE","MCX_FO"
"MCX_FO|426730","426730","SILVER24AUG82250CE","SILVER","2810.5","2024-08-27","82250","50.0","30","FUTCOM","CE","MCX_FO"
"MCX_FO|436297","436297","ZINC24OCT277.5CE","ZINC","8.39","2024-10-22","277.5","1.0","5","FUTCOM","CE","MCX_FO"
"MCX_FO|431125","431125","GOLD25JAN73800CE","GOLD","3160.5","2025-01-27","73800","50.0","1","FUTCOM","CE","MCX_FO"
"MCX_FO|434554","434554","SILVER24AUG103000CE","SILVER","28.0","2024-08-27","103000","50.0","30","FUTCOM","CE","MCX_FO"
"MCX_FO|430057","430057","SILVERM25FEB84750PE","SILVER","6988.0","2025-02-19","84750","50.0","5","FUTCOM","PE","MCX_FO"
"MCX_FO|437720","437720","SILVER25APR80750PE","SILVER","6045.0","2025-04-24","80750","50.0","30","FUTCOM","PE","MCX_FO"
"MCX_FO|434811","434811","SILVERM24AUG102000PE","SILVER","20462.0","2024-08-21","102000","50.0","5","FUTCOM","PE","MCX_FO"
"MCX_FO|435454","435454","CRUDEOILM24AUG5100PE","CRUDE OIL","0.05","2024-08-14","5100","5.0","10","FUTCOM","PE","MCX_FO"
"MCX_FO|433089","433089","COPPER24AUG830PE","COPPER","37.35","2024-08-21","830","1.0","2500","FUTCOM","PE","MCX_FO"
"MCX_FO|431616","431616","GOLD24NOV74700PE","GOLD","7809.5","2024-11-26","74700","50.0","1","FUTCOM","PE","MCX_FO"
"MCX_FO|436917","436917","NATURALGAS24SEP110PE","NATURALGAS","0.05","2024-09-23","110","5.0","1250","FUTCOM","PE","MCX_FO"
"MCX_FO|428289","428289","GOLD24NOV60000PE","GOLD","883.0","2024-11-26","60000","50.0","1","FUTCOM","PE","MCX_FO"
"MCX_FO|433703","433703","SILVERM25APR94500PE","SILVER","12039.5","2025-04-21","94500","50.0","5","FUTCOM","PE","MCX_FO"
"MCX_FO|432083","432083","SILVER25FEB96750PE","SILVER","14755.5","2025-02-24","96750","50.0","30","FUTCOM","PE","MCX_FO"
"MCX_FO|426759","426759","SILVER24AUG72750PE","SILVER","511.5","2024-08-27","72750","50.0","30","FUTCOM","PE","MCX_FO"
"MCX_FO|434911","434911","CRUDEOILM24AUG5650CE","CRUDE OIL","915.45","2024-08-14","5650","5.0","10","FUTCOM","CE","MCX_FO"
"MCX_FO|430022","430022","SILVERM25FEB77000PE","SILVER","3722.5","2025-02-19","77000","50.0","5","FUTCOM","PE","MCX_FO"
"MCX_FO|433636","433636","SILVERM25APR94750CE","SILVER","6248.5","2025-04-21","94750","50.0","5","FUTCOM","CE","MCX_FO"
"MCX_FO|426538","426538","GOLD24SEP62900CE","GOLD","5912.5","2024-09-24","62900","50.0","1","FUTCOM","CE","MCX_FO"
"MCX_FO|434247","434247","SILVERM25APR102750PE","SILVER","17578.5","2025-04-21","102750","50.0","5","FUTCOM","PE","MCX_FO"
"MCX_FO|437834","437834","NATURALGAS24OCT205PE","NATURALGAS","0.0","2024-10-24","205","5.0","1250","FUTCOM","PE","MCX_FO"
"MCX_FO|434864","434864","SILVERM25APR108250PE","SILVER","21706.0","2025-04-21","108250","50.0","5","FUTCOM","PE","MCX_FO"
"MCX_FO|437221","437221","SILVER25JUN91250PE","SILVER","11712.0","2025-06-25","91250","50.0","30","FUTCOM","PE","MCX_FO"
"MCX_FO|432011","432011","GOLD25MAR74200PE","GOLD","8603.5","2025-03-26","74200","50.0","1","FUTCOM","PE","MCX_FO"
"MCX_FO|431998","431998","GOLD25MAR72900PE","GOLD","7792.5","2025-03-26","72900","50.0","1","FUTCOM","PE","MCX_FO"
"MCX_FO|433709","433709","SILVERM25APR96000PE","SILVER","12980.0","2025-04-21","96000","50.0","5","FUTCOM","PE","MCX_FO"
"MCX_FO|433482","433482","SILVER25APR87000CE","SILVER","9103.0","2025-04-24","87000","50.0","30","FUTCOM","CE","MCX_FO"
"MCX_FO|436794","436794","SILVERM25JUN104500PE","SILVER","20363.5","2025-06-19","104500","50.0","5","FUTCOM","PE","MCX_FO"
"MCX_FO|436611","436611","SILVER25JUN97500CE","SILVER","7058.0","2025-06-25","97500","50.0","30","FUTCOM","CE","MCX_FO"
"MCX_FO|436038","436038","CRUDEOIL24AUG7950CE","CRUDE OIL","0.1","2024-08-14","7950","10.0","100","FUTCOM","CE","MCX_FO"
"MCX_FO|436989","436989","CRUDEOIL24OCT5250CE","CRUDE OIL","1140.4","2024-10-17","5250","10.0","100","FUTCOM","CE","MCX_FO"
"MCX_FO|436162","436162","NATGASMINI24SEP195CE","NATURALGAS","13.4","2024-09-23","195","5.0","250","FUTCOM","CE","MCX_FO"
"MCX_FO|434391","434391","CRUDEOIL24AUG7200PE","CRUDE OIL","732.7","2024-08-14","7200","10.0","100","FUTCOM","PE","MCX_FO"
"MCX_FO|433017","433017","COPPER24AUG845PE","COPPER","52.39","2024-08-21","845","1.0","2500","FUTCOM","PE","MCX_FO"
"MCX_FO|427215","427215","GOLD24NOV62300PE","GOLD","1422.0","2024-11-26","62300","50.0","1","FUTCOM","PE","MCX_FO"
"MCX_FO|436823","436823","GOLDM24AUG76300CE","GOLD","143.5","2024-08-27","76300","50.0","100","FUTCOM","CE","MCX_FO"
"MCX_FO|426923","426923","SILVERM24AUG80500PE","SILVER","1805.5","2024-08-21","80500","50.0","5","FUTCOM","PE","MCX_FO"
"MCX_FO|437785","437785","SILVERM25JUN84750PE","SILVER","8592.0","2025-06-19","84750","50.0","5","FUTCOM","PE","MCX_FO"
"MCX_FO|435197","435197","SILVERM24NOV105000PE","SILVER","21671.0","2024-11-20","105000","50.0","5","FUTCOM","PE","MCX_FO"
"MCX_FO|429890","429890","SILVER25FEB83000CE","SILVER","9491.0","2025-02-24","83000","50.0","30","FUTCOM","CE","MCX_FO"
"MCX_FO|436720","436720","SILVERM25JUN95250CE","SILVER","8255.0","2025-06-19","95250","50.0","5","FUTCOM","CE","MCX_FO"
"MCX_FO|426670","426670","GOLD24SEP64800PE","GOLD","1573.5","2024-09-24","64800","50.0","1","FUTCOM","PE","MCX_FO"
"MCX_FO|433408","433408","GOLD24NOV76700PE","GOLD","9335.5","2024-11-26","76700","50.0","1","FUTCOM","PE","MCX_FO"
"MCX_FO|433621","433621","SILVERM25APR86250CE","SILVER","9599.0","2025-04-21","86250","50.0","5","FUTCOM","CE","MCX_FO"
"MCX_FO|426978","426978","SILVERM24NOV83250PE","SILVER","5648.5","2024-11-20","83250","50.0","5","FUTCOM","PE","MCX_FO"
"MCX_FO|434123","434123","SILVERM24AUG95500CE","SILVER","118.0","2024-08-21","95500","50.0","5","FUTCOM","CE","MCX_FO"
"MCX_FO|434127","434127","SILVERM24AUG96500CE","SILVER","88.0","2024-08-21","96500","50.0","5","FUTCOM","CE","MCX_FO"
"MCX_FO|426643","426643","GOLD24SEP62400PE","GOLD","877.0","2024-09-24","62400","50.0","1","FUTCOM","PE","MCX_FO"
"MCX_FO|427539","427539","GOLD24SEP67400CE","GOLD","3132.0","2024-09-24","67400","50.0","1","FUTCOM","CE","MCX_FO"
"MCX_FO|437715","437715","SILVER25APR82000PE","SILVER","6586.5","2025-04-24","82000","50.0","30","FUTCOM","PE","MCX_FO"
"MCX_FO|430058","430058","SILVERM25FEB85000PE","SILVER","7113.0","2025-02-19","85000","50.0","5","FUTCOM","PE","MCX_FO"
"MCX_FO|434560","434560","SILVER24NOV101750CE","SILVER","1305.0","2024-11-26","101750","50.0","30","FUTCOM","CE","MCX_FO"
"MCX_FO|436966","436966","CRUDEOIL24OCT6400CE","CRUDE OIL","172.8","2024-10-17","6400","10.0","100","FUTCOM","CE","MCX_FO"
"MCX_FO|435740","435740","GOLD25MAY73800CE","GOLD","4697.0","2025-05-27","73800","50.0","1","FUTCOM","CE","MCX_FO"
"MCX_FO|430095","430095","SILVERM25FEB86750PE","SILVER","8022.0","2025-02-19","86750","50.0","5","FUTCOM","PE","MCX_FO"
"MCX_FO|433595","433595","SILVERM24NOV95000CE","SILVER","2204.5","2024-11-20","95000","50.0","5","FUTCOM","CE","MCX_FO"
"MCX_FO|426843","426843","SILVERM24NOV78250CE","SILVER","8691.5","2024-11-20","78250","50.0","5","FUTCOM","CE","MCX_FO"
"MCX_FO|435100","435100","NATURALGAS24AUG225CE","NATURALGAS","1.55","2024-08-23","225","5.0","1250","FUTCOM","CE","MCX_FO"
"MCX_FO|431857","431857","SILVERM24AUG91750CE","SILVER","327.5","2024-08-21","91750","50.0","5","FUTCOM","CE","MCX_FO"
"MCX_FO|431956","431956","GOLD25MAR75100CE","GOLD","3478.5","2025-03-26","75100","50.0","1","FUTCOM","CE","MCX_FO"
"MCX_FO|429398","429398","SILVER24NOV88000PE","SILVER","8756.5","2024-11-26","88000","50.0","30","FUTCOM","PE","MCX_FO"
"MCX_FO|436496","436496","GOLDM24SEP73400PE","GOLD","6268.5","2024-09-24","73400","50.0","100","FUTCOM","PE","MCX_FO"
"MCX_FO|429591","429591","GOLD24NOV69300PE","GOLD","4309.0","2024-11-26","69300","50.0","1","FUTCOM","PE","MCX_FO"
"MCX_FO|428153","428153","GOLD24SEP60400CE","GOLD","7879.0","2024-09-24","60400","50.0","1","FUTCOM","CE","MCX_FO"
"MCX_FO|437379","437379","GOLDM24SEP69100CE","GOLD","2287.5","2024-09-24","69100","50.0","100","FUTCOM","CE","MCX_FO"
"MCX_FO|431911","431911","GOLD25MAR72500CE","GOLD","4322.5","2025-03-26","72500","50.0","1","FUTCOM","CE","MCX_FO"
"MCX_FO|432781","432781","GOLD25MAR68800PE","GOLD","5495.0","2025-03-26","68800","50.0","1","FUTCOM","PE","MCX_FO"
"MCX_FO|427987","427987","GOLD24NOV61000PE","GOLD","1095.0","2024-11-26","61000","50.0","1","FUTCOM","PE","MCX_FO"
"MCX_FO|435868","435868","CRUDEOIL24SEP7250CE","CRUDE OIL","10.9","2024-09-17","7250","10.0","100","FUTCOM","CE","MCX_FO"
"MCX_FO|433376","433376","GOLD24NOV76600CE","GOLD","1241.5","2024-11-26","76600","50.0","1","FUTCOM","CE","MCX_FO"
"MCX_FO|426717","426717","SILVER24AUG79000CE","SILVER","3629.5","2024-08-27","79000","50.0","30","FUTCOM","CE","MCX_FO"
"MCX_FO|430028","430028","SILVERM25FEB75500PE","SILVER","3229.0","2025-02-19","75500","50.0","5","FUTCOM","PE","MCX_FO"
"MCX_FO|436886","436886","SILVERM25JUN106750PE","SILVER","21963.5","2025-06-19","106750","50.0","5","FUTCOM","PE","MCX_FO"
"MCX_FO|430740","430740","GOLD24SEP72100CE","GOLD","1356.0","2024-09-24","72100","50.0","1","FUTCOM","CE","MCX_FO"
"MCX_FO|435754","435754","GOLD25MAY71900PE","GOLD","7597.0","2025-05-27","71900","50.0","1","FUTCOM","PE","MCX_FO"
"MCX_FO|430863","430863","SILVER25FEB90500CE","SILVER","6345.0","2025-02-24","90500","50.0","30","FUTCOM","CE","MCX_FO"
"MCX_FO|434454","434454","GOLD24NOV77300PE","GOLD","9813.0","2024-11-26","77300","50.0","1","FUTCOM","PE","MCX_FO"
"MCX_FO|426636","426636","GOLD24SEP63100PE","GOLD","1051.0","2024-09-24","63100","50.0","1","FUTCOM","PE","MCX_FO"
"MCX_FO|427150","427150","GOLD24NOV63400CE","GOLD","6617.5","2024-11-26","63400","50.0","1","FUTCOM","CE","MCX_FO"
"MCX_FO|432162","432162","GOLD25MAR75800CE","GOLD","3276.0","2025-03-26","75800","50.0","1","FUTCOM","CE","MCX_FO"
"MCX_FO|430884","430884","SILVER25FEB89500PE","SILVER","10087.0","2025-02-24","89500","50.0","30","FUTCOM","PE","MCX_FO"
"MCX_FO|436110","436110","NATURALGAS24SEP255CE","NATURALGAS","1.45","2024-09-23","255","5.0","1250","FUTCOM","CE","MCX_FO"
"MCX_FO|437539","437539","SILVERM25JUN87000PE","SILVER","9694.5","2025-06-19","87000","50.0","5","FUTCOM","PE","MCX_FO"
"MCX_FO|426680","426680","GOLD24SEP65800PE","GOLD","1950.5","2024-09-24","65800","50.0","1","FUTCOM","PE","MCX_FO"
"MCX_FO|430885","430885","SILVER25FEB89750PE","SILVER","10234.5","2025-02-24","89750","50.0","30","FUTCOM","PE","MCX_FO"
"MCX_FO|429585","429585","GOLD24SEP69000PE","GOLD","1452.5","2024-09-24","69000","50.0","1","FUTCOM","PE","MCX_FO"
"MCX_FO|437162","437162","CRUDEOILM24OCT6050PE","CRUDE OIL","111.2","2024-10-17","6050","5.0","10","FUTCOM","PE","MCX_FO"
"MCX_FO|426558","426558","GOLD24SEP63600CE","GOLD","5411.5","2024-09-24","63600","50.0","1","FUTCOM","CE","MCX_FO"
"MCX_FO|434831","434831","SILVERM24NOV104250PE","SILVER","21005.0","2024-11-20","104250","50.0","5","FUTCOM","PE","MCX_FO"
"MCX_FO|436055","436055","GOLD25MAY76300CE","GOLD","3916.0","2025-05-27","76300","50.0","1","FUTCOM","CE","MCX_FO"
"MCX_FO|426863","426863","SILVERM24NOV73250CE","SILVER","12001.0","2024-11-20","73250","50.0","5","FUTCOM","CE","MCX_FO"
"MCX_FO|437020","437020","CRUDEOIL24OCT6300PE","CRUDE OIL","118.9","2024-10-17","6300","10.0","100","FUTCOM","PE","MCX_FO"
"MCX_FO|426765","426765","SILVER24AUG78500PE","SILVER","1070.0","2024-08-27","78500","50.0","30","FUTCOM","PE","MCX_FO"
"MCX_FO|426713","426713","SILVER24AUG71750CE","SILVER","9903.0","2024-08-27","71750","50.0","30","FUTCOM","CE","MCX_FO"
"MCX_FO|433842","433842","COPPER24AUG960CE","COPPER","0.01","2024-08-21","960","1.0","2500","FUTCOM","CE","MCX_FO"
"MCX_FO|433038","433038","ZINC24AUG270CE","ZINC","2.5","2024-08-21","270","1.0","5","FUTCOM","CE","MCX_FO"
"MCX_FO|434808","434808","SILVERM24AUG101250PE","SILVER","19720.0","2024-08-21","101250","50.0","5","FUTCOM","PE","MCX_FO"
"MCX_FO|426772","426772","SILVER24AUG80250PE","SILVER","2698.5","2024-08-27","80250","50.0","30","FUTCOM","PE","MCX_FO"
"MCX_FO|431673","431673","SILVERM24AUG90750CE","SILVER","421.5","2024-08-21","90750","50.0","5","FUTCOM","CE","MCX_FO"
"MCX_FO|429741","429741","GOLD24NOV69700PE","GOLD","4533.0","2024-11-26","69700","50.0","1","FUTCOM","PE","MCX_FO"
"MCX_FO|435313","435313","SILVERM25APR110250CE","SILVER","2625.5","2025-04-21","110250","50.0","5","FUTCOM","CE","MCX_FO"
"MCX_FO|436419","436419","GOLD25MAY77500PE","GOLD","11082.0","2025-05-27","77500","50.0","1","FUTCOM","PE","MCX_FO"
"MCX_FO|434270","434270","CRUDEOILM24AUG6600PE","CRUDE OIL","221.75","2024-08-14","6600","5.0","10","FUTCOM","PE","MCX_FO"
"MCX_FO|430275","430275","GOLD24NOV71100CE","GOLD","2717.0","2024-11-26","71100","50.0","1","FUTCOM","CE","MCX_FO"
"MCX_FO|431795","431795","GOLD24SEP74800CE","GOLD","773.5","2024-09-24","74800","50.0","1","FUTCOM","CE","MCX_FO"
"MCX_FO|436552","436552","GOLDM24SEP75800CE","GOLD","553.0","2024-09-24","75800","50.0","100","FUTCOM","CE","MCX_FO"
"MCX_FO|435104","435104","NATURALGAS24AUG205CE","NATURALGAS","3.45","2024-08-23","205","5.0","1250","FUTCOM","CE","MCX_FO"
"MCX_FO|435574","435574","GOLDM24AUG73500PE","GOLD","6103.0","2024-08-27","73500","50.0","100","FUTCOM","PE","MCX_FO"
"MCX_FO|432264","432264","SILVER24NOV95500PE","SILVER","14035.0","2024-11-26","95500","50.0","30","FUTCOM","PE","MCX_FO"
"MCX_FO|427246","427246","GOLD24NOV66500PE","GOLD","2919.0","2024-11-26","66500","50.0","1","FUTCOM","PE","MCX_FO"
"MCX_FO|426871","426871","SILVERM24NOV81500CE","SILVER","6892.5","2024-11-20","81500","50.0","5","FUTCOM","CE","MCX_FO"
"MCX_FO|434726","434726","SILVERM24AUG102250CE","SILVER","14.5","2024-08-21","102250","50.0","5","FUTCOM","CE","MCX_FO"
"MCX_FO|436480","436480","GOLDM24SEP72100PE","GOLD","5294.0","2024-09-24","72100","50.0","100","FUTCOM","PE","MCX_FO"
"MCX_FO|433051","433051","ZINC24AUG267.5PE","ZINC","15.69","2024-08-21","267.5","1.0","5","FUTCOM","PE","MCX_FO"
"MCX_FO|430922","430922","SILVERM24AUG85750PE","SILVER","5586.5","2024-08-21","85750","50.0","5","FUTCOM","PE","MCX_FO"
"MCX_FO|429270","429270","GOLD24SEP67800CE","GOLD","2937.0","2024-09-24","67800","50.0","1","FUTCOM","CE","MCX_FO"
"MCX_FO|430737","430737","GOLD24SEP71800CE","GOLD","1438.0","2024-09-24","71800","50.0","1","FUTCOM","CE","MCX_FO"
"MCX_FO|435283","435283","SILVER25APR110500CE","SILVER","2743.0","2025-04-24","110500","50.0","30","FUTCOM","CE","MCX_FO"
"MCX_FO|434095","434095","SILVER25APR102000PE","SILVER","18456.5","2025-04-24","102000","50.0","30","FUTCOM","PE","MCX_FO"
"MCX_FO|437702","437702","SILVER25JUN82750CE","SILVER","12835.5","2025-06-25","82750","50.0","30","FUTCOM","CE","MCX_FO"
"MCX_FO|434022","434022","SILVER25APR102250CE","SILVER","4270.0","2025-04-24","102250","50.0","30","FUTCOM","CE","MCX_FO"
"MCX_FO|428425","428425","GOLD24NOV59100PE","GOLD","719.0","2024-11-26","59100","50.0","1","FUTCOM","PE","MCX_FO"
"MCX_FO|437047","437047","CRUDEOIL24OCT6800PE","CRUDE OIL","429.6","2024-10-17","6800","10.0","100","FUTCOM","PE","MCX_FO"
"MCX_FO|434434","434434","GOLD25MAR78300CE","GOLD","2631.0","2025-03-26","78300","50.0","1","FUTCOM","CE","MCX_FO"
"MCX_FO|434088","434088","SILVER25FEB102500PE","SILVER","18965.0","2025-02-24","102500","50.0","30","FUTCOM","PE","MCX_FO"
"MCX_FO|436183","436183","NATGASMINI24SEP315CE","NATURALGAS","0.2","2024-09-23","315","5.0","250","FUTCOM","CE","MCX_FO"
"MCX_FO|434089","434089","SILVER25FEB102750PE","SILVER","19157.0","2025-02-24","102750","50.0","30","FUTCOM","PE","MCX_FO"
"MCX_FO|429199","429199","GOLD25JAN67000PE","GOLD","4217.0","2025-01-27","67000","50.0","1","FUTCOM","PE","MCX_FO"
"MCX_FO|433353","433353","SILVER25APR91250PE","SILVER","11376.0","2025-04-24","91250","50.0","30","FUTCOM","PE","MCX_FO"
"MCX_FO|437337","437337","GOLDM24AUG68100CE","GOLD","1898.5","2024-08-27","68100","50.0","100","FUTCOM","CE","MCX_FO"
"MCX_FO|428161","428161","GOLD24NOV60300CE","GOLD","8839.0","2024-11-26","60300","50.0","1","FUTCOM","CE","MCX_FO"
"MCX_FO|432412","432412","GOLD25MAR70100PE","GOLD","6179.0","2025-03-26","70100","50.0","1","FUTCOM","PE","MCX_FO"
"MCX_FO|433378","433378","GOLD24NOV76800CE","GOLD","1204.0","2024-11-26","76800","50.0","1","FUTCOM","CE","MCX_FO"
"MCX_FO|436545","436545","GOLD25MAY77900CE","GOLD","3475.5","2025-05-27","77900","50.0","1","FUTCOM","CE","MCX_FO"
"MCX_FO|435597","435597","GOLDM24AUG75600CE","GOLD","187.5","2024-08-27","75600","50.0","100","FUTCOM","CE","MCX_FO"
"MCX_FO|436442","436442","GOLDM24SEP70900CE","GOLD","1626.0","2024-09-24","70900","50.0","100","FUTCOM","CE","MCX_FO"
"MCX_FO|428998","428998","GOLD25JAN66600CE","GOLD","6075.5","2025-01-27","66600","50.0","1","FUTCOM","CE","MCX_FO"
"MCX_FO|435338","435338","NATGASMINI24AUG160PE","NATURALGAS","5.95","2024-08-23","160","5.0","250","FUTCOM","PE","MCX_FO"
"MCX_FO|436876","436876","SILVERM25JUN107000CE","SILVER","5083.5","2025-06-19","107000","50.0","5","FUTCOM","CE","MCX_FO"
"MCX_FO|429277","429277","GOLD24NOV67900CE","GOLD","4052.5","2024-11-26","67900","50.0","1","FUTCOM","CE","MCX_FO"
"MCX_FO|426800","426800","SILVERM24AUG75000CE","SILVER","7083.5","2024-08-21","75000","50.0","5","FUTCOM","CE","MCX_FO"
"MCX_FO|436303","436303","ZINC24OCT245PE","ZINC","21.99","2024-10-22","245","1.0","5","FUTCOM","PE","MCX_FO"
"MCX_FO|437493","437493","SILVER25JUN89500PE","SILVER","10748.5","2025-06-25","89500","50.0","30","FUTCOM","PE","MCX_FO"
"MCX_FO|437116","437116","CRUDEOILM24OCT5750CE","CRUDE OIL","682.75","2024-10-17","5750","5.0","10","FUTCOM","CE","MCX_FO"
"MCX_FO|430553","430553","GOLD24SEP70900CE","GOLD","1708.0","2024-09-24","70900","50.0","1","FUTCOM","CE","MCX_FO"
"MCX_FO|426940","426940","SILVERM24NOV79000PE","SILVER","3705.5","2024-11-20","79000","50.0","5","FUTCOM","PE","MCX_FO"
"MCX_FO|427381","427381","GOLD24NOV67000PE","GOLD","3144.5","2024-11-26","67000","50.0","1","FUTCOM","PE","MCX_FO"
"MCX_FO|431181","431181","GOLD25JAN72800PE","GOLD","7417.5","2025-01-27","72800","50.0","1","FUTCOM","PE","MCX_FO"
"MCX_FO|429347","429347","GOLD25JAN69000PE","GOLD","5212.5","2025-01-27","69000","50.0","1","FUTCOM","PE","MCX_FO"
"MCX_FO|429912","429912","SILVER25FEB88500CE","SILVER","7088.5","2025-02-24","88500","50.0","30","FUTCOM","CE","MCX_FO"
"MCX_FO|427334","427334","SILVER24NOV82750PE","SILVER","5767.5","2024-11-26","82750","50.0","30","FUTCOM","PE","MCX_FO"
"MCX_FO|434688","434688","SILVER25APR107750PE","SILVER","22769.0","2025-04-24","107750","50.0","30","FUTCOM","PE","MCX_FO"
"MCX_FO|434666","434666","SILVER25FEB105250PE","SILVER","21108.5","2025-02-24","105250","50.0","30","FUTCOM","PE","MCX_FO"
"MCX_FO|431375","431375","SILVERM24AUG88750CE","SILVER","680.0","2024-08-21","88750","50.0","5","FUTCOM","CE","MCX_FO"
"MCX_FO|434669","434669","SILVER25FEB106000PE","SILVER","21706.0","2025-02-24","106000","50.0","30","FUTCOM","PE","MCX_FO"
"MCX_FO|436864","436864","SILVER25JUN108750CE","SILVER","4312.5","2025-06-25","108750","50.0","30","FUTCOM","CE","MCX_FO"
"MCX_FO|435292","435292","SILVER24NOV106000PE","SILVER","22825.5","2024-11-26","106000","50.0","30","FUTCOM","PE","MCX_FO"
"MCX_FO|436590","436590","SILVER25JUN100000CE","SILVER","6341.0","2025-06-25","100000","50.0","30","FUTCOM","CE","MCX_FO"
"MCX_FO|429393","429393","SILVER24NOV88250CE","SILVER","4278.0","2024-11-26","88250","50.0","30","FUTCOM","CE","MCX_FO"
"MCX_FO|436021","436021","CRUDEOILM24SEP7250PE","CRUDE OIL","757.2","2024-09-17","7250","5.0","10","FUTCOM","PE","MCX_FO"
"MCX_FO|431117","431117","GOLD25JAN73000CE","GOLD","3415.0","2025-01-27","73000","50.0","1","FUTCOM","CE","MCX_FO"
"MCX_FO|436803","436803","NATGASMINI24AUG115CE","NATURALGAS","60.75","2024-08-23","115","5.0","250","FUTCOM","CE","MCX_FO"
"MCX_FO|437143","437143","CRUDEOILM24OCT7450CE","CRUDE OIL","19.5","2024-10-17","7450","5.0","10","FUTCOM","CE","MCX_FO"
"MCX_FO|427937","427937","SILVERM24AUG69000CE","SILVER","12464.0","2024-08-21","69000","50.0","5","FUTCOM","CE","MCX_FO"
"MCX_FO|434561","434561","SILVER24NOV102000CE","SILVER","1274.0","2024-11-26","102000","50.0","30","FUTCOM","CE","MCX_FO"
"MCX_FO|429394","429394","SILVER24NOV87000PE","SILVER","8138.0","2024-11-26","87000","50.0","30","FUTCOM","PE","MCX_FO"
"MCX_FO|435295","435295","SILVER25FEB109000PE","SILVER","24144.5","2025-02-24","109000","50.0","30","FUTCOM","PE","MCX_FO"
"MCX_FO|429754","429754","GOLD25JAN70400PE","GOLD","5979.0","2025-01-27","70400","50.0","1","FUTCOM","PE","MCX_FO"
"MCX_FO|433669","433669","SILVERM25APR91250PE","SILVER","10115.0","2025-04-21","91250","50.0","5","FUTCOM","PE","MCX_FO"
"MCX_FO|426893","426893","SILVERM24AUG76750PE","SILVER","1068.5","2024-08-21","76750","50.0","5","FUTCOM","PE","MCX_FO"
"MCX_FO|435797","435797","GOLD25MAY74500PE","GOLD","9140.5","2025-05-27","74500","50.0","1","FUTCOM","PE","MCX_FO"
"MCX_FO|435562","435562","GOLDM24AUG70200PE","GOLD","3528.5","2024-08-27","70200","50.0","100","FUTCOM","PE","MCX_FO"
"MCX_FO|436338","436338","NATURALGAS24AUG140PE","NATURALGAS","1.7","2024-08-23","140","5.0","1250","FUTCOM","PE","MCX_FO"
"MCX_FO|428981","428981","GOLD25JAN65800PE","GOLD","3676.5","2025-01-27","65800","50.0","1","FUTCOM","PE","MCX_FO"
"MCX_FO|429296","429296","GOLD25JAN69100CE","GOLD","4898.0","2025-01-27","69100","50.0","1","FUTCOM","CE","MCX_FO"
"MCX_FO|435501","435501","GOLDM24AUG71300CE","GOLD","802.5","2024-08-27","71300","50.0","100","FUTCOM","CE","MCX_FO"
"MCX_FO|430010","430010","SILVERM25FEB85500CE","SILVER","8002.5","2025-02-19","85500","50.0","5","FUTCOM","CE","MCX_FO"
"MCX_FO|433000","433000","COPPER24AUG860CE","COPPER","0.69","2024-08-21","860","1.0","2500","FUTCOM","CE","MCX_FO"
"MCX_FO|434925","434925","CRUDEOILM24AUG7000CE","CRUDE OIL","31.55","2024-08-14","7000","5.0","10","FUTCOM","CE","MCX_FO"
"MCX_FO|426988","426988","SILVERM24NOV85750PE","SILVER","7011.5","2024-11-20","85750","50.0","5","FUTCOM","PE","MCX_FO"
"MCX_FO|435527","435527","GOLDM24AUG73800CE","GOLD","359.0","2024-08-27","73800","50.0","100","FUTCOM","CE","MCX_FO"
"MCX_FO|434593","434593","SILVER25APR105750CE","SILVER","3547.5","2025-04-24","105750","50.0","30","FUTCOM","CE","MCX_FO"
"MCX_FO|426718","426718","SILVER24AUG79250CE","SILVER","4326.5","2024-08-27","79250","50.0","30","FUTCOM","CE","MCX_FO"
"MCX_FO|436444","436444","GOLDM24SEP70700CE","GOLD","1691.5","2024-09-24","70700","50.0","100","FUTCOM","CE","MCX_FO"
"MCX_FO|431383","431383","SILVERM25FEB93500CE","SILVER","4998.0","2025-02-19","93500","50.0","5","FUTCOM","CE","MCX_FO"
"MCX_FO|436695","436695","SILVER25JUN105000PE","SILVER","20529.0","2025-06-25","105000","50.0","30","FUTCOM","PE","MCX_FO"
"MCX_FO|436203","436203","NATGASMINI24SEP265PE","NATURALGAS","78.2","2024-09-23","265","5.0","250","FUTCOM","PE","MCX_FO"
"MCX_FO|430896","430896","SILVERM24AUG86250CE","SILVER","1177.0","2024-08-21","86250","50.0","5","FUTCOM","CE","MCX_FO"
"MCX_FO|437711","437711","SILVER25APR83000PE","SILVER","7038.5","2025-04-24","83000","50.0","30","FUTCOM","PE","MCX_FO"
"MCX_FO|437285","437285","GOLD25MAY69400CE","GOLD","6376.0","2025-05-27","69400","50.0","1","FUTCOM","CE","MCX_FO"
"MCX_FO|435263","435263","NATGASMINI24AUG300PE","NATURALGAS","123.2","2024-08-23","300","5.0","250","FUTCOM","PE","MCX_FO"
"MCX_FO|435108","435108","NATURALGAS24AUG185CE","NATURALGAS","7.8","2024-08-23","185","5.0","1250","FUTCOM","CE","MCX_FO"
"MCX_FO|426987","426987","SILVERM24NOV85500PE","SILVER","6868.0","2024-11-20","85500","50.0","5","FUTCOM","PE","MCX_FO"
"MCX_FO|431666","431666","SILVER25FEB95000PE","SILVER","13558.0","2025-02-24","95000","50.0","30","FUTCOM","PE","MCX_FO"
"MCX_FO|434402","434402","CRUDEOIL24AUG7750PE","CRUDE OIL","1173.5","2024-08-14","7750","10.0","100","FUTCOM","PE","MCX_FO"
"MCX_FO|434084","434084","SILVER25FEB101500PE","SILVER","18205.5","2025-02-24","101500","50.0","30","FUTCOM","PE","MCX_FO"
"MCX_FO|434347","434347","CRUDEOIL24AUG7500CE","CRUDE OIL","8.2","2024-08-14","7500","10.0","100","FUTCOM","CE","MCX_FO"
"MCX_FO|429922","429922","SILVER25FEB79750PE","SILVER","5198.5","2025-02-24","79750","50.0","30","FUTCOM","PE","MCX_FO"
"MCX_FO|437142","437142","CRUDEOILM24OCT7400CE","CRUDE OIL","22.6","2024-10-17","7400","5.0","10","FUTCOM","CE","MCX_FO"
"MCX_FO|435089","435089","SILVERM25FEB106500CE","SILVER","2134.0","2025-02-19","106500","50.0","5","FUTCOM","CE","MCX_FO"
"MCX_FO|435015","435015","CRUDEOIL24AUG5250CE","CRUDE OIL","1316.9","2024-08-14","5250","10.0","100","FUTCOM","CE","MCX_FO"
"MCX_FO|437154","437154","CRUDEOILM24OCT6450PE","CRUDE OIL","279.5","2024-10-17","6450","5.0","10","FUTCOM","PE","MCX_FO"
"MCX_FO|436048","436048","CRUDEOIL24AUG8000PE","CRUDE OIL","1422.5","2024-08-14","8000","10.0","100","FUTCOM","PE","MCX_FO"
"MCX_FO|436519","436519","GOLDM24SEP75700PE","GOLD","8144.5","2024-09-24","75700","50.0","100","FUTCOM","PE","MCX_FO"
"MCX_FO|430037","430037","SILVERM25FEB79750PE","SILVER","4744.0","2025-02-19","79750","50.0","5","FUTCOM","PE","MCX_FO"
"MCX_FO|436225","436225","COPPER24SEP785PE","COPPER","18.09","2024-09-19","785","1.0","2500","FUTCOM","PE","MCX_FO"
"MCX_FO|437042","437042","CRUDEOIL24OCT6550PE","CRUDE OIL","248.6","2024-10-17","6550","10.0","100","FUTCOM","PE","MCX_FO"
"MCX_FO|437889","437889","NATGASMINI24OCT255CE","NATURALGAS","0.0","2024-10-24","255","5.0","250","FUTCOM","CE","MCX_FO"
"MCX_FO|428434","428434","GOLD24NOV58200PE","GOLD","579.0","2024-11-26","58200","50.0","1","FUTCOM","PE","MCX_FO"
"MCX_FO|433781","433781","SILVER25APR99000PE","SILVER","16339.5","2025-04-24","99000","50.0","30","FUTCOM","PE","MCX_FO"
"MCX_FO|429708","429708","GOLD25JAN70800CE","GOLD","4200.5","2025-01-27","70800","50.0","1","FUTCOM","CE","MCX_FO"
"MCX_FO|428781","428781","GOLD25JAN61000CE","GOLD","9393.0","2025-01-27","61000","50.0","1","FUTCOM","CE","MCX_FO"
"MCX_FO|437779","437779","SILVERM25JUN86250PE","SILVER","9319.5","2025-06-19","86250","50.0","5","FUTCOM","PE","MCX_FO"
"MCX_FO|431366","431366","SILVER25FEB93250PE","SILVER","12403.5","2025-02-24","93250","50.0","30","FUTCOM","PE","MCX_FO"
"MCX_FO|434545","434545","SILVER24AUG100750CE","SILVER","52.5","2024-08-27","100750","50.0","30","FUTCOM","CE","MCX_FO"
"MCX_FO|433659","433659","SILVERM24AUG94000PE","SILVER","12783.0","2024-08-21","94000","50.0","5","FUTCOM","PE","MCX_FO"
"MCX_FO|430667","430667","SILVER24AUG85500PE","SILVER","4814.5","2024-08-27","85500","50.0","30","FUTCOM","PE","MCX_FO"
"MCX_FO|433975","433975","SILVER24AUG95500CE","SILVER","215.0","2024-08-27","95500","50.0","30","FUTCOM","CE","MCX_FO"
"MCX_FO|431441","431441","GOLD25JAN74400CE","GOLD","2979.5","2025-01-27","74400","50.0","1","FUTCOM","CE","MCX_FO"
"MCX_FO|430102","430102","SILVERM25FEB88500PE","SILVER","8988.0","2025-02-19","88500","50.0","5","FUTCOM","PE","MCX_FO"
"MCX_FO|426825","426825","SILVERM24AUG81000CE","SILVER","2472.5","2024-08-21","81000","50.0","5","FUTCOM","CE","MCX_FO"
"MCX_FO|432146","432146","GOLD24NOV75800CE","GOLD","1401.5","2024-11-26","75800","50.0","1","FUTCOM","CE","MCX_FO"
"MCX_FO|428295","428295","GOLD24NOV59400PE","GOLD","771.0","2024-11-26","59400","50.0","1","FUTCOM","PE","MCX_FO"
"MCX_FO|435995","435995","CRUDEOILM24SEP6300PE","CRUDE OIL","88.7","2024-09-17","6300","5.0","10","FUTCOM","PE","MCX_FO"
"MCX_FO|428134","428134","SILVER24AUG68250CE","SILVER","13117.0","2024-08-27","68250","50.0","30","FUTCOM","CE","MCX_FO"
"MCX_FO|437811","437811","NATURALGAS24OCT170CE","NATURALGAS","0.0","2024-10-24","170","5.0","1250","FUTCOM","CE","MCX_FO"
"MCX_FO|435212","435212","NATGASMINI24AUG210CE","NATURALGAS","3.15","2024-08-23","210","5.0","250","FUTCOM","CE","MCX_FO"
"MCX_FO|437222","437222","SILVER25JUN91000PE","SILVER","11572.0","2025-06-25","91000","50.0","30","FUTCOM","PE","MCX_FO"
"MCX_FO|436870","436870","SILVER25JUN108000PE","SILVER","22702.5","2025-06-25","108000","50.0","30","FUTCOM","PE","MCX_FO"
"MCX_FO|435897","435897","CRUDEOIL24SEP5900PE","CRUDE OIL","16.1","2024-09-17","5900","10.0","100","FUTCOM","PE","MCX_FO"
"MCX_FO|433998","433998","SILVER24NOV99250CE","SILVER","1651.5","2024-11-26","99250","50.0","30","FUTCOM","CE","MCX_FO"
"MCX_FO|435129","435129","NATURALGAS24AUG230PE","NATURALGAS","53.35","2024-08-23","230","5.0","1250","FUTCOM","PE","MCX_FO"
"MCX_FO|430901","430901","SILVERM24AUG87500CE","SILVER","636.5","2024-08-21","87500","50.0","5","FUTCOM","CE","MCX_FO"
"MCX_FO|435738","435738","GOLD25MAY73600CE","GOLD","4764.5","2025-05-27","73600","50.0","1","FUTCOM","CE","MCX_FO"
"MCX_FO|433646","433646","SILVERM25APR97250CE","SILVER","5470.0","2025-04-21","97250","50.0","5","FUTCOM","CE","MCX_FO"
"MCX_FO|431087","431087","GOLD24SEP72900CE","GOLD","1155.0","2024-09-24","72900","50.0","1","FUTCOM","CE","MCX_FO"
"MCX_FO|431995","431995","GOLD25MAR70500PE","GOLD","6398.0","2025-03-26","70500","50.0","1","FUTCOM","PE","MCX_FO"
"MCX_FO|437544","437544","CRUDEOILM24OCT5150CE","CRUDE OIL","1231.9","2024-10-17","5150","5.0","10","FUTCOM","CE","MCX_FO"
"MCX_FO|430600","430600","SILVERM25FEB89000CE","SILVER","6549.5","2025-02-19","89000","50.0","5","FUTCOM","CE","MCX_FO"
"MCX_FO|437746","437746","SILVERM25APR83000CE","SILVER","11195.5","2025-04-21","83000","50.0","5","FUTCOM","CE","MCX_FO"
"MCX_FO|427301","427301","SILVER24NOV78750PE","SILVER","3943.0","2024-11-26","78750","50.0","30","FUTCOM","PE","MCX_FO"
"MCX_FO|432007","432007","GOLD25MAR73800PE","GOLD","8350.0","2025-03-26","73800","50.0","1","FUTCOM","PE","MCX_FO"
"MCX_FO|431174","431174","GOLD24NOV73700PE","GOLD","7088.5","2024-11-26","73700","50.0","1","FUTCOM","PE","MCX_FO"
"MCX_FO|436365","436365","COPPER24OCT895PE","COPPER","88.58","2024-10-22","895","1.0","2500","FUTCOM","PE","MCX_FO"
"MCX_FO|436460","436460","GOLDM24SEP74800CE","GOLD","701.5","2024-09-24","74800","50.0","100","FUTCOM","CE","MCX_FO"
"MCX_FO|435869","435869","CRUDEOIL24SEP7300CE","CRUDE OIL","8.6","2024-09-17","7300","10.0","100","FUTCOM","CE","MCX_FO"
"MCX_FO|430241","430241","GOLD25JAN71200PE","GOLD","6441.0","2025-01-27","71200","50.0","1","FUTCOM","PE","MCX_FO"
"MCX_FO|435542","435542","GOLDM24AUG72200PE","GOLD","5022.5","2024-08-27","72200","50.0","100","FUTCOM","PE","MCX_FO"
"MCX_FO|436295","436295","ZINC24OCT272.5CE","ZINC","9.55","2024-10-22","272.5","1.0","5","FUTCOM","CE","MCX_FO"
"MCX_FO|433779","433779","SILVER25APR98500PE","SILVER","15996.5","2025-04-24","98500","50.0","30","FUTCOM","PE","MCX_FO"
"MCX_FO|436103","436103","NATURALGAS24SEP195CE","NATURALGAS","12.05","2024-09-23","195","5.0","1250","FUTCOM","CE","MCX_FO"
"MCX_FO|436100","436100","NATURALGAS24SEP210CE","NATURALGAS","7.45","2024-09-23","210","5.0","1250","FUTCOM","CE","MCX_FO"
"MCX_FO|430747","430747","GOLD24NOV71700CE","GOLD","2509.0","2024-11-26","71700","50.0","1","FUTCOM","CE","MCX_FO"
"MCX_FO|427715","427715","SILVER24NOV73000PE","SILVER","2027.5","2024-11-26","73000","50.0","30","FUTCOM","PE","MCX_FO"
"MCX_FO|436908","436908","NATURALGAS24AUG100CE","NATURALGAS","75.35","2024-08-23","100","5.0","1250","FUTCOM","CE","MCX_FO"
"MCX_FO|429981","429981","SILVERM25FEB74750CE","SILVER","13956.0","2025-02-19","74750","50.0","5","FUTCOM","CE","MCX_FO"
"MCX_FO|430875","430875","SILVER24AUG87750PE","SILVER","7464.5","2024-08-27","87750","50.0","30","FUTCOM","PE","MCX_FO"
"MCX_FO|430921","430921","SILVERM25FEB92250CE","SILVER","5395.0","2025-02-19","92250","50.0","5","FUTCOM","CE","MCX_FO"
"MCX_FO|435848","435848","CRUDEOIL24SEP5800CE","CRUDE OIL","693.8","2024-09-17","5800","10.0","100","FUTCOM","CE","MCX_FO"
"MCX_FO|436619","436619","SILVER25JUN95500CE","SILVER","7681.0","2025-06-25","95500","50.0","30","FUTCOM","CE","MCX_FO"
"MCX_FO|434343","434343","CRUDEOIL24AUG7300CE","CRUDE OIL","10.8","2024-08-14","7300","10.0","100","FUTCOM","CE","MCX_FO"
"MCX_FO|427260","427260","SILVER24NOV76500CE","SILVER","9928.5","2024-11-26","76500","50.0","30","FUTCOM","CE","MCX_FO"
"MCX_FO|436615","436615","SILVER25JUN96500CE","SILVER","7364.0","2025-06-25","96500","50.0","30","FUTCOM","CE","MCX_FO"
"MCX_FO|436741","436741","SILVERM25JUN103750CE","SILVER","5828.5","2025-06-19","103750","50.0","5","FUTCOM","CE","MCX_FO"
"MCX_FO|430749","430749","GOLD24NOV71900CE","GOLD","2442.5","2024-11-26","71900","50.0","1","FUTCOM","CE","MCX_FO"
"MCX_FO|436502","436502","GOLDM24SEP74000PE","GOLD","6740.5","2024-09-24","74000","50.0","100","FUTCOM","PE","MCX_FO"
"MCX_FO|437064","437064","CRUDEOIL24OCT7650PE","CRUDE OIL","1221.5","2024-10-17","7650","10.0","100","FUTCOM","PE","MCX_FO"
"MCX_FO|432205","432205","GOLD25MAR75900PE","GOLD","9718.5","2025-03-26","75900","50.0","1","FUTCOM","PE","MCX_FO"
"MCX_FO|435309","435309","SILVERM25FEB107750CE","SILVER","1957.0","2025-02-19","107750","50.0","5","FUTCOM","CE","MCX_FO"
"MCX_FO|435895","435895","CRUDEOIL24SEP6000PE","CRUDE OIL","27.0","2024-09-17","6000","10.0","100","FUTCOM","PE","MCX_FO"
"MCX_FO|433620","433620","SILVERM25APR86500CE","SILVER","9483.5","2025-04-21","86500","50.0","5","FUTCOM","CE","MCX_FO"
"MCX_FO|437678","437678","SILVER25APR83250CE","SILVER","10804.0","2025-04-24","83250","50.0","30","FUTCOM","CE","MCX_FO"
"MCX_FO|433540","433540","SILVER25APR89000PE","SILVER","10089.0","2025-04-24","89000","50.0","30","FUTCOM","PE","MCX_FO"
"MCX_FO|429546","429546","GOLD24SEP68500CE","GOLD","1337.0","2024-09-24","68500","50.0","1","FUTCOM","CE","MCX_FO"
"MCX_FO|436753","436753","SILVERM25JUN99500PE","SILVER","16974.5","2025-06-19","99500","50.0","5","FUTCOM","PE","MCX_FO"
"MCX_FO|433057","433057","COPPER24AUG835CE","COPPER","2.79","2024-08-21","835","1.0","2500","FUTCOM","CE","MCX_FO"
"MCX_FO|434421","434421","GOLD24SEP77200CE","GOLD","447.5","2024-09-24","77200","50.0","1","FUTCOM","CE","MCX_FO"
"MCX_FO|428396","428396","GOLD24NOV58700CE","GOLD","10112.0","2024-11-26","58700","50.0","1","FUTCOM","CE","MCX_FO"
"MCX_FO|428264","428264","GOLD24SEP59800CE","GOLD","8387.0","2024-09-24","59800","50.0","1","FUTCOM","CE","MCX_FO"
"MCX_FO|437722","437722","SILVER25JUN85750PE","SILVER","8821.5","2025-06-25","85750","50.0","30","FUTCOM","PE","MCX_FO"
"MCX_FO|434404","434404","CRUDEOIL24AUG7850PE","CRUDE OIL","1273.1","2024-08-14","7850","10.0","100","FUTCOM","PE","MCX_FO"
"MCX_FO|432190","432190","GOLD24NOV76000PE","GOLD","8789.5","2024-11-26","76000","50.0","1","FUTCOM","PE","MCX_FO"
"MCX_FO|436533","436533","GOLDM24SEP70500PE","GOLD","4197.5","2024-09-24","70500","50.0","100","FUTCOM","PE","MCX_FO"
"MCX_FO|437767","437767","SILVERM25APR85000PE","SILVER","6885.5","2025-04-21","85000","50.0","5","FUTCOM","PE","MCX_FO"
"MCX_FO|435310","435310","SILVERM25FEB108000CE","SILVER","1923.0","2025-02-19","108000","50.0","5","FUTCOM","CE","MCX_FO"
"MCX_FO|426550","426550","GOLD24SEP61700CE","GOLD","6824.0","2024-09-24","61700","50.0","1","FUTCOM","CE","MCX_FO"
"MCX_FO|426567","426567","GOLD24SEP64500CE","GOLD","4803.0","2024-09-24","64500","50.0","1","FUTCOM","CE","MCX_FO"
"MCX_FO|435969","435969","CRUDEOILM24SEP7200CE","CRUDE OIL","11.55","2024-09-17","7200","5.0","10","FUTCOM","CE","MCX_FO"
"MCX_FO|432078","432078","SILVER24AUG92750PE","SILVER","11729.5","2024-08-27","92750","50.0","30","FUTCOM","PE","MCX_FO"
"MCX_FO|437073","437073","SILVER25JUN92250CE","SILVER","8794.0","2025-06-25","92250","50.0","30","FUTCOM","CE","MCX_FO"
"MCX_FO|437165","437165","CRUDEOILM24OCT5900PE","CRUDE OIL","72.2","2024-10-17","5900","5.0","10","FUTCOM","PE","MCX_FO"
"MCX_FO|435113","435113","NATURALGAS24AUG160CE","NATURALGAS","19.7","2024-08-23","160","5.0","1250","FUTCOM","CE","MCX_FO"
"MCX_FO|436523","436523","ZINC24OCT285CE","ZINC","6.87","2024-10-22","285","1.0","5","FUTCOM","CE","MCX_FO"
"MCX_FO|435815","435815","GOLD25MAY75500CE","GOLD","4153.0","2025-05-27","75500","50.0","1","FUTCOM","CE","MCX_FO"
"MCX_FO|436745","436745","SILVERM25JUN104750CE","SILVER","5589.5","2025-06-19","104750","50.0","5","FUTCOM","CE","MCX_FO"
"MCX_FO|435842","435842","CRUDEOIL24SEP6100CE","CRUDE OIL","431.0","2024-09-17","6100","10.0","100","FUTCOM","CE","MCX_FO"
"MCX_FO|435360","435360","COPPER24SEP875CE","COPPER","4.37","2024-09-19","875","1.0","2500","FUTCOM","CE","MCX_FO"
"MCX_FO|435865","435865","CRUDEOIL24SEP7100CE","CRUDE OIL","21.3","2024-09-17","7100","10.0","100","FUTCOM","CE","MCX_FO"
"MCX_FO|437675","437675","SILVER25APR84000CE","SILVER","10445.5","2025-04-24","84000","50.0","30","FUTCOM","CE","MCX_FO"
"MCX_FO|427254","427254","SILVER24NOV78000CE","SILVER","9015.0","2024-11-26","78000","50.0","30","FUTCOM","CE","MCX_FO"
"MCX_FO|430881","430881","SILVER24NOV89750PE","SILVER","9891.0","2024-11-26","89750","50.0","30","FUTCOM","PE","MCX_FO"
"MCX_FO|433343","433343","SILVERM24AUG93000PE","SILVER","11806.5","2024-08-21","93000","50.0","5","FUTCOM","PE","MCX_FO"
"MCX_FO|437433","437433","GOLDM24AUG66600PE","GOLD","1517.0","2024-08-27","66600","50.0","100","FUTCOM","PE","MCX_FO"
"MCX_FO|437896","437896","NATGASMINI24OCT290CE","NATURALGAS","0.0","2024-10-24","290","5.0","250","FUTCOM","CE","MCX_FO"
"MCX_FO|428829","428829","GOLD25JAN61200PE","GOLD","2006.5","2025-01-27","61200","50.0","1","FUTCOM","PE","MCX_FO"
"MCX_FO|437347","437347","GOLDM24AUG67100CE","GOLD","2392.0","2024-08-27","67100","50.0","100","FUTCOM","CE","MCX_FO"
"MCX_FO|428394","428394","GOLD24NOV58900CE","GOLD","9949.0","2024-11-26","58900","50.0","1","FUTCOM","CE","MCX_FO"
"MCX_FO|435860","435860","CRUDEOIL24SEP6850CE","CRUDE OIL","57.0","2024-09-17","6850","10.0","100","FUTCOM","CE","MCX_FO"
"MCX_FO|436168","436168","NATGASMINI24SEP165CE","NATURALGAS","29.0","2024-09-23","165","5.0","250","FUTCOM","CE","MCX_FO"
"MCX_FO|429943","429943","SILVER25FEB83750PE","SILVER","6994.0","2025-02-24","83750","50.0","30","FUTCOM","PE","MCX_FO"
"MCX_FO|430228","430228","GOLD24SEP70100CE","GOLD","1979.5","2024-09-24","70100","50.0","1","FUTCOM","CE","MCX_FO"
"MCX_FO|434176","434176","SILVERM25APR103500CE","SILVER","3875.5","2025-04-21","103500","50.0","5","FUTCOM","CE","MCX_FO"
"MCX_FO|429586","429586","GOLD24SEP69100PE","GOLD","3576.0","2024-09-24","69100","50.0","1","FUTCOM","PE","MCX_FO"
"MCX_FO|426706","426706","SILVER24AUG73500CE","SILVER","8408.5","2024-08-27","73500","50.0","30","FUTCOM","CE","MCX_FO"
"MCX_FO|431676","431676","SILVERM24NOV92250CE","SILVER","2842.0","2024-11-20","92250","50.0","5","FUTCOM","CE","MCX_FO"
"MCX_FO|436464","436464","GOLDM24SEP75200CE","GOLD","638.5","2024-09-24","75200","50.0","100","FUTCOM","CE","MCX_FO"
"MCX_FO|435762","435762","GOLD25MAY71100PE","GOLD","7149.5","2025-05-27","71100","50.0","1","FUTCOM","PE","MCX_FO"
"MCX_FO|427377","427377","GOLD24SEP66700PE","GOLD","2336.0","2024-09-24","66700","50.0","1","FUTCOM","PE","MCX_FO"
"MCX_FO|431164","431164","GOLD24NOV72700PE","GOLD","6398.5","2024-11-26","72700","50.0","1","FUTCOM","PE","MCX_FO"
"MCX_FO|427283","427283","SILVER24NOV82500CE","SILVER","6618.0","2024-11-26","82500","50.0","30","FUTCOM","CE","MCX_FO"
"MCX_FO|437611","437611","GOLD25MAY68500PE","GOLD","5792.0","2025-05-27","68500","50.0","1","FUTCOM","PE","MCX_FO"
"MCX_FO|426965","426965","SILVERM24NOV80000PE","SILVER","4119.5","2024-11-20","80000","50.0","5","FUTCOM","PE","MCX_FO"
"MCX_FO|432207","432207","GOLD25MAR76100PE","GOLD","9853.5","2025-03-26","76100","50.0","1","FUTCOM","PE","MCX_FO"
"MCX_FO|434006","434006","SILVER25FEB100500CE","SILVER","3526.5","2025-02-24","100500","50.0","30","FUTCOM","CE","MCX_FO"
"MCX_FO|428398","428398","GOLD24NOV58500CE","GOLD","10276.5","2024-11-26","58500","50.0","1","FUTCOM","CE","MCX_FO"
"MCX_FO|437007","437007","CRUDEOIL24OCT7400CE","CRUDE OIL","2.6","2024-10-17","7400","10.0","100","FUTCOM","CE","MCX_FO"
"MCX_FO|429331","429331","GOLD24NOV68100PE","GOLD","3675.0","2024-11-26","68100","50.0","1","FUTCOM","PE","MCX_FO"
"MCX_FO|431970","431970","GOLD24NOV75300PE","GOLD","8256.0","2024-11-26","75300","50.0","1","FUTCOM","PE","MCX_FO"
"MCX_FO|434989","434989","CRUDEOILM24AUG7700PE","CRUDE OIL","1126.6","2024-08-14","7700","5.0","10","FUTCOM","PE","MCX_FO"
"MCX_FO|436487","436487","GOLDM24SEP71400PE","GOLD","4799.5","2024-09-24","71400","50.0","100","FUTCOM","PE","MCX_FO"
"MCX_FO|433784","433784","SILVER25APR99750PE","SILVER","16859.5","2025-04-24","99750","50.0","30","FUTCOM","PE","MCX_FO"
"MCX_FO|431401","431401","SILVERM25FEB93750PE","SILVER","12207.0","2025-02-19","93750","50.0","5","FUTCOM","PE","MCX_FO"
"MCX_FO|434991","434991","CRUDEOILM24AUG7800PE","CRUDE OIL","1226.2","2024-08-14","7800","5.0","10","FUTCOM","PE","MCX_FO"
"MCX_FO|431514","431514","SILVER24AUG90000PE","SILVER","9160.0","2024-08-27","90000","50.0","30","FUTCOM","PE","MCX_FO"
"MCX_FO|437887","437887","NATGASMINI24OCT245CE","NATURALGAS","0.0","2024-10-24","245","5.0","250","FUTCOM","CE","MCX_FO"
"MCX_FO|437668","437668","GOLDM24SEP65900PE","GOLD","1793.5","2024-09-24","65900","50.0","100","FUTCOM","PE","MCX_FO"
"MCX_FO|435964","435964","CRUDEOILM24SEP6950CE","CRUDE OIL","35.15","2024-09-17","6950","5.0","10","FUTCOM","CE","MCX_FO"
"MCX_FO|436270","436270","COPPER24OCT815PE","COPPER","36.3","2024-10-22","815","1.0","2500","FUTCOM","PE","MCX_FO"
"MCX_FO|435772","435772","GOLD25MAY70100PE","GOLD","6610.0","2025-05-27","70100","50.0","1","FUTCOM","PE","MCX_FO"
"MCX_FO|436108","436108","NATURALGAS24SEP170CE","NATURALGAS","24.3","2024-09-23","170","5.0","1250","FUTCOM","CE","MCX_FO"
"MCX_FO|433760","433760","SILVER25APR99500CE","SILVER","4926.0","2025-04-24","99500","50.0","30","FUTCOM","CE","MCX_FO"
"MCX_FO|428973","428973","GOLD25JAN65700CE","GOLD","6545.0","2025-01-27","65700","50.0","1","FUTCOM","CE","MCX_FO"
"MCX_FO|432013","432013","GOLD25MAR74400PE","GOLD","8731.5","2025-03-26","74400","50.0","1","FUTCOM","PE","MCX_FO"
"MCX_FO|429283","429283","GOLD24NOV68500CE","GOLD","3772.0","2024-11-26","68500","50.0","1","FUTCOM","CE","MCX_FO"
"MCX_FO|433770","433770","SILVER24AUG95000PE","SILVER","13688.5","2024-08-27","95000","50.0","30","FUTCOM","PE","MCX_FO"
"MCX_FO|436113","436113","NATURALGAS24SEP270CE","NATURALGAS","0.8","2024-09-23","270","5.0","1250","FUTCOM","CE","MCX_FO"
"MCX_FO|435648","435648","NATGASMINI24AUG320PE","NATURALGAS","143.1","2024-08-23","320","5.0","250","FUTCOM","PE","MCX_FO"
"MCX_FO|428857","428857","GOLD25JAN64900PE","GOLD","3299.5","2025-01-27","64900","50.0","1","FUTCOM","PE","MCX_FO"
"MCX_FO|437371","437371","GOLDM24SEP67300CE","GOLD","3123.5","2024-09-24","67300","50.0","100","FUTCOM","CE","MCX_FO"
"MCX_FO|436188","436188","NATGASMINI24SEP215PE","NATURALGAS","34.85","2024-09-23","215","5.0","250","FUTCOM","PE","MCX_FO"
"MCX_FO|436977","436977","CRUDEOIL24OCT5850CE","CRUDE OIL","566.0","2024-10-17","5850","10.0","100","FUTCOM","CE","MCX_FO"
"MCX_FO|432164","432164","GOLD25MAR76000CE","GOLD","3220.0","2025-03-26","76000","50.0","1","FUTCOM","CE","MCX_FO"
"MCX_FO|437615","437615","GOLD25MAY68100PE","GOLD","5596.5","2025-05-27","68100","50.0","1","FUTCOM","PE","MCX_FO"
"MCX_FO|435294","435294","SILVER25FEB108750PE","SILVER","23938.5","2025-02-24","108750","50.0","30","FUTCOM","PE","MCX_FO"
"MCX_FO|436040","436040","GOLD25MAY75700CE","GOLD","4092.5","2025-05-27","75700","50.0","1","FUTCOM","CE","MCX_FO"
"MCX_FO|428747","428747","SILVERM24NOV68500PE","SILVER","890.0","2024-11-20","68500","50.0","5","FUTCOM","PE","MCX_FO"
"MCX_FO|428833","428833","GOLD25JAN60800PE","GOLD","1891.0","2025-01-27","60800","50.0","1","FUTCOM","PE","MCX_FO"
"MCX_FO|429148","429148","GOLD25JAN66900PE","GOLD","4170.0","2025-01-27","66900","50.0","1","FUTCOM","PE","MCX_FO"
"MCX_FO|433034","433034","ZINC24AUG242.5CE","ZINC","11.07","2024-08-21","242.5","1.0","5","FUTCOM","CE","MCX_FO"
"MCX_FO|436101","436101","NATURALGAS24SEP205CE","NATURALGAS","8.8","2024-09-23","205","5.0","1250","FUTCOM","CE","MCX_FO"
"MCX_FO|436436","436436","GOLDM24SEP71500CE","GOLD","1442.0","2024-09-24","71500","50.0","100","FUTCOM","CE","MCX_FO"
"MCX_FO|435615","435615","GOLDM24AUG69800CE","GOLD","1230.0","2024-08-27","69800","50.0","100","FUTCOM","CE","MCX_FO"
"MCX_FO|437488","437488","SILVER25JUN86250CE","SILVER","11202.5","2025-06-25","86250","50.0","30","FUTCOM","CE","MCX_FO"
"MCX_FO|435277","435277","SILVER24NOV105750CE","SILVER","883.5","2024-11-26","105750","50.0","30","FUTCOM","CE","MCX_FO"
"MCX_FO|435178","435178","SILVER25FEB108250PE","SILVER","23528.0","2025-02-24","108250","50.0","30","FUTCOM","PE","MCX_FO"
"MCX_FO|434139","434139","SILVERM24NOV97500CE","SILVER","1734.5","2024-11-20","97500","50.0","5","FUTCOM","CE","MCX_FO"
"MCX_FO|436349","436349","NATGASMINI24AUG135PE","NATURALGAS","0.3","2024-08-23","135","5.0","250","FUTCOM","PE","MCX_FO"
"MCX_FO|437559","437559","ZINC24OCT225CE","ZINC","28.67","2024-10-22","225","1.0","5","FUTCOM","CE","MCX_FO"
"MCX_FO|436835","436835","GOLDM24SEP77000CE","GOLD","411.5","2024-09-24","77000","50.0","100","FUTCOM","CE","MCX_FO"
"MCX_FO|431824","431824","GOLD24SEP75600PE","GOLD","8284.5","2024-09-24","75600","50.0","1","FUTCOM","PE","MCX_FO"
"MCX_FO|434465","434465","GOLD25MAR78200PE","GOLD","11318.5","2025-03-26","78200","50.0","1","FUTCOM","PE","MCX_FO"
"MCX_FO|437597","437597","GOLD25MAR67900PE","GOLD","5046.5","2025-03-26","67900","50.0","1","FUTCOM","PE","MCX_FO"
"MCX_FO|428154","428154","GOLD24SEP60300CE","GOLD","7962.5","2024-09-24","60300","50.0","1","FUTCOM","CE","MCX_FO"
"MCX_FO|426829","426829","SILVERM24AUG82000CE","SILVER","2026.5","2024-08-21","82000","50.0","5","FUTCOM","CE","MCX_FO"
"MCX_FO|437646","437646","GOLDM24SEP65800CE","GOLD","3960.5","2024-09-24","65800","50.0","100","FUTCOM","CE","MCX_FO"
"MCX_FO|427918","427918","GOLD24NOV61300PE","GOLD","1165.0","2024-11-26","61300","50.0","1","FUTCOM","PE","MCX_FO"
"MCX_FO|429548","429548","GOLD24SEP68700CE","GOLD","2530.0","2024-09-24","68700","50.0","1","FUTCOM","CE","MCX_FO"
"MCX_FO|437120","437120","CRUDEOILM24OCT5550CE","CRUDE OIL","856.15","2024-10-17","5550","5.0","10","FUTCOM","CE","MCX_FO"
"MCX_FO|427191","427191","GOLD24NOV66400CE","GOLD","4817.0","2024-11-26","66400","50.0","1","FUTCOM","CE","MCX_FO"
"MCX_FO|434816","434816","SILVERM24NOV100500PE","SILVER","17754.0","2024-11-20","100500","50.0","5","FUTCOM","PE","MCX_FO"
"MCX_FO|437879","437879","NATGASMINI24OCT170CE","NATURALGAS","0.0","2024-10-24","170","5.0","250","FUTCOM","CE","MCX_FO"
"MCX_FO|436051","436051","GOLD25MAY75900CE","GOLD","4033.0","2025-05-27","75900","50.0","1","FUTCOM","CE","MCX_FO"
"MCX_FO|426569","426569","GOLD24SEP64700CE","GOLD","4673.5","2024-09-24","64700","50.0","1","FUTCOM","CE","MCX_FO"
"MCX_FO|433903","433903","GOLD24SEP76600PE","GOLD","9140.5","2024-09-24","76600","50.0","1","FUTCOM","PE","MCX_FO"
"MCX_FO|433040","433040","ZINC24AUG275CE","ZINC","0.16","2024-08-21","275","1.0","5","FUTCOM","CE","MCX_FO"
"MCX_FO|434968","434968","CRUDEOILM24AUG6650PE","CRUDE OIL","208.4","2024-08-14","6650","5.0","10","FUTCOM","PE","MCX_FO"
"MCX_FO|437667","437667","GOLDM24SEP66000PE","GOLD","1833.5","2024-09-24","66000","50.0","100","FUTCOM","PE","MCX_FO"
"MCX_FO|434818","434818","SILVERM24NOV101000PE","SILVER","18179.0","2024-11-20","101000","50.0","5","FUTCOM","PE","MCX_FO"
"MCX_FO|435787","435787","GOLD25MAY73500PE","GOLD","8531.0","2025-05-27","73500","50.0","1","FUTCOM","PE","MCX_FO"
"MCX_FO|435217","435217","NATGASMINI24AUG185CE","NATURALGAS","7.85","2024-08-23","185","5.0","250","FUTCOM","CE","MCX_FO"
"MCX_FO|429145","429145","GOLD25JAN66800CE","GOLD","5974.5","2025-01-27","66800","50.0","1","FUTCOM","CE","MCX_FO"
"MCX_FO|435516","435516","GOLDM24AUG72700CE","GOLD","519.0","2024-08-27","72700","50.0","100","FUTCOM","CE","MCX_FO"
"MCX_FO|436675","436675","SILVER25JUN94000PE","SILVER","13305.0","2025-06-25","94000","50.0","30","FUTCOM","PE","MCX_FO"
"MCX_FO|426979","426979","SILVERM24NOV83500PE","SILVER","5777.5","2024-11-20","83500","50.0","5","FUTCOM","PE","MCX_FO"
"MCX_FO|427223","427223","GOLD24NOV64100PE","GOLD","1978.5","2024-11-26","64100","50.0","1","FUTCOM","PE","MCX_FO"
"MCX_FO|428803","428803","GOLD25JAN64500CE","GOLD","7209.0","2025-01-27","64500","50.0","1","FUTCOM","CE","MCX_FO"
"MCX_FO|429290","429290","GOLD25JAN68500CE","GOLD","5164.0","2025-01-27","68500","50.0","1","FUTCOM","CE","MCX_FO"
"MCX_FO|434009","434009","SILVER25FEB101250CE","SILVER","3368.0","2025-02-24","101250","50.0","30","FUTCOM","CE","MCX_FO"
"MCX_FO|436264","436264","COPPER24OCT845PE","COPPER","53.23","2024-10-22","845","1.0","2500","FUTCOM","PE","MCX_FO"
"MCX_FO|434850","434850","SILVERM25APR104750PE","SILVER","19044.0","2025-04-21","104750","50.0","5","FUTCOM","PE","MCX_FO"
"MCX_FO|433776","433776","SILVER25APR97750PE","SILVER","15487.5","2025-04-24","97750","50.0","30","FUTCOM","PE","MCX_FO"
"MCX_FO|434355","434355","CRUDEOIL24AUG6550PE","CRUDE OIL","192.8","2024-08-14","6550","10.0","100","FUTCOM","PE","MCX_FO"
"MCX_FO|436737","436737","SILVERM25JUN102750CE","SILVER","6076.5","2025-06-19","102750","50.0","5","FUTCOM","CE","MCX_FO"
"MCX_FO|436170","436170","NATGASMINI24SEP250CE","NATURALGAS","2.3","2024-09-23","250","5.0","250","FUTCOM","CE","MCX_FO"
"MCX_FO|429910","429910","SILVER25FEB88000CE","SILVER","7285.0","2025-02-24","88000","50.0","30","FUTCOM","CE","MCX_FO"
"MCX_FO|435898","435898","CRUDEOIL24SEP5850PE","CRUDE OIL","12.1","2024-09-17","5850","10.0","100","FUTCOM","PE","MCX_FO"
"MCX_FO|434057","434057","SILVER24AUG97500PE","SILVER","16189.0","2024-08-27","97500","50.0","30","FUTCOM","PE","MCX_FO"
"MCX_FO|427145","427145","GOLD24NOV63900CE","GOLD","6293.0","2024-11-26","63900","50.0","1","FUTCOM","CE","MCX_FO"
"MCX_FO|435555","435555","GOLDM24AUG70900PE","GOLD","4025.0","2024-08-27","70900","50.0","100","FUTCOM","PE","MCX_FO"
"MCX_FO|431521","431521","SILVER24NOV92750PE","SILVER","11979.0","2024-11-26","92750","50.0","30","FUTCOM","PE","MCX_FO"
"MCX_FO|432438","432438","GOLD25MAR69500CE","GOLD","5490.5","2025-03-26","69500","50.0","1","FUTCOM","CE","MCX_FO"
"MCX_FO|434671","434671","SILVER25FEB106500PE","SILVER","22107.0","2025-02-24","106500","50.0","30","FUTCOM","PE","MCX_FO"
"MCX_FO|437643","437643","GOLDM24SEP66100CE","GOLD","3782.5","2024-09-24","66100","50.0","100","FUTCOM","CE","MCX_FO"
"MCX_FO|433733","433733","GOLD24SEP76200PE","GOLD","8795.0","2024-09-24","76200","50.0","1","FUTCOM","PE","MCX_FO"
"MCX_FO|437373","437373","GOLDM24SEP67100CE","GOLD","3228.0","2024-09-24","67100","50.0","100","FUTCOM","CE","MCX_FO"
"MCX_FO|433504","433504","SILVER25APR94750CE","SILVER","6265.5","2025-04-24","94750","50.0","30","FUTCOM","CE","MCX_FO"
"MCX_FO|436329","436329","CRUDEOIL24AUG8150CE","CRUDE OIL","0.1","2024-08-14","8150","10.0","100","FUTCOM","CE","MCX_FO"
"MCX_FO|436052","436052","GOLD25MAY76000CE","GOLD","4003.5","2025-05-27","76000","50.0","1","FUTCOM","CE","MCX_FO"
"MCX_FO|437483","437483","SILVER25JUN87500CE","SILVER","10661.0","2025-06-25","87500","50.0","30","FUTCOM","CE","MCX_FO"
"MCX_FO|435196","435196","SILVERM24NOV104750PE","SILVER","21448.5","2024-11-20","104750","50.0","5","FUTCOM","PE","MCX_FO"
"MCX_FO|432783","432783","GOLD25MAR68600PE","GOLD","5393.5","2025-03-26","68600","50.0","1","FUTCOM","PE","MCX_FO"
"MCX_FO|428764","428764","GOLD25JAN62700CE","GOLD","8286.5","2025-01-27","62700","50.0","1","FUTCOM","CE","MCX_FO"
"MCX_FO|427743","427743","SILVER24NOV71500PE","SILVER","1658.5","2024-11-26","71500","50.0","30","FUTCOM","PE","MCX_FO"
"MCX_FO|428292","428292","GOLD24NOV59700PE","GOLD","825.5","2024-11-26","59700","50.0","1","FUTCOM","PE","MCX_FO"
"MCX_FO|437860","437860","NATURALGAS24OCT300PE","NATURALGAS","0.0","2024-10-24","300","5.0","1250","FUTCOM","PE","MCX_FO"
"MCX_FO|434714","434714","SILVERM24AUG99250CE","SILVER","38.0","2024-08-21","99250","50.0","5","FUTCOM","CE","MCX_FO"
"MCX_FO|435396","435396","ZINC24SEP277.5CE","ZINC","4.2","2024-09-19","277.5","1.0","5","FUTCOM","CE","MCX_FO"
"MCX_FO|431987","431987","GOLD25MAR71300PE","GOLD","6847.5","2025-03-26","71300","50.0","1","FUTCOM","PE","MCX_FO"
"MCX_FO|430891","430891","SILVER25FEB91250PE","SILVER","11140.5","2025-02-24","91250","50.0","30","FUTCOM","PE","MCX_FO"
"MCX_FO|429200","429200","GOLD25JAN67100PE","GOLD","4263.5","2025-01-27","67100","50.0","1","FUTCOM","PE","MCX_FO"
"MCX_FO|428846","428846","GOLD25JAN63800PE","GOLD","2872.5","2025-01-27","63800","50.0","1","FUTCOM","PE","MCX_FO"
"MCX_FO|436139","436139","NATURALGAS24SEP250PE","NATURALGAS","64.8","2024-09-23","250","5.0","1250","FUTCOM","PE","MCX_FO"
"MCX_FO|434656","434656","SILVER24NOV104000PE","SILVER","21061.5","2024-11-26","104000","50.0","30","FUTCOM","PE","MCX_FO"
"MCX_FO|434678","434678","SILVER25APR105250PE","SILVER","20856.0","2025-04-24","105250","50.0","30","FUTCOM","PE","MCX_FO"
"MCX_FO|426770","426770","SILVER24AUG79750PE","SILVER","2472.5","2024-08-27","79750","50.0","30","FUTCOM","PE","MCX_FO"
"MCX_FO|434016","434016","SILVER25FEB103000CE","SILVER","3021.0","2025-02-24","103000","50.0","30","FUTCOM","CE","MCX_FO"
"MCX_FO|430782","430782","GOLD24SEP71400PE","GOLD","5040.0","2024-09-24","71400","50.0","1","FUTCOM","PE","MCX_FO"
"MCX_FO|432193","432193","GOLD25JAN75700PE","GOLD","9349.5","2025-01-27","75700","50.0","1","FUTCOM","PE","MCX_FO"
"MCX_FO|434855","434855","SILVERM25APR106000PE","SILVER","19981.0","2025-04-21","106000","50.0","5","FUTCOM","PE","MCX_FO"
"MCX_FO|431493","431493","SILVER24AUG90250CE","SILVER","659.0","2024-08-27","90250","50.0","30","FUTCOM","CE","MCX_FO"
"MCX_FO|430734","430734","GOLD24SEP71500CE","GOLD","1524.0","2024-09-24","71500","50.0","1","FUTCOM","CE","MCX_FO"
"MCX_FO|437617","437617","GOLD25MAY67900PE","GOLD","5500.0","2025-05-27","67900","50.0","1","FUTCOM","PE","MCX_FO"
"MCX_FO|436637","436637","SILVER25JUN103000CE","SILVER","5565.5","2025-06-25","103000","50.0","30","FUTCOM","CE","MCX_FO"
"MCX_FO|437186","437186","CRUDEOILM24OCT7000PE","CRUDE OIL","658.7","2024-10-17","7000","5.0","10","FUTCOM","PE","MCX_FO"
"MCX_FO|434248","434248","SILVERM25APR103000PE","SILVER","17759.5","2025-04-21","103000","50.0","5","FUTCOM","PE","MCX_FO"
"MCX_FO|433383","433383","GOLD25JAN76800CE","GOLD","2339.0","2025-01-27","76800","50.0","1","FUTCOM","CE","MCX_FO"
"MCX_FO|429598","429598","GOLD25JAN69700PE","GOLD","5589.0","2025-01-27","69700","50.0","1","FUTCOM","PE","MCX_FO"
"MCX_FO|436958","436958","CRUDEOILM24OCT6550PE","CRUDE OIL","336.7","2024-10-17","6550","5.0","10","FUTCOM","PE","MCX_FO"
"MCX_FO|436316","436316","NATGASMINI24SEP150CE","NATURALGAS","40.0","2024-09-23","150","5.0","250","FUTCOM","CE","MCX_FO"
"MCX_FO|429275","429275","GOLD24SEP68300CE","GOLD","2705.5","2024-09-24","68300","50.0","1","FUTCOM","CE","MCX_FO"
"MCX_FO|435493","435493","GOLDM24AUG72100CE","GOLD","628.5","2024-08-27","72100","50.0","100","FUTCOM","CE","MCX_FO"
"MCX_FO|435534","435534","GOLDM24AUG74500CE","GOLD","281.0","2024-08-27","74500","50.0","100","FUTCOM","CE","MCX_FO"
"MCX_FO|431498","431498","SILVER24NOV92500CE","SILVER","3013.0","2024-11-26","92500","50.0","30","FUTCOM","CE","MCX_FO"
"MCX_FO|430100","430100","SILVERM25FEB88000PE","SILVER","8706.5","2025-02-19","88000","50.0","5","FUTCOM","PE","MCX_FO"
"MCX_FO|430944","430944","SILVERM25FEB91000PE","SILVER","10463.0","2025-02-19","91000","50.0","5","FUTCOM","PE","MCX_FO"
"MCX_FO|427406","427406","SILVERM24AUG84750PE","SILVER","4879.5","2024-08-21","84750","50.0","5","FUTCOM","PE","MCX_FO"
"MCX_FO|431816","431816","GOLD24SEP74800PE","GOLD","7619.5","2024-09-24","74800","50.0","1","FUTCOM","PE","MCX_FO"
"MCX_FO|437880","437880","NATGASMINI24OCT165CE","NATURALGAS","0.0","2024-10-24","165","5.0","250","FUTCOM","CE","MCX_FO"
"MCX_FO|429684","429684","GOLD24SEP69500CE","GOLD","929.5","2024-09-24","69500","50.0","1","FUTCOM","CE","MCX_FO"
"MCX_FO|435236","435236","NATGASMINI24AUG315CE","NATURALGAS","0.05","2024-08-23","315","5.0","250","FUTCOM","CE","MCX_FO"
"MCX_FO|427679","427679","SILVERM24AUG71000PE","SILVER","183.5","2024-08-21","71000","50.0","5","FUTCOM","PE","MCX_FO"
"MCX_FO|429874","429874","SILVER25FEB79250CE","SILVER","11449.0","2025-02-24","79250","50.0","30","FUTCOM","CE","MCX_FO"
"MCX_FO|426571","426571","GOLD24SEP64900CE","GOLD","4546.0","2024-09-24","64900","50.0","1","FUTCOM","CE","MCX_FO"
"MCX_FO|428854","428854","GOLD25JAN64600PE","GOLD","3179.5","2025-01-27","64600","50.0","1","FUTCOM","PE","MCX_FO"
"MCX_FO|428187","428187","GOLD24SEP60100PE","GOLD","451.0","2024-09-24","60100","50.0","1","FUTCOM","PE","MCX_FO"
"MCX_FO|435953","435953","CRUDEOILM24SEP5850CE","CRUDE OIL","647.25","2024-09-17","5850","5.0","10","FUTCOM","CE","MCX_FO"
"MCX_FO|436152","436152","NATURALGAS24SEP315PE","NATURALGAS","127.4","2024-09-23","315","5.0","1250","FUTCOM","PE","MCX_FO"
"MCX_FO|428805","428805","GOLD25JAN64700CE","GOLD","7095.5","2025-01-27","64700","50.0","1","FUTCOM","CE","MCX_FO"
"MCX_FO|436261","436261","COPPER24OCT875CE","COPPER","17.02","2024-10-22","875","1.0","2500","FUTCOM","CE","MCX_FO"
"MCX_FO|431797","431797","GOLD24SEP75000CE","GOLD","207.0","2024-09-24","75000","50.0","1","FUTCOM","CE","MCX_FO"
"MCX_FO|433996","433996","SILVER24NOV98750CE","SILVER","1729.5","2024-11-26","98750","50.0","30","FUTCOM","CE","MCX_FO"
"MCX_FO|437772","437772","SILVERM25APR83750PE","SILVER","6319.0","2025-04-21","83750","50.0","5","FUTCOM","PE","MCX_FO"
"MCX_FO|436628","436628","SILVER25JUN100750CE","SILVER","6138.5","2025-06-25","100750","50.0","30","FUTCOM","CE","MCX_FO"
"MCX_FO|437136","437136","CRUDEOILM24OCT7100CE","CRUDE OIL","52.15","2024-10-17","7100","5.0","10","FUTCOM","CE","MCX_FO"
"MCX_FO|434542","434542","SILVER24AUG100000CE","SILVER","150.0","2024-08-27","100000","50.0","30","FUTCOM","CE","MCX_FO"
"MCX_FO|435344","435344","ZINC24SEP267.5PE","ZINC","22.88","2024-09-19","267.5","1.0","5","FUTCOM","PE","MCX_FO"
"MCX_FO|426664","426664","GOLD24SEP64200PE","GOLD","1372.5","2024-09-24","64200","50.0","1","FUTCOM","PE","MCX_FO"
"MCX_FO|434401","434401","CRUDEOIL24AUG7700PE","CRUDE OIL","1123.7","2024-08-14","7700","10.0","100","FUTCOM","PE","MCX_FO"
"MCX_FO|436084","436084","COPPER24SEP815CE","COPPER","18.83","2024-09-19","815","1.0","2500","FUTCOM","CE","MCX_FO"
"MCX_FO|437842","437842","NATURALGAS24OCT165PE","NATURALGAS","0.0","2024-10-24","165","5.0","1250","FUTCOM","PE","MCX_FO"
"MCX_FO|426972","426972","SILVERM24NOV81750PE","SILVER","4908.0","2024-11-20","81750","50.0","5","FUTCOM","PE","MCX_FO"
"MCX_FO|433468","433468","SILVER25APR90500CE","SILVER","7714.0","2025-04-24","90500","50.0","30","FUTCOM","CE","MCX_FO"
"MCX_FO|436702","436702","SILVERM25JUN99750CE","SILVER","6878.0","2025-06-19","99750","50.0","5","FUTCOM","CE","MCX_FO"
"MCX_FO|431120","431120","GOLD25JAN73300CE","GOLD","3317.5","2025-01-27","73300","50.0","1","FUTCOM","CE","MCX_FO"
"MCX_FO|431784","431784","SILVERM25FEB96250PE","SILVER","13895.0","2025-02-19","96250","50.0","5","FUTCOM","PE","MCX_FO"
"MCX_FO|430677","430677","SILVERM24NOV87250PE","SILVER","7904.0","2024-11-20","87250","50.0","5","FUTCOM","PE","MCX_FO"
"MCX_FO|436071","436071","CRUDEOIL24SEP8000CE","CRUDE OIL","0.2","2024-09-17","8000","10.0","100","FUTCOM","CE","MCX_FO"
"MCX_FO|431776","431776","SILVER25FEB96000PE","SILVER","14237.0","2025-02-24","96000","50.0","30","FUTCOM","PE","MCX_FO"
"MCX_FO|433463","433463","SILVER25FEB98500CE","SILVER","3982.5","2025-02-24","98500","50.0","30","FUTCOM","CE","MCX_FO"
"MCX_FO|433500","433500","SILVER25APR93750CE","SILVER","6584.0","2025-04-24","93750","50.0","30","FUTCOM","CE","MCX_FO"
"MCX_FO|435267","435267","NATURALGAS24AUG155CE","NATURALGAS","23.0","2024-08-23","155","5.0","1250","FUTCOM","CE","MCX_FO"
"MCX_FO|436948","436948","GOLD25MAY78800PE","GOLD","11972.5","2025-05-27","78800","50.0","1","FUTCOM","PE","MCX_FO"
"MCX_FO|437014","437014","CRUDEOIL24OCT7750CE","CRUDE OIL","0.3","2024-10-17","7750","10.0","100","FUTCOM","CE","MCX_FO"
"MCX_FO|436257","436257","COPPER24OCT855CE","COPPER","22.82","2024-10-22","855","1.0","2500","FUTCOM","CE","MCX_FO"
"MCX_FO|430750","430750","GOLD24NOV72000CE","GOLD","2409.5","2024-11-26","72000","50.0","1","FUTCOM","CE","MCX_FO"
"MCX_FO|431451","431451","GOLD24SEP73800PE","GOLD","6816.5","2024-09-24","73800","50.0","1","FUTCOM","PE","MCX_FO"
"MCX_FO|436221","436221","COPPER24SEP775CE","COPPER","39.32","2024-09-19","775","1.0","2500","FUTCOM","CE","MCX_FO"
"MCX_FO|436666","436666","SILVER25JUN96250PE","SILVER","14676.0","2025-06-25","96250","50.0","30","FUTCOM","PE","MCX_FO"
"MCX_FO|427673","427673","SILVER24AUG71500PE","SILVER","355.5","2024-08-27","71500","50.0","30","FUTCOM","PE","MCX_FO"
"MCX_FO|435005","435005","CRUDEOIL24AUG5300CE","CRUDE OIL","1267.1","2024-08-14","5300","10.0","100","FUTCOM","CE","MCX_FO"
"MCX_FO|434026","434026","SILVER25APR103250CE","SILVER","4051.5","2025-04-24","103250","50.0","30","FUTCOM","CE","MCX_FO"
"MCX_FO|436185","436185","NATGASMINI24SEP230PE","NATURALGAS","46.85","2024-09-23","230","5.0","250","FUTCOM","PE","MCX_FO"
"MCX_FO|435404","435404","ZINC24SEP255PE","ZINC","14.91","2024-09-19","255","1.0","5","FUTCOM","PE","MCX_FO"
"MCX_FO|429326","429326","GOLD24SEP68200PE","GOLD","3075.0","2024-09-24","68200","50.0","1","FUTCOM","PE","MCX_FO"
"MCX_FO|435601","435601","GOLDM24AUG75200PE","GOLD","7612.0","2024-08-27","75200","50.0","100","FUTCOM","PE","MCX_FO"
"MCX_FO|431658","431658","SILVER25FEB95500CE","SILVER","4762.0","2025-02-24","95500","50.0","30","FUTCOM","CE","MCX_FO"
"MCX_FO|434242","434242","SILVERM25APR101500PE","SILVER","16685.0","2025-04-21","101500","50.0","5","FUTCOM","PE","MCX_FO"
"MCX_FO|435590","435590","ZINC24SEP242.5CE","ZINC","17.22","2024-09-19","242.5","1.0","5","FUTCOM","CE","MCX_FO"
"MCX_FO|434978","434978","CRUDEOILM24AUG7150PE","CRUDE OIL","582.1","2024-08-14","7150","5.0","10","FUTCOM","PE","MCX_FO"
"MCX_FO|436220","436220","COPPER24SEP780CE","COPPER","36.22","2024-09-19","780","1.0","2500","FUTCOM","CE","MCX_FO"
"MCX_FO|436158","436158","NATGASMINI24SEP215CE","NATURALGAS","7.35","2024-09-23","215","5.0","250","FUTCOM","CE","MCX_FO"
"MCX_FO|437079","437079","SILVER25JUN93000PE","SILVER","12715.0","2025-06-25","93000","50.0","30","FUTCOM","PE","MCX_FO"
"MCX_FO|435288","435288","SILVER24AUG103750PE","SILVER","22298.0","2024-08-27","103750","50.0","30","FUTCOM","PE","MCX_FO"
"MCX_FO|434418","434418","GOLD24SEP76900CE","GOLD","480.5","2024-09-24","76900","50.0","1","FUTCOM","CE","MCX_FO"
"MCX_FO|428793","428793","GOLD25JAN63500CE","GOLD","7795.5","2025-01-27","63500","50.0","1","FUTCOM","CE","MCX_FO"
"MCX_FO|437680","437680","SILVER25APR82750CE","SILVER","11048.0","2025-04-24","82750","50.0","30","FUTCOM","CE","MCX_FO"
"MCX_FO|431097","431097","GOLD24NOV72600CE","GOLD","2220.5","2024-11-26","72600","50.0","1","FUTCOM","CE","MCX_FO"
"MCX_FO|426661","426661","GOLD24SEP63900PE","GOLD","1279.0","2024-09-24","63900","50.0","1","FUTCOM","PE","MCX_FO"
"MCX_FO|436047","436047","CRUDEOIL24SEP7950CE","CRUDE OIL","0.2","2024-09-17","7950","10.0","100","FUTCOM","CE","MCX_FO"
"MCX_FO|426649","426649","GOLD24SEP61800PE","GOLD","745.0","2024-09-24","61800","50.0","1","FUTCOM","PE","MCX_FO"
"MCX_FO|437630","437630","GOLDM24AUG66100CE","GOLD","2962.0","2024-08-27","66100","50.0","100","FUTCOM","CE","MCX_FO"
"MCX_FO|426930","426930","SILVERM24AUG82250PE","SILVER","3323.0","2024-08-21","82250","50.0","5","FUTCOM","PE","MCX_FO"
"MCX_FO|428133","428133","SILVER24AUG68500CE","SILVER","12880.0","2024-08-27","68500","50.0","30","FUTCOM","CE","MCX_FO"
"MCX_FO|436334","436334","CRUDEOIL24SEP8050PE","CRUDE OIL","1541.8","2024-09-17","8050","10.0","100","FUTCOM","PE","MCX_FO"
"MCX_FO|437210","437210","COPPER24OCT790PE","COPPER","24.99","2024-10-22","790","1.0","2500","FUTCOM","PE","MCX_FO"
"MCX_FO|429319","429319","GOLD24SEP67500PE","GOLD","1002.5","2024-09-24","67500","50.0","1","FUTCOM","PE","MCX_FO"
"MCX_FO|431851","431851","SILVER25FEB96250CE","SILVER","4556.0","2025-02-24","96250","50.0","30","FUTCOM","CE","MCX_FO"
"MCX_FO|431015","431015","SILVERM24AUG87750PE","SILVER","7123.5","2024-08-21","87750","50.0","5","FUTCOM","PE","MCX_FO"
"MCX_FO|436919","436919","ZINC24OCT240PE","ZINC","19.29","2024-10-22","240","1.0","5","FUTCOM","PE","MCX_FO"
"MCX_FO|431735","431735","GOLD24NOV74800CE","GOLD","1625.0","2024-11-26","74800","50.0","1","FUTCOM","CE","MCX_FO"
"MCX_FO|427942","427942","SILVERM24AUG68750PE","SILVER","75.0","2024-08-21","68750","50.0","5","FUTCOM","PE","MCX_FO"
"MCX_FO|433706","433706","SILVERM25APR95250PE","SILVER","12506.0","2025-04-21","95250","50.0","5","FUTCOM","PE","MCX_FO"
"MCX_FO|436066","436066","COPPER24SEP820CE","COPPER","16.95","2024-09-19","820","1.0","2500","FUTCOM","CE","MCX_FO"
"MCX_FO|432075","432075","SILVER24AUG92000PE","SILVER","10948.0","2024-08-27","92000","50.0","30","FUTCOM","PE","MCX_FO"
"MCX_FO|437520","437520","SILVERM25JUN87500CE","SILVER","11179.0","2025-06-19","87500","50.0","5","FUTCOM","CE","MCX_FO"
"MCX_FO|427394","427394","SILVER24AUG84750CE","SILVER","1872.0","2024-08-27","84750","50.0","30","FUTCOM","CE","MCX_FO"
"MCX_FO|434384","434384","CRUDEOIL24AUG6850PE","CRUDE OIL","387.7","2024-08-14","6850","10.0","100","FUTCOM","PE","MCX_FO"
"MCX_FO|435092","435092","SILVERM25APR109000PE","SILVER","22291.5","2025-04-21","109000","50.0","5","FUTCOM","PE","MCX_FO"
"MCX_FO|426960","426960","SILVERM24NOV74000PE","SILVER","2032.5","2024-11-20","74000","50.0","5","FUTCOM","PE","MCX_FO"
"MCX_FO|436310","436310","ZINC24OCT275PE","ZINC","41.78","2024-10-22","275","1.0","5","FUTCOM","PE","MCX_FO"
"MCX_FO|437871","437871","NATGASMINI24OCT210CE","NATURALGAS","0.0","2024-10-24","210","5.0","250","FUTCOM","CE","MCX_FO"
"MCX_FO|426548","426548","GOLD24SEP61900CE","GOLD","6667.5","2024-09-24","61900","50.0","1","FUTCOM","CE","MCX_FO"
"MCX_FO|436923","436923","NATGASMINI24AUG105CE","NATURALGAS","70.7","2024-08-23","105","5.0","250","FUTCOM","CE","MCX_FO"
"MCX_FO|434001","434001","SILVER24NOV100000CE","SILVER","1539.5","2024-11-26","100000","50.0","30","FUTCOM","CE","MCX_FO"
"MCX_FO|427168","427168","GOLD24NOV61600CE","GOLD","7866.0","2024-11-26","61600","50.0","1","FUTCOM","CE","MCX_FO"
"MCX_FO|430741","430741","GOLD24SEP72200CE","GOLD","1329.5","2024-09-24","72200","50.0","1","FUTCOM","CE","MCX_FO"
"MCX_FO|431019","431019","SILVERM24NOV89250PE","SILVER","9175.5","2024-11-20","89250","50.0","5","FUTCOM","PE","MCX_FO"
"MCX_FO|434770","434770","SILVERM25APR106250CE","SILVER","3313.5","2025-04-21","106250","50.0","5","FUTCOM","CE","MCX_FO"
"MCX_FO|433476","433476","SILVER25APR88500CE","SILVER","8485.0","2025-04-24","88500","50.0","30","FUTCOM","CE","MCX_FO"
"MCX_FO|432097","432097","SILVERM24AUG92500CE","SILVER","237.5","2024-08-21","92500","50.0","5","FUTCOM","CE","MCX_FO"
"MCX_FO|430908","430908","SILVERM24NOV89000CE","SILVER","3784.0","2024-11-20","89000","50.0","5","FUTCOM","CE","MCX_FO"
"MCX_FO|427558","427558","GOLD24SEP67000PE","GOLD","906.0","2024-09-24","67000","50.0","1","FUTCOM","PE","MCX_FO"
"MCX_FO|436459","436459","GOLDM24SEP74700CE","GOLD","718.0","2024-09-24","74700","50.0","100","FUTCOM","CE","MCX_FO"
"MCX_FO|434311","434311","CRUDEOIL24AUG6250CE","CRUDE OIL","289.8","2024-08-14","6250","10.0","100","FUTCOM","CE","MCX_FO"
"MCX_FO|431171","431171","GOLD24NOV73400PE","GOLD","6878.0","2024-11-26","73400","50.0","1","FUTCOM","PE","MCX_FO"
"MCX_FO|436914","436914","NATURALGAS24AUG105PE","NATURALGAS","0.05","2024-08-23","105","5.0","1250","FUTCOM","PE","MCX_FO"
"MCX_FO|432149","432149","GOLD24NOV76100CE","GOLD","1339.5","2024-11-26","76100","50.0","1","FUTCOM","CE","MCX_FO"
"MCX_FO|427939","427939","SILVERM24NOV70750CE","SILVER","13886.0","2024-11-20","70750","50.0","5","FUTCOM","CE","MCX_FO"
"MCX_FO|434587","434587","SILVER25FEB107250CE","SILVER","2308.0","2025-02-24","107250","50.0","30","FUTCOM","CE","MCX_FO"
"MCX_FO|431025","431025","SILVERM25FEB93000PE","SILVER","11719.5","2025-02-19","93000","50.0","5","FUTCOM","PE","MCX_FO"
"MCX_FO|430981","430981","SILVER24AUG88250CE","SILVER","986.5","2024-08-27","88250","50.0","30","FUTCOM","CE","MCX_FO"
"MCX_FO|426537","426537","GOLD24SEP63000CE","GOLD","5839.5","2024-09-24","63000","50.0","1","FUTCOM","CE","MCX_FO"
"MCX_FO|437109","437109","CRUDEOILM24OCT6100CE","CRUDE OIL","421.15","2024-10-17","6100","5.0","10","FUTCOM","CE","MCX_FO"
"MCX_FO|427973","427973","GOLD24NOV61200CE","GOLD","8159.0","2024-11-26","61200","50.0","1","FUTCOM","CE","MCX_FO"
"MCX_FO|428977","428977","GOLD25JAN66100CE","GOLD","6333.5","2025-01-27","66100","50.0","1","FUTCOM","CE","MCX_FO"
"MCX_FO|436679","436679","SILVER25JUN101000PE","SILVER","17757.0","2025-06-25","101000","50.0","30","FUTCOM","PE","MCX_FO"
"MCX_FO|435673","435673","NATURALGAS24AUG330CE","NATURALGAS","0.05","2024-08-23","330","5.0","1250","FUTCOM","CE","MCX_FO"
"MCX_FO|434966","434966","CRUDEOILM24AUG5400PE","CRUDE OIL","0.05","2024-08-14","5400","5.0","10","FUTCOM","PE","MCX_FO"
"MCX_FO|437850","437850","NATURALGAS24OCT250PE","NATURALGAS","0.0","2024-10-24","250","5.0","1250","FUTCOM","PE","MCX_FO"
"MCX_FO|431706","431706","SILVER24AUG91250PE","SILVER","10389.0","2024-08-27","91250","50.0","30","FUTCOM","PE","MCX_FO"
"MCX_FO|426853","426853","SILVERM24NOV75750CE","SILVER","10266.0","2024-11-20","75750","50.0","5","FUTCOM","CE","MCX_FO"
"MCX_FO|434177","434177","SILVERM25APR103750CE","SILVER","3821.0","2025-04-21","103750","50.0","5","FUTCOM","CE","MCX_FO"
"MCX_FO|429336","429336","GOLD24NOV68600PE","GOLD","3932.5","2024-11-26","68600","50.0","1","FUTCOM","PE","MCX_FO"
"MCX_FO|436624","436624","SILVER25JUN94250CE","SILVER","8094.0","2025-06-25","94250","50.0","30","FUTCOM","CE","MCX_FO"
"MCX_FO|429864","429864","SILVER25FEB81750CE","SILVER","10114.5","2025-02-24","81750","50.0","30","FUTCOM","CE","MCX_FO"
"MCX_FO|435839","435839","CRUDEOIL24SEP6250CE","CRUDE OIL","319.0","2024-09-17","6250","10.0","100","FUTCOM","CE","MCX_FO"
"MCX_FO|436742","436742","SILVERM25JUN104000CE","SILVER","5767.5","2025-06-19","104000","50.0","5","FUTCOM","CE","MCX_FO"
"MCX_FO|434156","434156","SILVERM25FEB100000CE","SILVER","3305.5","2025-02-19","100000","50.0","5","FUTCOM","CE","MCX_FO"
"MCX_FO|434865","434865","SILVERM25APR108500PE","SILVER","21900.5","2025-04-21","108500","50.0","5","FUTCOM","PE","MCX_FO"
"MCX_FO|434229","434229","SILVERM25FEB99750PE","SILVER","16406.5","2025-02-19","99750","50.0","5","FUTCOM","PE","MCX_FO"
"MCX_FO|429748","429748","GOLD24NOV70400PE","GOLD","4939.0","2024-11-26","70400","50.0","1","FUTCOM","PE","MCX_FO"
"MCX_FO|429971","429971","SILVERM25FEB77250CE","SILVER","12366.0","2025-02-19","77250","50.0","5","FUTCOM","CE","MCX_FO"
"MCX_FO|426795","426795","SILVERM24AUG76250CE","SILVER","6109.5","2024-08-21","76250","50.0","5","FUTCOM","CE","MCX_FO"
"MCX_FO|436507","436507","GOLDM24SEP74500PE","GOLD","7144.0","2024-09-24","74500","50.0","100","FUTCOM","PE","MCX_FO"
"MCX_FO|435328","435328","SILVERM25FEB108250PE","SILVER","23098.0","2025-02-19","108250","50.0","5","FUTCOM","PE","MCX_FO"
"MCX_FO|435386","435386","ZINC24SEP265CE","ZINC","7.35","2024-09-19","265","1.0","5","FUTCOM","CE","MCX_FO"
"MCX_FO|435449","435449","CRUDEOILM24AUG5000CE","CRUDE OIL","1562.9","2024-08-14","5000","5.0","10","FUTCOM","CE","MCX_FO"
"MCX_FO|433429","433429","GOLD25MAR77600PE","GOLD","10891.5","2025-03-26","77600","50.0","1","FUTCOM","PE","MCX_FO"
"MCX_FO|435225","435225","NATGASMINI24AUG260CE","NATURALGAS","0.05","2024-08-23","260","5.0","250","FUTCOM","CE","MCX_FO"
"MCX_FO|434686","434686","SILVER25APR107250PE","SILVER","22382.0","2025-04-24","107250","50.0","30","FUTCOM","PE","MCX_FO"
"MCX_FO|434969","434969","CRUDEOILM24AUG6700PE","CRUDE OIL","283.55","2024-08-14","6700","5.0","10","FUTCOM","PE","MCX_FO"
"MCX_FO|427538","427538","GOLD24SEP67300CE","GOLD","3182.0","2024-09-24","67300","50.0","1","FUTCOM","CE","MCX_FO"
"MCX_FO|435938","435938","CRUDEOILM24SEP6600CE","CRUDE OIL","124.05","2024-09-17","6600","5.0","10","FUTCOM","CE","MCX_FO"
"MCX_FO|431866","431866","SILVERM25FEB96750PE","SILVER","14244.0","2025-02-19","96750","50.0","5","FUTCOM","PE","MCX_FO"
"MCX_FO|436594","436594","GOLDM24SEP76400CE","GOLD","477.5","2024-09-24","76400","50.0","100","FUTCOM","CE","MCX_FO"
"MCX_FO|437189","437189","CRUDEOILM24OCT7150PE","CRUDE OIL","784.5","2024-10-17","7150","5.0","10","FUTCOM","PE","MCX_FO"
"MCX_FO|435323","435323","SILVERM24NOV105750PE","SILVER","22342.0","2024-11-20","105750","50.0","5","FUTCOM","PE","MCX_FO"
"MCX_FO|436276","436276","COPPER24OCT880PE","COPPER","77.15","2024-10-22","880","1.0","2500","FUTCOM","PE","MCX_FO"
"MCX_FO|435799","435799","GOLD25MAY74700PE","GOLD","9265.0","2025-05-27","74700","50.0","1","FUTCOM","PE","MCX_FO"
"MCX_FO|434742","434742","SILVERM24NOV103500CE","SILVER","945.0","2024-11-20","103500","50.0","5","FUTCOM","CE","MCX_FO"
"MCX_FO|437364","437364","GOLDM24SEP68000CE","GOLD","2777.0","2024-09-24","68000","50.0","100","FUTCOM","CE","MCX_FO"
"MCX_FO|431939","431939","GOLD25MAR73400CE","GOLD","4013.5","2025-03-26","73400","50.0","1","FUTCOM","CE","MCX_FO"
"MCX_FO|437050","437050","CRUDEOIL24OCT6950PE","CRUDE OIL","556.4","2024-10-17","6950","10.0","100","FUTCOM","PE","MCX_FO"
"MCX_FO|436042","436042","CRUDEOILM24SEP5450CE","CRUDE OIL","1033.6","2024-09-17","5450","5.0","10","FUTCOM","CE","MCX_FO"
"MCX_FO|436409","436409","GOLD25MAY77200CE","GOLD","3662.5","2025-05-27","77200","50.0","1","FUTCOM","CE","MCX_FO"
"MCX_FO|426899","426899","SILVERM24AUG75250PE","SILVER","720.0","2024-08-21","75250","50.0","5","FUTCOM","PE","MCX_FO"
"MCX_FO|436197","436197","NATGASMINI24SEP170PE","NATURALGAS","8.8","2024-09-23","170","5.0","250","FUTCOM","PE","MCX_FO"
"MCX_FO|435333","435333","CRUDEOILM24AUG7900CE","CRUDE OIL","0.05","2024-08-14","7900","5.0","10","FUTCOM","CE","MCX_FO"
"MCX_FO|429905","429905","SILVER25FEB86750CE","SILVER","7794.5","2025-02-24","86750","50.0","30","FUTCOM","CE","MCX_FO"
"MCX_FO|435742","435742","GOLD25MAY74000CE","GOLD","4630.0","2025-05-27","74000","50.0","1","FUTCOM","CE","MCX_FO"
"MCX_FO|436441","436441","GOLDM24SEP71000CE","GOLD","1594.0","2024-09-24","71000","50.0","100","FUTCOM","CE","MCX_FO"
"MCX_FO|429882","429882","SILVER25FEB77000CE","SILVER","12752.0","2025-02-24","77000","50.0","30","FUTCOM","CE","MCX_FO"
"MCX_FO|427732","427732","SILVERM24AUG70000PE","SILVER","150.0","2024-08-21","70000","50.0","5","FUTCOM","PE","MCX_FO"
"MCX_FO|431821","431821","GOLD24SEP75300PE","GOLD","8033.0","2024-09-24","75300","50.0","1","FUTCOM","PE","MCX_FO"
"MCX_FO|433336","433336","SILVER24AUG93250CE","SILVER","342.5","2024-08-27","93250","50.0","30","FUTCOM","CE","MCX_FO"
"MCX_FO|434015","434015","SILVER25FEB102750CE","SILVER","3068.5","2025-02-24","102750","50.0","30","FUTCOM","CE","MCX_FO"
"MCX_FO|428987","428987","GOLD25JAN66300CE","GOLD","6229.5","2025-01-27","66300","50.0","1","FUTCOM","CE","MCX_FO"
"MCX_FO|435606","435606","GOLDM24AUG75700PE","GOLD","8072.0","2024-08-27","75700","50.0","100","FUTCOM","PE","MCX_FO"
"MCX_FO|433980","433980","SILVER24AUG96750CE","SILVER","149.0","2024-08-27","96750","50.0","30","FUTCOM","CE","MCX_FO"
"MCX_FO|432009","432009","GOLD25MAR74000PE","GOLD","8476.0","2025-03-26","74000","50.0","1","FUTCOM","PE","MCX_FO"
"MCX_FO|434923","434923","CRUDEOILM24AUG6900CE","CRUDE OIL","41.5","2024-08-14","6900","5.0","10","FUTCOM","CE","MCX_FO"
"MCX_FO|426833","426833","SILVERM24AUG83000CE","SILVER","1642.5","2024-08-21","83000","50.0","5","FUTCOM","CE","MCX_FO"
"MCX_FO|433986","433986","SILVER24AUG98250CE","SILVER","101.5","2024-08-27","98250","50.0","30","FUTCOM","CE","MCX_FO"
"MCX_FO|428842","428842","GOLD25JAN63400PE","GOLD","2726.0","2025-01-27","63400","50.0","1","FUTCOM","PE","MCX_FO"
"MCX_FO|430029","430029","SILVERM25FEB75250PE","SILVER","3151.0","2025-02-19","75250","50.0","5","FUTCOM","PE","MCX_FO"
"MCX_FO|435731","435731","GOLD25MAY72900CE","GOLD","5007.5","2025-05-27","72900","50.0","1","FUTCOM","CE","MCX_FO"
"MCX_FO|433588","433588","SILVERM24AUG93250CE","SILVER","221.0","2024-08-21","93250","50.0","5","FUTCOM","CE","MCX_FO"
"MCX_FO|427917","427917","GOLD24NOV61400PE","GOLD","1189.5","2024-11-26","61400","50.0","1","FUTCOM","PE","MCX_FO"
"MCX_FO|434008","434008","SILVER25FEB101000CE","SILVER","3420.0","2025-02-24","101000","50.0","30","FUTCOM","CE","MCX_FO"
"MCX_FO|435778","435778","GOLD25MAY72600PE","GOLD","7999.0","2025-05-27","72600","50.0","1","FUTCOM","PE","MCX_FO"
"MCX_FO|433338","433338","SILVER24AUG93000PE","SILVER","11948.0","2024-08-27","93000","50.0","30","FUTCOM","PE","MCX_FO"
"MCX_FO|430883","430883","SILVER25FEB89250PE","SILVER","9940.5","2025-02-24","89250","50.0","30","FUTCOM","PE","MCX_FO"
"MCX_FO|428424","428424","GOLD24SEP58300PE","GOLD","247.0","2024-09-24","58300","50.0","1","FUTCOM","PE","MCX_FO"
"MCX_FO|434252","434252","SILVERM25APR104000PE","SILVER","18489.5","2025-04-21","104000","50.0","5","FUTCOM","PE","MCX_FO"
"MCX_FO|435693","435693","GOLDM24AUG68800CE","GOLD","1350.0","2024-08-27","68800","50.0","100","FUTCOM","CE","MCX_FO"
"MCX_FO|427164","427164","GOLD24NOV62000CE","GOLD","7578.0","2024-11-26","62000","50.0","1","FUTCOM","CE","MCX_FO"
"MCX_FO|434987","434987","CRUDEOILM24AUG7600PE","CRUDE OIL","1027.05","2024-08-14","7600","5.0","10","FUTCOM","PE","MCX_FO"
"MCX_FO|434644","434644","SILVER24NOV101000PE","SILVER","18484.0","2024-11-26","101000","50.0","30","FUTCOM","PE","MCX_FO"
"MCX_FO|428395","428395","GOLD24NOV58800CE","GOLD","10030.5","2024-11-26","58800","50.0","1","FUTCOM","CE","MCX_FO"
"MCX_FO|437101","437101","CRUDEOILM24OCT6500CE","CRUDE OIL","208.0","2024-10-17","6500","5.0","10","FUTCOM","CE","MCX_FO"
"MCX_FO|427289","427289","SILVER24NOV84000CE","SILVER","5931.5","2024-11-26","84000","50.0","30","FUTCOM","CE","MCX_FO"
"MCX_FO|437631","437631","GOLDM24AUG66000CE","GOLD","3023.5","2024-08-27","66000","50.0","100","FUTCOM","CE","MCX_FO"
"MCX_FO|434667","434667","SILVER25FEB105500PE","SILVER","21307.0","2025-02-24","105500","50.0","30","FUTCOM","PE","MCX_FO"
"MCX_FO|436107","436107","NATURALGAS24SEP175CE","NATURALGAS","21.35","2024-09-23","175","5.0","1250","FUTCOM","CE","MCX_FO"
"MCX_FO|435575","435575","GOLDM24AUG73600PE","GOLD","6189.5","2024-08-27","73600","50.0","100","FUTCOM","PE","MCX_FO"
"MCX_FO|435863","435863","CRUDEOIL24SEP7000CE","CRUDE OIL","32.2","2024-09-17","7000","10.0","100","FUTCOM","CE","MCX_FO"
"MCX_FO|428146","428146","SILVERM24AUG68000PE","SILVER","54.0","2024-08-21","68000","50.0","5","FUTCOM","PE","MCX_FO"
"MCX_FO|434761","434761","SILVERM25FEB105750CE","SILVER","2247.0","2025-02-19","105750","50.0","5","FUTCOM","CE","MCX_FO"
"MCX_FO|434581","434581","SILVER25FEB105750CE","SILVER","2540.5","2025-02-24","105750","50.0","30","FUTCOM","CE","MCX_FO"
"MCX_FO|430229","430229","GOLD24SEP70200CE","GOLD","1944.0","2024-09-24","70200","50.0","1","FUTCOM","CE","MCX_FO"
"MCX_FO|430892","430892","SILVER25FEB91500PE","SILVER","11295.0","2025-02-24","91500","50.0","30","FUTCOM","PE","MCX_FO"
"MCX_FO|431452","431452","GOLD24SEP73900PE","GOLD","6895.5","2024-09-24","73900","50.0","1","FUTCOM","PE","MCX_FO"
"MCX_FO|429914","429914","SILVER25FEB81750PE","SILVER","6058.5","2025-02-24","81750","50.0","30","FUTCOM","PE","MCX_FO"
"MCX_FO|436144","436144","NATURALGAS24SEP275PE","NATURALGAS","88.4","2024-09-23","275","5.0","1250","FUTCOM","PE","MCX_FO"
"MCX_FO|436877","436877","SILVERM25JUN107250CE","SILVER","5030.0","2025-06-19","107250","50.0","5","FUTCOM","CE","MCX_FO"
"MCX_FO|430217","430217","SILVER25FEB75500PE","SILVER","3623.5","2025-02-24","75500","50.0","30","FUTCOM","PE","MCX_FO"
"MCX_FO|437791","437791","SILVERM25JUN83250PE","SILVER","7895.5","2025-06-19","83250","50.0","5","FUTCOM","PE","MCX_FO"
"MCX_FO|431714","431714","SILVERM25FEB96000CE","SILVER","4276.0","2025-02-19","96000","50.0","5","FUTCOM","CE","MCX_FO"
"MCX_FO|434333","434333","CRUDEOIL24AUG6800CE","CRUDE OIL","48.1","2024-08-14","6800","10.0","100","FUTCOM","CE","MCX_FO"
"MCX_FO|435145","435145","NATURALGAS24AUG245PE","NATURALGAS","68.9","2024-08-23","245","5.0","1250","FUTCOM","PE","MCX_FO"
"MCX_FO|437133","437133","CRUDEOILM24OCT6950CE","CRUDE OIL","76.4","2024-10-17","6950","5.0","10","FUTCOM","CE","MCX_FO"
"MCX_FO|436957","436957","CRUDEOILM24OCT6550CE","CRUDE OIL","188.15","2024-10-17","6550","5.0","10","FUTCOM","CE","MCX_FO"
"MCX_FO|431360","431360","SILVER24NOV91000PE","SILVER","10740.0","2024-11-26","91000","50.0","30","FUTCOM","PE","MCX_FO"
"MCX_FO|435480","435480","CRUDEOILM24AUG4950CE","CRUDE OIL","1612.7","2024-08-14","4950","5.0","10","FUTCOM","CE","MCX_FO"
"MCX_FO|437921","437921","NATGASMINI24OCT265PE","NATURALGAS","0.0","2024-10-24","265","5.0","250","FUTCOM","PE","MCX_FO"
"MCX_FO|426951","426951","SILVERM24NOV76250PE","SILVER","2705.0","2024-11-20","76250","50.0","5","FUTCOM","PE","MCX_FO"
"MCX_FO|428820","428820","GOLD25JAN62100PE","GOLD","2283.5","2025-01-27","62100","50.0","1","FUTCOM","PE","MCX_FO"
"MCX_FO|436826","436826","GOLDM24AUG76600CE","GOLD","127.5","2024-08-27","76600","50.0","100","FUTCOM","CE","MCX_FO"
"MCX_FO|433681","433681","SILVERM25APR88250PE","SILVER","8484.5","2025-04-21","88250","50.0","5","FUTCOM","PE","MCX_FO"
"MCX_FO|437801","437801","NATURALGAS24OCT220CE","NATURALGAS","0.0","2024-10-24","220","5.0","1250","FUTCOM","CE","MCX_FO"
"MCX_FO|429293","429293","GOLD25JAN68800CE","GOLD","5029.5","2025-01-27","68800","50.0","1","FUTCOM","CE","MCX_FO"
"MCX_FO|429760","429760","GOLD25JAN71000PE","GOLD","6324.0","2025-01-27","71000","50.0","1","FUTCOM","PE","MCX_FO"
"MCX_FO|428812","428812","GOLD25JAN65400CE","GOLD","6707.0","2025-01-27","65400","50.0","1","FUTCOM","CE","MCX_FO"
"MCX_FO|434540","434540","SILVER24AUG99500CE","SILVER","73.5","2024-08-27","99500","50.0","30","FUTCOM","CE","MCX_FO"
"MCX_FO|436852","436852","NATURALGAS24AUG110CE","NATURALGAS","65.45","2024-08-23","110","5.0","1250","FUTCOM","CE","MCX_FO"
"MCX_FO|429999","429999","SILVERM25FEB82750CE","SILVER","9307.5","2025-02-19","82750","50.0","5","FUTCOM","CE","MCX_FO"
"MCX_FO|426882","426882","SILVERM24NOV84250CE","SILVER","5589.0","2024-11-20","84250","50.0","5","FUTCOM","CE","MCX_FO"
"MCX_FO|434286","434286","COPPER24AUG985CE","COPPER","0.01","2024-08-21","985","1.0","2500","FUTCOM","CE","MCX_FO"
"MCX_FO|434596","434596","SILVER25APR106500CE","SILVER","3408.0","2025-04-24","106500","50.0","30","FUTCOM","CE","MCX_FO"
"MCX_FO|435633","435633","NATURALGAS24AUG325CE","NATURALGAS","0.05","2024-08-23","325","5.0","1250","FUTCOM","CE","MCX_FO"
"MCX_FO|433462","433462","SILVER25FEB98250CE","SILVER","4043.0","2025-02-24","98250","50.0","30","FUTCOM","CE","MCX_FO"
"MCX_FO|437826","437826","NATURALGAS24OCT280CE","NATURALGAS","0.0","2024-10-24","280","5.0","1250","FUTCOM","CE","MCX_FO"
"MCX_FO|436437","436437","GOLDM24SEP71400CE","GOLD","1471.5","2024-09-24","71400","50.0","100","FUTCOM","CE","MCX_FO"
"MCX_FO|437577","437577","GOLD25MAR66800CE","GOLD","6735.0","2025-03-26","66800","50.0","1","FUTCOM","CE","MCX_FO"
"MCX_FO|435755","435755","GOLD25MAY71800PE","GOLD","7540.0","2025-05-27","71800","50.0","1","FUTCOM","PE","MCX_FO"
"MCX_FO|430280","430280","GOLD25JAN71700CE","GOLD","3864.0","2025-01-27","71700","50.0","1","FUTCOM","CE","MCX_FO"
"MCX_FO|437424","437424","GOLDM24AUG67500PE","GOLD","700.0","2024-08-27","67500","50.0","100","FUTCOM","PE","MCX_FO"
"MCX_FO|427345","427345","SILVER24NOV85500PE","SILVER","7252.5","2024-11-26","85500","50.0","30","FUTCOM","PE","MCX_FO"
"MCX_FO|429961","429961","SILVER25FEB88250PE","SILVER","9365.5","2025-02-24","88250","50.0","30","FUTCOM","PE","MCX_FO"
"MCX_FO|429939","429939","SILVER25FEB82750PE","SILVER","6517.0","2025-02-24","82750","50.0","30","FUTCOM","PE","MCX_FO"
"MCX_FO|436676","436676","SILVER25JUN100250PE","SILVER","17254.5","2025-06-25","100250","50.0","30","FUTCOM","PE","MCX_FO"
"MCX_FO|429993","429993","SILVERM25FEB81250CE","SILVER","10081.5","2025-02-19","81250","50.0","5","FUTCOM","CE","MCX_FO"
"MCX_FO|435238","435238","NATGASMINI24AUG230PE","NATURALGAS","54.0","2024-08-23","230","5.0","250","FUTCOM","PE","MCX_FO"
"MCX_FO|437202","437202","CRUDEOILM24OCT7800PE","CRUDE OIL","1384.75","2024-10-17","7800","5.0","10","FUTCOM","PE","MCX_FO"
"MCX_FO|437703","437703","SILVER25JUN82500CE","SILVER","12959.0","2025-06-25","82500","50.0","30","FUTCOM","CE","MCX_FO"
"MCX_FO|435933","435933","GOLD25MAY75600CE","GOLD","4122.5","2025-05-27","75600","50.0","1","FUTCOM","CE","MCX_FO"
"MCX_FO|427542","427542","GOLD24NOV67500CE","GOLD","4247.5","2024-11-26","67500","50.0","1","FUTCOM","CE","MCX_FO"
"MCX_FO|432118","432118","SILVERM24AUG92750PE","SILVER","11497.0","2024-08-21","92750","50.0","5","FUTCOM","PE","MCX_FO"
"MCX_FO|434092","434092","SILVER25APR101250PE","SILVER","17918.0","2025-04-24","101250","50.0","30","FUTCOM","PE","MCX_FO"
"MCX_FO|427182","427182","GOLD24NOV65500CE","GOLD","5319.5","2024-11-26","65500","50.0","1","FUTCOM","CE","MCX_FO"
"MCX_FO|437494","437494","SILVER25JUN89250PE","SILVER","10614.0","2025-06-25","89250","50.0","30","FUTCOM","PE","MCX_FO"
"MCX_FO|437200","437200","CRUDEOILM24OCT7700PE","CRUDE OIL","1288.9","2024-10-17","7700","5.0","10","FUTCOM","PE","MCX_FO"
"MCX_FO|426881","426881","SILVERM24NOV84000CE","SILVER","5699.5","2024-11-20","84000","50.0","5","FUTCOM","CE","MCX_FO"
"MCX_FO|434152","434152","SILVERM25FEB99000CE","SILVER","3528.5","2025-02-19","99000","50.0","5","FUTCOM","CE","MCX_FO"
"MCX_FO|427247","427247","GOLD24NOV66600PE","GOLD","2963.5","2024-11-26","66600","50.0","1","FUTCOM","PE","MCX_FO"
"MCX_FO|436828","436828","GOLDM24AUG76800CE","GOLD","118.0","2024-08-27","76800","50.0","100","FUTCOM","CE","MCX_FO"
"MCX_FO|436046","436046","CRUDEOIL24AUG8000CE","CRUDE OIL","7.0","2024-08-14","8000","10.0","100","FUTCOM","CE","MCX_FO"
"MCX_FO|431169","431169","GOLD24NOV73200PE","GOLD","6739.5","2024-11-26","73200","50.0","1","FUTCOM","PE","MCX_FO"
"MCX_FO|434307","434307","CRUDEOIL24AUG6450CE","CRUDE OIL","173.4","2024-08-14","6450","10.0","100","FUTCOM","CE","MCX_FO"
"MCX_FO|426711","426711","SILVER24AUG72250CE","SILVER","9467.0","2024-08-27","72250","50.0","30","FUTCOM","CE","MCX_FO"
"MCX_FO|437778","437778","SILVERM25APR82250PE","SILVER","5675.0","2025-04-21","82250","50.0","5","FUTCOM","PE","MCX_FO"
"MCX_FO|431175","431175","GOLD24NOV73800PE","GOLD","7159.5","2024-11-26","73800","50.0","1","FUTCOM","PE","MCX_FO"
"MCX_FO|426557","426557","GOLD24SEP61000CE","GOLD","7384.0","2024-09-24","61000","50.0","1","FUTCOM","CE","MCX_FO"
"MCX_FO|436824","436824","GOLDM24AUG76400CE","GOLD","138.0","2024-08-27","76400","50.0","100","FUTCOM","CE","MCX_FO"
"MCX_FO|430996","430996","SILVER24NOV90250PE","SILVER","10227.0","2024-11-26","90250","50.0","30","FUTCOM","PE","MCX_FO"
"MCX_FO|434766","434766","SILVERM25APR105250CE","SILVER","3509.0","2025-04-21","105250","50.0","5","FUTCOM","CE","MCX_FO"
"MCX_FO|437139","437139","CRUDEOILM24OCT7250CE","CRUDE OIL","34.75","2024-10-17","7250","5.0","10","FUTCOM","CE","MCX_FO"
"MCX_FO|427564","427564","GOLD24NOV67400PE","GOLD","3332.0","2024-11-26","67400","50.0","1","FUTCOM","PE","MCX_FO"
"MCX_FO|433912","433912","GOLD25JAN77500PE","GOLD","10644.0","2025-01-27","77500","50.0","1","FUTCOM","PE","MCX_FO"
"MCX_FO|437019","437019","CRUDEOIL24OCT6350PE","CRUDE OIL","140.3","2024-10-17","6350","10.0","100","FUTCOM","PE","MCX_FO"
"MCX_FO|434165","434165","SILVERM25APR100750CE","SILVER","4519.0","2025-04-21","100750","50.0","5","FUTCOM","CE","MCX_FO"
"MCX_FO|436604","436604","SILVER25JUN99250CE","SILVER","6549.0","2025-06-25","99250","50.0","30","FUTCOM","CE","MCX_FO"
"MCX_FO|434091","434091","SILVER25FEB103250PE","SILVER","19542.0","2025-02-24","103250","50.0","30","FUTCOM","PE","MCX_FO"
"MCX_FO|437814","437814","NATURALGAS24OCT155CE","NATURALGAS","0.0","2024-10-24","155","5.0","1250","FUTCOM","CE","MCX_FO"
"MCX_FO|428383","428383","GOLD24SEP59100CE","GOLD","8994.5","2024-09-24","59100","50.0","1","FUTCOM","CE","MCX_FO"
"MCX_FO|437898","437898","NATGASMINI24OCT300CE","NATURALGAS","0.0","2024-10-24","300","5.0","250","FUTCOM","CE","MCX_FO"
"MCX_FO|427364","427364","GOLD24NOV66700CE","GOLD","4657.0","2024-11-26","66700","50.0","1","FUTCOM","CE","MCX_FO"
"MCX_FO|437478","437478","SILVER25JUN88750CE","SILVER","10141.0","2025-06-25","88750","50.0","30","FUTCOM","CE","MCX_FO"
"MCX_FO|434762","434762","SILVERM25FEB106000CE","SILVER","2208.5","2025-02-19","106000","50.0","5","FUTCOM","CE","MCX_FO"
"MCX_FO|435193","435193","SILVERM25APR109750CE","SILVER","2703.5","2025-04-21","109750","50.0","5","FUTCOM","CE","MCX_FO"
"MCX_FO|430879","430879","SILVER24NOV89250PE","SILVER","9560.5","2024-11-26","89250","50.0","30","FUTCOM","PE","MCX_FO"
"MCX_FO|437128","437128","CRUDEOILM24OCT6700CE","CRUDE OIL","137.0","2024-10-17","6700","5.0","10","FUTCOM","CE","MCX_FO"
"MCX_FO|426931","426931","SILVERM24AUG82500PE","SILVER","2635.5","2024-08-21","82500","50.0","5","FUTCOM","PE","MCX_FO"
"MCX_FO|434851","434851","SILVERM25APR105000PE","SILVER","19230.5","2025-04-21","105000","50.0","5","FUTCOM","PE","MCX_FO"
"MCX_FO|431106","431106","GOLD24NOV73500CE","GOLD","1958.5","2024-11-26","73500","50.0","1","FUTCOM","CE","MCX_FO"
"MCX_FO|426874","426874","SILVERM24NOV82250CE","SILVER","6517.5","2024-11-20","82250","50.0","5","FUTCOM","CE","MCX_FO"
"MCX_FO|436536","436536","GOLDM24SEP70200CE","GOLD","1863.5","2024-09-24","70200","50.0","100","FUTCOM","CE","MCX_FO"
"MCX_FO|431012","431012","SILVERM25FEB92750CE","SILVER","5233.5","2025-02-19","92750","50.0","5","FUTCOM","CE","MCX_FO"
"MCX_FO|431654","431654","SILVER24NOV93250CE","SILVER","2825.5","2024-11-26","93250","50.0","30","FUTCOM","CE","MCX_FO"
"MCX_FO|433761","433761","SILVER25APR99750CE","SILVER","4863.0","2025-04-24","99750","50.0","30","FUTCOM","CE","MCX_FO"
"MCX_FO|437374","437374","GOLDM24SEP67000CE","GOLD","3280.5","2024-09-24","67000","50.0","100","FUTCOM","CE","MCX_FO"
"MCX_FO|434780","434780","SILVERM25APR108750CE","SILVER","2866.5","2025-04-21","108750","50.0","5","FUTCOM","CE","MCX_FO"
"MCX_FO|436759","436759","SILVERM25JUN98000PE","SILVER","16006.0","2025-06-19","98000","50.0","5","FUTCOM","PE","MCX_FO"
"MCX_FO|437094","437094","SILVERM25JUN92750PE","SILVER","12812.0","2025-06-19","92750","50.0","5","FUTCOM","PE","MCX_FO"
"MCX_FO|433521","433521","SILVER24AUG93500PE","SILVER","12415.0","2024-08-27","93500","50.0","30","FUTCOM","PE","MCX_FO"
"MCX_FO|429600","429600","GOLD25JAN69900PE","GOLD","5699.0","2025-01-27","69900","50.0","1","FUTCOM","PE","MCX_FO"
"MCX_FO|431566","431566","SILVERM25FEB94250PE","SILVER","12537.5","2025-02-19","94250","50.0","5","FUTCOM","PE","MCX_FO"
"MCX_FO|431149","431149","GOLD24SEP72500PE","GOLD","5826.0","2024-09-24","72500","50.0","1","FUTCOM","PE","MCX_FO"
"MCX_FO|433757","433757","SILVER25APR98750CE","SILVER","5119.5","2025-04-24","98750","50.0","30","FUTCOM","CE","MCX_FO"
"MCX_FO|437894","437894","NATGASMINI24OCT280CE","NATURALGAS","0.0","2024-10-24","280","5.0","250","FUTCOM","CE","MCX_FO"
"MCX_FO|433687","433687","SILVERM25APR86750PE","SILVER","7724.0","2025-04-21","86750","50.0","5","FUTCOM","PE","MCX_FO"
"MCX_FO|431182","431182","GOLD25JAN72900PE","GOLD","7480.5","2025-01-27","72900","50.0","1","FUTCOM","PE","MCX_FO"
"MCX_FO|435764","435764","GOLD25MAY70900PE","GOLD","7040.0","2025-05-27","70900","50.0","1","FUTCOM","PE","MCX_FO"
"MCX_FO|435199","435199","SILVERM25FEB106750PE","SILVER","21865.0","2025-02-19","106750","50.0","5","FUTCOM","PE","MCX_FO"
"MCX_FO|435904","435904","CRUDEOIL24SEP5550PE","CRUDE OIL","1.6","2024-09-17","5550","10.0","100","FUTCOM","PE","MCX_FO"
"MCX_FO|435111","435111","NATURALGAS24AUG170CE","NATURALGAS","14.05","2024-08-23","170","5.0","1250","FUTCOM","CE","MCX_FO"
"MCX_FO|436951","436951","GOLD25MAY79100PE","GOLD","12181.5","2025-05-27","79100","50.0","1","FUTCOM","PE","MCX_FO"
"MCX_FO|426478","426478","SILVER24AUG78000PE","SILVER","879.0","2024-08-27","78000","50.0","30","FUTCOM","PE","MCX_FO"
"MCX_FO|430862","430862","SILVER25FEB90250CE","SILVER","6434.5","2025-02-24","90250","50.0","30","FUTCOM","CE","MCX_FO"
"MCX_FO|428776","428776","GOLD25JAN61500CE","GOLD","9058.5","2025-01-27","61500","50.0","1","FUTCOM","CE","MCX_FO"
"MCX_FO|427929","427929","SILVER24AUG69000CE","SILVER","12409.0","2024-08-27","69000","50.0","30","FUTCOM","CE","MCX_FO"
"MCX_FO|431356","431356","SILVER24AUG89000PE","SILVER","8275.0","2024-08-27","89000","50.0","30","FUTCOM","PE","MCX_FO"
"MCX_FO|434976","434976","CRUDEOILM24AUG7050PE","CRUDE OIL","486.4","2024-08-14","7050","5.0","10","FUTCOM","PE","MCX_FO"
"MCX_FO|426555","426555","GOLD24SEP61200CE","GOLD","7222.0","2024-09-24","61200","50.0","1","FUTCOM","CE","MCX_FO"
"MCX_FO|433580","433580","SILVER25APR97250PE","SILVER","15152.0","2025-04-24","97250","50.0","30","FUTCOM","PE","MCX_FO"
"MCX_FO|426802","426802","SILVERM24AUG74500CE","SILVER","7491.0","2024-08-21","74500","50.0","5","FUTCOM","CE","MCX_FO"
"MCX_FO|433382","433382","GOLD25JAN76700CE","GOLD","2363.0","2025-01-27","76700","50.0","1","FUTCOM","CE","MCX_FO"
"MCX_FO|430736","430736","GOLD24SEP71700CE","GOLD","1466.5","2024-09-24","71700","50.0","1","FUTCOM","CE","MCX_FO"
"MCX_FO|436907","436907","NATURALGAS24AUG105CE","NATURALGAS","70.4","2024-08-23","105","5.0","1250","FUTCOM","CE","MCX_FO"
"MCX_FO|437563","437563","COPPER24AUG760PE","COPPER","2.84","2024-08-21","760","1.0","2500","FUTCOM","PE","MCX_FO"
"MCX_FO|436518","436518","GOLDM24SEP75600PE","GOLD","8059.5","2024-09-24","75600","50.0","100","FUTCOM","PE","MCX_FO"
"MCX_FO|426884","426884","SILVERM24NOV84750CE","SILVER","5373.0","2024-11-20","84750","50.0","5","FUTCOM","CE","MCX_FO"
"MCX_FO|435340","435340","NATGASMINI24AUG150PE","NATURALGAS","3.5","2024-08-23","150","5.0","250","FUTCOM","PE","MCX_FO"
"MCX_FO|434148","434148","SILVERM24NOV99750CE","SILVER","1388.5","2024-11-20","99750","50.0","5","FUTCOM","CE","MCX_FO"
"MCX_FO|433203","433203","COPPER24AUG915PE","COPPER","118.39","2024-08-21","915","1.0","2500","FUTCOM","PE","MCX_FO"
"MCX_FO|436326","436326","COPPER24OCT890PE","COPPER","84.7","2024-10-22","890","1.0","2500","FUTCOM","PE","MCX_FO"
"MCX_FO|426896","426896","SILVERM24AUG76000PE","SILVER","578.0","2024-08-21","76000","50.0","5","FUTCOM","PE","MCX_FO"
"MCX_FO|427422","427422","GOLD24SEP66900PE","GOLD","2427.5","2024-09-24","66900","50.0","1","FUTCOM","PE","MCX_FO"
"MCX_FO|431993","431993","GOLD25MAR70700PE","GOLD","6509.0","2025-03-26","70700","50.0","1","FUTCOM","PE","MCX_FO"
"MCX_FO|434467","434467","GOLD25MAR78400PE","GOLD","11462.5","2025-03-26","78400","50.0","1","FUTCOM","PE","MCX_FO"
"MCX_FO|434717","434717","SILVERM24AUG100000CE","SILVER","131.5","2024-08-21","100000","50.0","5","FUTCOM","CE","MCX_FO"
"MCX_FO|434287","434287","COPPER24AUG990CE","COPPER","0.01","2024-08-21","990","1.0","2500","FUTCOM","CE","MCX_FO"
"MCX_FO|437084","437084","SILVER25JUN91750PE","SILVER","11994.5","2025-06-25","91750","50.0","30","FUTCOM","PE","MCX_FO"
"MCX_FO|430906","430906","SILVERM24NOV88500CE","SILVER","3949.0","2024-11-20","88500","50.0","5","FUTCOM","CE","MCX_FO"
"MCX_FO|435775","435775","GOLD25MAY69800PE","GOLD","6452.0","2025-05-27","69800","50.0","1","FUTCOM","PE","MCX_FO"
"MCX_FO|434913","434913","CRUDEOILM24AUG5550CE","CRUDE OIL","1015.05","2024-08-14","5550","5.0","10","FUTCOM","CE","MCX_FO"
"MCX_FO|427303","427303","SILVER24NOV78250PE","SILVER","3743.5","2024-11-26","78250","50.0","30","FUTCOM","PE","MCX_FO"
"MCX_FO|432195","432195","GOLD25JAN75900PE","GOLD","9490.0","2025-01-27","75900","50.0","1","FUTCOM","PE","MCX_FO"
"MCX_FO|435013","435013","CRUDEOILM24AUG5300PE","CRUDE OIL","0.05","2024-08-14","5300","5.0","10","FUTCOM","PE","MCX_FO"
"MCX_FO|430844","430844","SILVER24AUG86250CE","SILVER","1437.0","2024-08-27","86250","50.0","30","FUTCOM","CE","MCX_FO"
"MCX_FO|430052","430052","SILVERM25FEB83500PE","SILVER","6381.0","2025-02-19","83500","50.0","5","FUTCOM","PE","MCX_FO"
"MCX_FO|435289","435289","SILVER24AUG104000PE","SILVER","22545.0","2024-08-27","104000","50.0","30","FUTCOM","PE","MCX_FO"
"MCX_FO|437029","437029","CRUDEOIL24OCT5850PE","CRUDE OIL","16.1","2024-10-17","5850","10.0","100","FUTCOM","PE","MCX_FO"
"MCX_FO|436078","436078","NATGASMINI24SEP240CE","NATURALGAS","3.25","2024-09-23","240","5.0","250","FUTCOM","CE","MCX_FO"
"MCX_FO|437069","437069","SILVER25JUN93250CE","SILVER","8438.0","2025-06-25","93250","50.0","30","FUTCOM","CE","MCX_FO"
"MCX_FO|426937","426937","SILVERM24AUG84000PE","SILVER","3800.5","2024-08-21","84000","50.0","5","FUTCOM","PE","MCX_FO"
"MCX_FO|437098","437098","ZINC24OCT237.5PE","ZINC","18.01","2024-10-22","237.5","1.0","5","FUTCOM","PE","MCX_FO"
"MCX_FO|437585","437585","GOLD25MAY68000CE","GOLD","6998.5","2025-05-27","68000","50.0","1","FUTCOM","CE","MCX_FO"
"MCX_FO|428415","428415","GOLD24SEP59200PE","GOLD","337.0","2024-09-24","59200","50.0","1","FUTCOM","PE","MCX_FO"
"MCX_FO|437145","437145","CRUDEOILM24OCT7550CE","CRUDE OIL","14.4","2024-10-17","7550","5.0","10","FUTCOM","CE","MCX_FO"
"MCX_FO|437684","437684","SILVER25APR81750CE","SILVER","11548.5","2025-04-24","81750","50.0","30","FUTCOM","CE","MCX_FO"
"MCX_FO|437912","437912","NATGASMINI24OCT155PE","NATURALGAS","0.0","2024-10-24","155","5.0","250","FUTCOM","PE","MCX_FO"
"MCX_FO|426847","426847","SILVERM24NOV77250CE","SILVER","9301.5","2024-11-20","77250","50.0","5","FUTCOM","CE","MCX_FO"
"MCX_FO|431196","431196","GOLD25JAN74300PE","GOLD","8391.5","2025-01-27","74300","50.0","1","FUTCOM","PE","MCX_FO"
"MCX_FO|434328","434328","CRUDEOIL24AUG5400CE","CRUDE OIL","1167.5","2024-08-14","5400","10.0","100","FUTCOM","CE","MCX_FO"
"MCX_FO|428381","428381","GOLD24SEP59300CE","GOLD","8819.0","2024-09-24","59300","50.0","1","FUTCOM","CE","MCX_FO"
"MCX_FO|435603","435603","GOLDM24AUG75400PE","GOLD","7795.5","2024-08-27","75400","50.0","100","FUTCOM","PE","MCX_FO"
"MCX_FO|437849","437849","NATURALGAS24OCT245PE","NATURALGAS","0.0","2024-10-24","245","5.0","1250","FUTCOM","PE","MCX_FO"
"MCX_FO|436857","436857","SILVER25JUN107000CE","SILVER","4664.0","2025-06-25","107000","50.0","30","FUTCOM","CE","MCX_FO"
"MCX_FO|437350","437350","GOLDM24AUG66800CE","GOLD","2555.0","2024-08-27","66800","50.0","100","FUTCOM","CE","MCX_FO"
"MCX_FO|435302","435302","SILVERM24AUG103500CE","SILVER","9.5","2024-08-21","103500","50.0","5","FUTCOM","CE","MCX_FO"
"MCX_FO|431170","431170","GOLD24NOV73300PE","GOLD","6808.5","2024-11-26","73300","50.0","1","FUTCOM","PE","MCX_FO"
"MCX_FO|427976","427976","GOLD24NOV60900CE","GOLD","8383.0","2024-11-26","60900","50.0","1","FUTCOM","CE","MCX_FO"
"MCX_FO|428403","428403","GOLD24NOV58000CE","GOLD","10692.5","2024-11-26","58000","50.0","1","FUTCOM","CE","MCX_FO"
"MCX_FO|431997","431997","GOLD25MAR70300PE","GOLD","6288.0","2025-03-26","70300","50.0","1","FUTCOM","PE","MCX_FO"
"MCX_FO|436909","436909","NATURALGAS24SEP115CE","NATURALGAS","70.5","2024-09-23","115","5.0","1250","FUTCOM","CE","MCX_FO"
"MCX_FO|431559","431559","SILVERM24AUG90000PE","SILVER","8791.5","2024-08-21","90000","50.0","5","FUTCOM","PE","MCX_FO"
"MCX_FO|426672","426672","GOLD24SEP65000PE","GOLD","567.5","2024-09-24","65000","50.0","1","FUTCOM","PE","MCX_FO"
"MCX_FO|427337","427337","SILVER24NOV83500PE","SILVER","6154.5","2024-11-26","83500","50.0","30","FUTCOM","PE","MCX_FO"
"MCX_FO|436400","436400","NATGASMINI24SEP135PE","NATURALGAS","1.15","2024-09-23","135","5.0","250","FUTCOM","PE","MCX_FO"
"MCX_FO|435644","435644","ZINC24SEP232.5PE","ZINC","5.23","2024-09-19","232.5","1.0","5","FUTCOM","PE","MCX_FO"
"MCX_FO|436848","436848","GOLDM24SEP76800PE","GOLD","9097.0","2024-09-24","76800","50.0","100","FUTCOM","PE","MCX_FO"
"MCX_FO|433424","433424","GOLD25MAR77100PE","GOLD","10540.5","2025-03-26","77100","50.0","1","FUTCOM","PE","MCX_FO"
"MCX_FO|431688","431688","SILVERM24NOV92500PE","SILVER","11426.5","2024-11-20","92500","50.0","5","FUTCOM","PE","MCX_FO"
"MCX_FO|427885","427885","SILVERM24NOV71000CE","SILVER","13691.0","2024-11-20","71000","50.0","5","FUTCOM","CE","MCX_FO"
"MCX_FO|433473","433473","SILVER25APR89250CE","SILVER","8188.5","2025-04-24","89250","50.0","30","FUTCOM","CE","MCX_FO"
"MCX_FO|435875","435875","CRUDEOIL24SEP7600CE","CRUDE OIL","1.9","2024-09-17","7600","10.0","100","FUTCOM","CE","MCX_FO"
"MCX_FO|437525","437525","SILVERM25JUN90500PE","SILVER","11542.0","2025-06-19","90500","50.0","5","FUTCOM","PE","MCX_FO"
"MCX_FO|437271","437271","CRUDEOIL24SEP5200CE","CRUDE OIL","1278.6","2024-09-17","5200","10.0","100","FUTCOM","CE","MCX_FO"
"MCX_FO|430753","430753","GOLD24NOV72300CE","GOLD","2313.5","2024-11-26","72300","50.0","1","FUTCOM","CE","MCX_FO"
"MCX_FO|437727","437727","SILVER25JUN84500PE","SILVER","8222.5","2025-06-25","84500","50.0","30","FUTCOM","PE","MCX_FO"
"MCX_FO|434691","434691","SILVER25APR108500PE","SILVER","23353.0","2025-04-24","108500","50.0","30","FUTCOM","PE","MCX_FO"
"MCX_FO|428294","428294","GOLD24NOV59500PE","GOLD","788.5","2024-11-26","59500","50.0","1","FUTCOM","PE","MCX_FO"
"MCX_FO|436750","436750","SILVERM25JUN106000CE","SILVER","5303.0","2025-06-19","106000","50.0","5","FUTCOM","CE","MCX_FO"
"MCX_FO|436473","436473","GOLDM24SEP72800PE","GOLD","5810.0","2024-09-24","72800","50.0","100","FUTCOM","PE","MCX_FO"
"MCX_FO|436175","436175","NATGASMINI24SEP275CE","NATURALGAS","0.9","2024-09-23","275","5.0","250","FUTCOM","CE","MCX_FO"
"MCX_FO|437661","437661","GOLDM24AUG65300PE","GOLD","1030.0","2024-08-27","65300","50.0","100","FUTCOM","PE","MCX_FO"
"MCX_FO|434693","434693","SILVER25APR109000PE","SILVER","23745.5","2025-04-24","109000","50.0","30","FUTCOM","PE","MCX_FO"
"MCX_FO|433764","433764","SILVER25APR100500CE","SILVER","4678.0","2025-04-24","100500","50.0","30","FUTCOM","CE","MCX_FO"
"MCX_FO|436534","436534","GOLDM24SEP70400PE","GOLD","4133.0","2024-09-24","70400","50.0","100","FUTCOM","PE","MCX_FO"
"MCX_FO|437717","437717","SILVER25APR81500PE","SILVER","6366.5","2025-04-24","81500","50.0","30","FUTCOM","PE","MCX_FO"
"MCX_FO|435270","435270","NATURALGAS24AUG150PE","NATURALGAS","3.3","2024-08-23","150","5.0","1250","FUTCOM","PE","MCX_FO"
"MCX_FO|436381","436381","COPPER24OCT905CE","COPPER","10.59","2024-10-22","905","1.0","2500","FUTCOM","CE","MCX_FO"
"MCX_FO|435622","435622","GOLDM24AUG69100CE","GOLD","1480.0","2024-08-27","69100","50.0","100","FUTCOM","CE","MCX_FO"
"MCX_FO|436035","436035","CRUDEOILM24SEP7950PE","CRUDE OIL","1440.95","2024-09-17","7950","5.0","10","FUTCOM","PE","MCX_FO"
"MCX_FO|426968","426968","SILVERM24NOV80750PE","SILVER","4447.5","2024-11-20","80750","50.0","5","FUTCOM","PE","MCX_FO"
"MCX_FO|429875","429875","SILVER25FEB79000CE","SILVER","11589.0","2025-02-24","79000","50.0","30","FUTCOM","CE","MCX_FO"
"MCX_FO|429202","429202","GOLD25JAN67300PE","GOLD","4358.5","2025-01-27","67300","50.0","1","FUTCOM","PE","MCX_FO"
"MCX_FO|434204","434204","SILVERM24AUG97250PE","SILVER","15792.0","2024-08-21","97250","50.0","5","FUTCOM","PE","MCX_FO"
"MCX_FO|433379","433379","GOLD25JAN76400CE","GOLD","2437.0","2025-01-27","76400","50.0","1","FUTCOM","CE","MCX_FO"
"MCX_FO|431381","431381","SILVERM24NOV90750CE","SILVER","3249.5","2024-11-20","90750","50.0","5","FUTCOM","CE","MCX_FO"
"MCX_FO|434853","434853","SILVERM25APR105500PE","SILVER","19604.5","2025-04-21","105500","50.0","5","FUTCOM","PE","MCX_FO"
"MCX_FO|437293","437293","GOLD25MAY68600CE","GOLD","6726.0","2025-05-27","68600","50.0","1","FUTCOM","CE","MCX_FO"
"MCX_FO|436657","436657","SILVER25JUN98500PE","SILVER","16105.0","2025-06-25","98500","50.0","30","FUTCOM","PE","MCX_FO"
"MCX_FO|434104","434104","SILVER25APR104250PE","SILVER","20106.5","2025-04-24","104250","50.0","30","FUTCOM","PE","MCX_FO"
"MCX_FO|433752","433752","SILVER25FEB99500CE","SILVER","3748.5","2025-02-24","99500","50.0","30","FUTCOM","CE","MCX_FO"
"MCX_FO|435830","435830","COPPER24SEP825PE","COPPER","39.6","2024-09-19","825","1.0","2500","FUTCOM","PE","MCX_FO"
"MCX_FO|435980","435980","CRUDEOILM24SEP7750CE","CRUDE OIL","0.55","2024-09-17","7750","5.0","10","FUTCOM","CE","MCX_FO"
"MCX_FO|429191","429191","GOLD25JAN67400CE","GOLD","5678.5","2025-01-27","67400","50.0","1","FUTCOM","CE","MCX_FO"
"MCX_FO|436979","436979","CRUDEOIL24OCT5750CE","CRUDE OIL","657.2","2024-10-17","5750","10.0","100","FUTCOM","CE","MCX_FO"
"MCX_FO|434028","434028","SILVER25APR103750CE","SILVER","3946.0","2025-04-24","103750","50.0","30","FUTCOM","CE","MCX_FO"
"MCX_FO|431000","431000","SILVER25FEB92250PE","SILVER","11764.0","2025-02-24","92250","50.0","30","FUTCOM","PE","MCX_FO"
"MCX_FO|426964","426964","SILVERM24NOV79750PE","SILVER","4013.5","2024-11-20","79750","50.0","5","FUTCOM","PE","MCX_FO"
"MCX_FO|436853","436853","NATURALGAS24SEP120CE","NATURALGAS","65.65","2024-09-23","120","5.0","1250","FUTCOM","CE","MCX_FO"
"MCX_FO|427567","427567","GOLD24NOV67700PE","GOLD","3476.5","2024-11-26","67700","50.0","1","FUTCOM","PE","MCX_FO"
"MCX_FO|427897","427897","SILVER24NOV71000CE","SILVER","13749.0","2024-11-26","71000","50.0","30","FUTCOM","CE","MCX_FO"
"MCX_FO|435387","435387","ZINC24SEP262.5CE","ZINC","8.16","2024-09-19","262.5","1.0","5","FUTCOM","CE","MCX_FO"
"MCX_FO|436248","436248","COPPER24OCT850CE","COPPER","24.49","2024-10-22","850","1.0","2500","FUTCOM","CE","MCX_FO"
"MCX_FO|437604","437604","GOLD25MAR67200PE","GOLD","4712.5","2025-03-26","67200","50.0","1","FUTCOM","PE","MCX_FO"
"MCX_FO|428828","428828","GOLD25JAN61300PE","GOLD","2036.0","2025-01-27","61300","50.0","1","FUTCOM","PE","MCX_FO"
"MCX_FO|428164","428164","GOLD24SEP60300PE","GOLD","480.0","2024-09-24","60300","50.0","1","FUTCOM","PE","MCX_FO"
"MCX_FO|434583","434583","SILVER25FEB106250CE","SILVER","2460.5","2025-02-24","106250","50.0","30","FUTCOM","CE","MCX_FO"
"MCX_FO|432210","432210","GOLD25MAR76400PE","GOLD","10057.5","2025-03-26","76400","50.0","1","FUTCOM","PE","MCX_FO"
"MCX_FO|436797","436797","SILVERM25JUN105250PE","SILVER","20892.0","2025-06-19","105250","50.0","5","FUTCOM","PE","MCX_FO"
"MCX_FO|437074","437074","SILVER25JUN92000CE","SILVER","8885.0","2025-06-25","92000","50.0","30","FUTCOM","CE","MCX_FO"
"MCX_FO|426750","426750","SILVER24AUG75000PE","SILVER","430.5","2024-08-27","75000","50.0","30","FUTCOM","PE","MCX_FO"
"MCX_FO|430038","430038","SILVERM25FEB80000PE","SILVER","4844.5","2025-02-19","80000","50.0","5","FUTCOM","PE","MCX_FO"
"MCX_FO|435431","435431","CRUDEOIL24AUG5050CE","CRUDE OIL","1516.1","2024-08-14","5050","10.0","100","FUTCOM","CE","MCX_FO"
"MCX_FO|432144","432144","GOLD24NOV75600CE","GOLD","1444.0","2024-11-26","75600","50.0","1","FUTCOM","CE","MCX_FO"
"MCX_FO|434232","434232","SILVERM25FEB100500PE","SILVER","16965.5","2025-02-19","100500","50.0","5","FUTCOM","PE","MCX_FO"
"MCX_FO|434737","434737","SILVERM24NOV102250CE","SILVER","1076.0","2024-11-20","102250","50.0","5","FUTCOM","CE","MCX_FO"
"MCX_FO|427144","427144","GOLD24NOV64000CE","GOLD","6229.0","2024-11-26","64000","50.0","1","FUTCOM","CE","MCX_FO"
"MCX_FO|435851","435851","CRUDEOIL24SEP5650CE","CRUDE OIL","836.6","2024-09-17","5650","10.0","100","FUTCOM","CE","MCX_FO"
"MCX_FO|431380","431380","SILVERM24NOV90500CE","SILVER","3322.0","2024-11-20","90500","50.0","5","FUTCOM","CE","MCX_FO"
"MCX_FO|433404","433404","GOLD24NOV76300PE","GOLD","9022.0","2024-11-26","76300","50.0","1","FUTCOM","PE","MCX_FO"
"MCX_FO|430751","430751","GOLD24NOV72100CE","GOLD","2377.5","2024-11-26","72100","50.0","1","FUTCOM","CE","MCX_FO"
"MCX_FO|435810","435810","GOLD25MAY75000CE","GOLD","4307.5","2025-05-27","75000","50.0","1","FUTCOM","CE","MCX_FO"
"MCX_FO|437511","437511","SILVERM25JUN89750CE","SILVER","10253.0","2025-06-19","89750","50.0","5","FUTCOM","CE","MCX_FO"
"MCX_FO|437886","437886","NATGASMINI24OCT240CE","NATURALGAS","0.0","2024-10-24","240","5.0","250","FUTCOM","CE","MCX_FO"
"MCX_FO|427165","427165","GOLD24NOV61900CE","GOLD","7649.5","2024-11-26","61900","50.0","1","FUTCOM","CE","MCX_FO"
"MCX_FO|436425","436425","GOLDM24SEP72600CE","GOLD","1146.5","2024-09-24","72600","50.0","100","FUTCOM","CE","MCX_FO"
"MCX_FO|437569","437569","GOLD25MAR67600CE","GOLD","6346.5","2025-03-26","67600","50.0","1","FUTCOM","CE","MCX_FO"
"MCX_FO|436732","436732","SILVERM25JUN101500CE","SILVER","6400.0","2025-06-19","101500","50.0","5","FUTCOM","CE","MCX_FO"
"MCX_FO|432101","432101","SILVERM24NOV93750CE","SILVER","2477.5","2024-11-20","93750","50.0","5","FUTCOM","CE","MCX_FO"
"MCX_FO|435725","435725","GOLD25MAY69800CE","GOLD","6206.5","2025-05-27","69800","50.0","1","FUTCOM","CE","MCX_FO"
"MCX_FO|429560","429560","GOLD25JAN69300CE","GOLD","4812.0","2025-01-27","69300","50.0","1","FUTCOM","CE","MCX_FO"
"MCX_FO|437613","437613","GOLD25MAY68300PE","GOLD","5694.0","2025-05-27","68300","50.0","1","FUTCOM","PE","MCX_FO"
"MCX_FO|432187","432187","GOLD24NOV75700PE","GOLD","8559.5","2024-11-26","75700","50.0","1","FUTCOM","PE","MCX_FO"
"MCX_FO|426913","426913","SILVERM24AUG71750PE","SILVER","240.5","2024-08-21","71750","50.0","5","FUTCOM","PE","MCX_FO"
"MCX_FO|433514","433514","SILVER25APR97250CE","SILVER","5526.0","2025-04-24","97250","50.0","30","FUTCOM","CE","MCX_FO"
"MCX_FO|434646","434646","SILVER24NOV101500PE","SILVER","18907.5","2024-11-26","101500","50.0","30","FUTCOM","PE","MCX_FO"
"MCX_FO|436700","436700","SILVER25JUN106250PE","SILVER","21425.0","2025-06-25","106250","50.0","30","FUTCOM","PE","MCX_FO"
"MCX_FO|435181","435181","SILVER25APR110000PE","SILVER","24535.5","2025-04-24","110000","50.0","30","FUTCOM","PE","MCX_FO"
"MCX_FO|427238","427238","GOLD24NOV65700PE","GOLD","2580.0","2024-11-26","65700","50.0","1","FUTCOM","PE","MCX_FO"
"MCX_FO|436649","436649","SILVER25JUN106000CE","SILVER","4876.0","2025-06-25","106000","50.0","30","FUTCOM","CE","MCX_FO"
"MCX_FO|428771","428771","GOLD25JAN62000CE","GOLD","8732.0","2025-01-27","62000","50.0","1","FUTCOM","CE","MCX_FO"
"MCX_FO|434374","434374","CRUDEOIL24AUG5600PE","CRUDE OIL","0.1","2024-08-14","5600","10.0","100","FUTCOM","PE","MCX_FO"
"MCX_FO|433974","433974","SILVER24AUG95250CE","SILVER","214.5","2024-08-27","95250","50.0","30","FUTCOM","CE","MCX_FO"
"MCX_FO|434555","434555","SILVER24NOV100500CE","SILVER","1469.0","2024-11-26","100500","50.0","30","FUTCOM","CE","MCX_FO"
"MCX_FO|433372","433372","GOLD24NOV76200CE","GOLD","1319.5","2024-11-26","76200","50.0","1","FUTCOM","CE","MCX_FO"
"MCX_FO|434377","434377","CRUDEOIL24AUG5450PE","CRUDE OIL","0.1","2024-08-14","5450","10.0","100","FUTCOM","PE","MCX_FO"
"MCX_FO|431827","431827","GOLD24SEP75900PE","GOLD","8538.5","2024-09-24","75900","50.0","1","FUTCOM","PE","MCX_FO"
"MCX_FO|428390","428390","GOLD24SEP58400CE","GOLD","9616.0","2024-09-24","58400","50.0","1","FUTCOM","CE","MCX_FO"
"MCX_FO|437673","437673","SILVER25APR84500CE","SILVER","10211.5","2025-04-24","84500","50.0","30","FUTCOM","CE","MCX_FO"
"MCX_FO|437229","437229","SILVERM25JUN91000CE","SILVER","9766.5","2025-06-19","91000","50.0","5","FUTCOM","CE","MCX_FO"
"MCX_FO|436010","436010","CRUDEOILM24SEP5550PE","CRUDE OIL","1.2","2024-09-17","5550","5.0","10","FUTCOM","PE","MCX_FO"
"MCX_FO|432115","432115","SILVERM24AUG92000PE","SILVER","10763.0","2024-08-21","92000","50.0","5","FUTCOM","PE","MCX_FO"
"MCX_FO|427205","427205","GOLD24NOV63300PE","GOLD","1716.0","2024-11-26","63300","50.0","1","FUTCOM","PE","MCX_FO"
"MCX_FO|433498","433498","SILVER25APR93250CE","SILVER","6748.0","2025-04-24","93250","50.0","30","FUTCOM","CE","MCX_FO"
"MCX_FO|434909","434909","CRUDEOILM24AUG5750CE","CRUDE OIL","815.95","2024-08-14","5750","5.0","10","FUTCOM","CE","MCX_FO"
"MCX_FO|431983","431983","GOLD25MAR71700PE","GOLD","7078.0","2025-03-26","71700","50.0","1","FUTCOM","PE","MCX_FO"
"MCX_FO|426920","426920","SILVERM24AUG79750PE","SILVER","2096.5","2024-08-21","79750","50.0","5","FUTCOM","PE","MCX_FO"
"MCX_FO|435256","435256","NATGASMINI24AUG265PE","NATURALGAS","88.45","2024-08-23","265","5.0","250","FUTCOM","PE","MCX_FO"
"MCX_FO|427971","427971","GOLD24SEP60600CE","GOLD","7712.5","2024-09-24","60600","50.0","1","FUTCOM","CE","MCX_FO"
"MCX_FO|436406","436406","GOLD25MAY76900CE","GOLD","3745.5","2025-05-27","76900","50.0","1","FUTCOM","CE","MCX_FO"
"MCX_FO|427189","427189","GOLD24NOV66200CE","GOLD","4926.0","2024-11-26","66200","50.0","1","FUTCOM","CE","MCX_FO"
"MCX_FO|435743","435743","GOLD25MAY74100CE","GOLD","4597.0","2025-05-27","74100","50.0","1","FUTCOM","CE","MCX_FO"
"MCX_FO|436790","436790","SILVERM25JUN103500PE","SILVER","19667.0","2025-06-19","103500","50.0","5","FUTCOM","PE","MCX_FO"
"MCX_FO|428815","428815","GOLD25JAN62600PE","GOLD","2448.0","2025-01-27","62600","50.0","1","FUTCOM","PE","MCX_FO"
"MCX_FO|437046","437046","CRUDEOIL24OCT6750PE","CRUDE OIL","390.0","2024-10-17","6750","10.0","100","FUTCOM","PE","MCX_FO"
"MCX_FO|427183","427183","GOLD24NOV65600CE","GOLD","5262.0","2024-11-26","65600","50.0","1","FUTCOM","CE","MCX_FO"
"MCX_FO|436284","436284","ZINC24OCT257.5CE","ZINC","13.91","2024-10-22","257.5","1.0","5","FUTCOM","CE","MCX_FO"
"MCX_FO|434798","434798","SILVERM24AUG98750PE","SILVER","17258.0","2024-08-21","98750","50.0","5","FUTCOM","PE","MCX_FO"
"MCX_FO|434900","434900","CRUDEOILM24AUG6200CE","CRUDE OIL","380.55","2024-08-14","6200","5.0","10","FUTCOM","CE","MCX_FO"
"MCX_FO|435321","435321","SILVERM24AUG104000PE","SILVER","22443.5","2024-08-21","104000","50.0","5","FUTCOM","PE","MCX_FO"
"MCX_FO|431861","431861","SILVERM25FEB97000CE","SILVER","4013.0","2025-02-19","97000","50.0","5","FUTCOM","CE","MCX_FO"
"MCX_FO|431779","431779","SILVERM24NOV92750CE","SILVER","2716.0","2024-11-20","92750","50.0","5","FUTCOM","CE","MCX_FO"
"MCX_FO|434630","434630","SILVER24AUG100250PE","SILVER","18858.0","2024-08-27","100250","50.0","30","FUTCOM","PE","MCX_FO"
"MCX_FO|431021","431021","SILVERM24NOV89750PE","SILVER","9507.5","2024-11-20","89750","50.0","5","FUTCOM","PE","MCX_FO"
"MCX_FO|428421","428421","GOLD24SEP58600PE","GOLD","274.5","2024-09-24","58600","50.0","1","FUTCOM","PE","MCX_FO"
"MCX_FO|436589","436589","SILVERM25JUN100000PE","SILVER","17302.5","2025-06-19","100000","50.0","5","FUTCOM","PE","MCX_FO"
"MCX_FO|434570","434570","SILVER24NOV104250CE","SILVER","1024.5","2024-11-26","104250","50.0","30","FUTCOM","CE","MCX_FO"
"MCX_FO|437523","437523","SILVERM25JUN86750CE","SILVER","11502.5","2025-06-19","86750","50.0","5","FUTCOM","CE","MCX_FO"
"MCX_FO|435239","435239","NATGASMINI24AUG225PE","NATURALGAS","49.2","2024-08-23","225","5.0","250","FUTCOM","PE","MCX_FO"
"MCX_FO|436868","436868","SILVER25JUN107500PE","SILVER","22335.0","2025-06-25","107500","50.0","30","FUTCOM","PE","MCX_FO"
"MCX_FO|427375","427375","GOLD24SEP66500PE","GOLD","619.0","2024-09-24","66500","50.0","1","FUTCOM","PE","MCX_FO"
"MCX_FO|433049","433049","ZINC24AUG262.5PE","ZINC","11.44","2024-08-21","262.5","1.0","5","FUTCOM","PE","MCX_FO"
"MCX_FO|433992","433992","SILVER24NOV97750CE","SILVER","1896.0","2024-11-26","97750","50.0","30","FUTCOM","CE","MCX_FO"
"MCX_FO|435874","435874","CRUDEOIL24SEP7550CE","CRUDE OIL","2.4","2024-09-17","7550","10.0","100","FUTCOM","CE","MCX_FO"
"MCX_FO|431828","431828","GOLD24SEP76000PE","GOLD","8623.5","2024-09-24","76000","50.0","1","FUTCOM","PE","MCX_FO"
"MCX_FO|436707","436707","SILVERM25JUN98500CE","SILVER","7239.0","2025-06-19","98500","50.0","5","FUTCOM","CE","MCX_FO"
"MCX_FO|437904","437904","NATGASMINI24OCT195PE","NATURALGAS","0.0","2024-10-24","195","5.0","250","FUTCOM","PE","MCX_FO"
"MCX_FO|428986","428986","GOLD25JAN66200CE","GOLD","6281.0","2025-01-27","66200","50.0","1","FUTCOM","CE","MCX_FO"
"MCX_FO|436677","436677","SILVER25JUN100500PE","SILVER","17421.5","2025-06-25","100500","50.0","30","FUTCOM","PE","MCX_FO"
"MCX_FO|433291","433291","COPPER24AUG925CE","COPPER","0.01","2024-08-21","925","1.0","2500","FUTCOM","CE","MCX_FO"
"MCX_FO|431379","431379","SILVERM24NOV90250CE","SILVER","3396.0","2024-11-20","90250","50.0","5","FUTCOM","CE","MCX_FO"
"MCX_FO|434628","434628","SILVER24AUG99750PE","SILVER","18370.0","2024-08-27","99750","50.0","30","FUTCOM","PE","MCX_FO"
"MCX_FO|434056","434056","SILVER24AUG97250PE","SILVER","15948.5","2024-08-27","97250","50.0","30","FUTCOM","PE","MCX_FO"
"MCX_FO|430897","430897","SILVERM24AUG86500CE","SILVER","789.0","2024-08-21","86500","50.0","5","FUTCOM","CE","MCX_FO"
"MCX_FO|429281","429281","GOLD24NOV68300CE","GOLD","3864.0","2024-11-26","68300","50.0","1","FUTCOM","CE","MCX_FO"
"MCX_FO|437227","437227","SILVERM25JUN91500CE","SILVER","9577.5","2025-06-19","91500","50.0","5","FUTCOM","CE","MCX_FO"
"MCX_FO|432155","432155","GOLD25JAN76100CE","GOLD","2512.5","2025-01-27","76100","50.0","1","FUTCOM","CE","MCX_FO"
"MCX_FO|435608","435608","NATURALGAS24AUG315CE","NATURALGAS","0.05","2024-08-23","315","5.0","1250","FUTCOM","CE","MCX_FO"
"MCX_FO|436218","436218","COPPER24SEP790CE","COPPER","30.48","2024-09-19","790","1.0","2500","FUTCOM","CE","MCX_FO"
"MCX_FO|427710","427710","SILVER24AUG70750PE","SILVER","282.0","2024-08-27","70750","50.0","30","FUTCOM","PE","MCX_FO"
"MCX_FO|437146","437146","CRUDEOILM24OCT7600CE","CRUDE OIL","12.35","2024-10-17","7600","5.0","10","FUTCOM","CE","MCX_FO"
"MCX_FO|435571","435571","GOLDM24AUG73200PE","GOLD","5847.5","2024-08-27","73200","50.0","100","FUTCOM","PE","MCX_FO"
"MCX_FO|433637","433637","SILVERM25APR95000CE","SILVER","6167.0","2025-04-21","95000","50.0","5","FUTCOM","CE","MCX_FO"
"MCX_FO|436546","436546","GOLD25MAY77600PE","GOLD","11149.5","2025-05-27","77600","50.0","1","FUTCOM","PE","MCX_FO"
"MCX_FO|435192","435192","SILVERM25APR109500CE","SILVER","2743.5","2025-04-21","109500","50.0","5","FUTCOM","CE","MCX_FO"
"MCX_FO|437865","437865","SILVERM25APR81750PE","SILVER","0.0","2025-04-21","81750","50.0","5","FUTCOM","PE","MCX_FO"
"MCX_FO|429559","429559","GOLD24NOV69500CE","GOLD","3335.5","2024-11-26","69500","50.0","1","FUTCOM","CE","MCX_FO"
"MCX_FO|427416","427416","GOLD24SEP66800CE","GOLD","3440.5","2024-09-24","66800","50.0","1","FUTCOM","CE","MCX_FO"
"MCX_FO|427899","427899","SILVER24NOV71250PE","SILVER","1602.0","2024-11-26","71250","50.0","30","FUTCOM","PE","MCX_FO"
"MCX_FO|434161","434161","SILVERM25FEB101250CE","SILVER","3044.0","2025-02-19","101250","50.0","5","FUTCOM","CE","MCX_FO"
"MCX_FO|434320","434320","CRUDEOIL24AUG5800CE","CRUDE OIL","769.7","2024-08-14","5800","10.0","100","FUTCOM","CE","MCX_FO"
"MCX_FO|426743","426743","SILVER24AUG76750PE","SILVER","1372.0","2024-08-27","76750","50.0","30","FUTCOM","PE","MCX_FO"
"MCX_FO|437509","437509","SILVERM25JUN90250CE","SILVER","10056.0","2025-06-19","90250","50.0","5","FUTCOM","CE","MCX_FO"
"MCX_FO|437827","437827","NATURALGAS24OCT285CE","NATURALGAS","0.0","2024-10-24","285","5.0","1250","FUTCOM","CE","MCX_FO"
"MCX_FO|430230","430230","GOLD24NOV70700CE","GOLD","2862.5","2024-11-26","70700","50.0","1","FUTCOM","CE","MCX_FO"
"MCX_FO|437575","437575","GOLD25MAR67000CE","GOLD","6636.0","2025-03-26","67000","50.0","1","FUTCOM","CE","MCX_FO"
"MCX_FO|435227","435227","NATGASMINI24AUG270CE","NATURALGAS","0.05","2024-08-23","270","5.0","250","FUTCOM","CE","MCX_FO"
"MCX_FO|437761","437761","SILVERM25JUN83500CE","SILVER","12992.5","2025-06-19","83500","50.0","5","FUTCOM","CE","MCX_FO"
"MCX_FO|426734","426734","SILVER24AUG83250CE","SILVER","2401.0","2024-08-27","83250","50.0","30","FUTCOM","CE","MCX_FO"
"MCX_FO|432189","432189","GOLD24NOV75900PE","GOLD","8712.5","2024-11-26","75900","50.0","1","FUTCOM","PE","MCX_FO"
"MCX_FO|430847","430847","SILVER24AUG87000CE","SILVER","715.0","2024-08-27","87000","50.0","30","FUTCOM","CE","MCX_FO"
"MCX_FO|436328","436328","CRUDEOIL24AUG8100CE","CRUDE OIL","0.1","2024-08-14","8100","10.0","100","FUTCOM","CE","MCX_FO"
"MCX_FO|426745","426745","SILVER24AUG76250PE","SILVER","1229.5","2024-08-27","76250","50.0","30","FUTCOM","PE","MCX_FO"
"MCX_FO|428835","428835","GOLD25JAN60600PE","GOLD","1834.5","2025-01-27","60600","50.0","1","FUTCOM","PE","MCX_FO"
"MCX_FO|437426","437426","GOLDM24AUG67300PE","GOLD","1832.0","2024-08-27","67300","50.0","100","FUTCOM","PE","MCX_FO"
"MCX_FO|433989","433989","SILVER24NOV97000CE","SILVER","2029.5","2024-11-26","97000","50.0","30","FUTCOM","CE","MCX_FO"
"MCX_FO|433710","433710","SILVERM25APR96250PE","SILVER","13140.0","2025-04-21","96250","50.0","5","FUTCOM","PE","MCX_FO"
"MCX_FO|435504","435504","GOLDM24AUG71000CE","GOLD","254.0","2024-08-27","71000","50.0","100","FUTCOM","CE","MCX_FO"
"MCX_FO|436701","436701","SILVER25JUN106500PE","SILVER","21606.0","2025-06-25","106500","50.0","30","FUTCOM","PE","MCX_FO"
"MCX_FO|433644","433644","SILVERM25APR96750CE","SILVER","5619.0","2025-04-21","96750","50.0","5","FUTCOM","CE","MCX_FO"
"MCX_FO|432086","432086","SILVER25FEB97500PE","SILVER","15281.5","2025-02-24","97500","50.0","30","FUTCOM","PE","MCX_FO"
"MCX_FO|436000","436000","CRUDEOILM24SEP6050PE","CRUDE OIL","30.1","2024-09-17","6050","5.0","10","FUTCOM","PE","MCX_FO"
"MCX_FO|429892","429892","SILVER25FEB83500CE","SILVER","9250.0","2025-02-24","83500","50.0","30","FUTCOM","CE","MCX_FO"
"MCX_FO|431942","431942","GOLD25MAR73700CE","GOLD","3914.5","2025-03-26","73700","50.0","1","FUTCOM","CE","MCX_FO"
"MCX_FO|437361","437361","GOLDM24SEP68300CE","GOLD","2636.5","2024-09-24","68300","50.0","100","FUTCOM","CE","MCX_FO"
"MCX_FO|436085","436085","COPPER24SEP810CE","COPPER","20.86","2024-09-19","810","1.0","2500","FUTCOM","CE","MCX_FO"
"MCX_FO|429969","429969","SILVERM25FEB77750CE","SILVER","12063.0","2025-02-19","77750","50.0","5","FUTCOM","CE","MCX_FO"
"MCX_FO|437920","437920","NATGASMINI24OCT260PE","NATURALGAS","0.0","2024-10-24","260","5.0","250","FUTCOM","PE","MCX_FO"
"MCX_FO|435545","435545","GOLDM24AUG71900PE","GOLD","4784.0","2024-08-27","71900","50.0","100","FUTCOM","PE","MCX_FO"
"MCX_FO|435201","435201","SILVERM25FEB107250PE","SILVER","22274.0","2025-02-19","107250","50.0","5","FUTCOM","PE","MCX_FO"
"MCX_FO|436754","436754","SILVERM25JUN99250PE","SILVER","16811.5","2025-06-19","99250","50.0","5","FUTCOM","PE","MCX_FO"
"MCX_FO|426804","426804","SILVERM24AUG74000CE","SILVER","7908.5","2024-08-21","74000","50.0","5","FUTCOM","CE","MCX_FO"
"MCX_FO|427185","427185","GOLD24NOV65800CE","GOLD","5148.5","2024-11-26","65800","50.0","1","FUTCOM","CE","MCX_FO"
"MCX_FO|436817","436817","GOLD25MAY78300PE","GOLD","11626.5","2025-05-27","78300","50.0","1","FUTCOM","PE","MCX_FO"
"MCX_FO|430279","430279","GOLD25JAN71600CE","GOLD","3900.0","2025-01-27","71600","50.0","1","FUTCOM","CE","MCX_FO"
"MCX_FO|435873","435873","CRUDEOIL24SEP7500CE","CRUDE OIL","3.2","2024-09-17","7500","10.0","100","FUTCOM","CE","MCX_FO"
"MCX_FO|437193","437193","CRUDEOILM24OCT7350PE","CRUDE OIL","961.75","2024-10-17","7350","5.0","10","FUTCOM","PE","MCX_FO"
"MCX_FO|432124","432124","SILVERM25FEB97500PE","SILVER","14773.0","2025-02-19","97500","50.0","5","FUTCOM","PE","MCX_FO"
"MCX_FO|426950","426950","SILVERM24NOV76500PE","SILVER","2787.5","2024-11-20","76500","50.0","5","FUTCOM","PE","MCX_FO"
"MCX_FO|437307","437307","GOLD25MAY68700PE","GOLD","5891.0","2025-05-27","68700","50.0","1","FUTCOM","PE","MCX_FO"
"MCX_FO|434175","434175","SILVERM25APR103250CE","SILVER","3930.5","2025-04-21","103250","50.0","5","FUTCOM","CE","MCX_FO"
"MCX_FO|435999","435999","CRUDEOILM24SEP6100PE","CRUDE OIL","38.3","2024-09-17","6100","5.0","10","FUTCOM","PE","MCX_FO"
"MCX_FO|434836","434836","SILVERM25FEB103000PE","SILVER","18875.5","2025-02-19","103000","50.0","5","FUTCOM","PE","MCX_FO"
"MCX_FO|433556","433556","SILVER25APR85000PE","SILVER","7991.5","2025-04-24","85000","50.0","30","FUTCOM","PE","MCX_FO"
"MCX_FO|430062","430062","SILVERM25FEB86000PE","SILVER","7625.5","2025-02-19","86000","50.0","5","FUTCOM","PE","MCX_FO"
"MCX_FO|436813","436813","GOLD25MAY78700CE","GOLD","3271.5","2025-05-27","78700","50.0","1","FUTCOM","CE","MCX_FO"
"MCX_FO|437830","437830","NATURALGAS24OCT300CE","NATURALGAS","0.0","2024-10-24","300","5.0","1250","FUTCOM","CE","MCX_FO"
"MCX_FO|426565","426565","GOLD24SEP64300CE","GOLD","4934.5","2024-09-24","64300","50.0","1","FUTCOM","CE","MCX_FO"
"MCX_FO|434129","434129","SILVERM24AUG97000CE","SILVER","170.5","2024-08-21","97000","50.0","5","FUTCOM","CE","MCX_FO"
"MCX_FO|437780","437780","SILVERM25JUN86000PE","SILVER","9196.0","2025-06-19","86000","50.0","5","FUTCOM","PE","MCX_FO"
"MCX_FO|436793","436793","SILVERM25JUN104250PE","SILVER","20188.5","2025-06-19","104250","50.0","5","FUTCOM","PE","MCX_FO"
"MCX_FO|428188","428188","GOLD24SEP60000PE","GOLD","130.0","2024-09-24","60000","50.0","1","FUTCOM","PE","MCX_FO"
"MCX_FO|436987","436987","CRUDEOIL24OCT5350CE","CRUDE OIL","1042.3","2024-10-17","5350","10.0","100","FUTCOM","CE","MCX_FO"
"MCX_FO|436002","436002","CRUDEOILM24SEP5950PE","CRUDE OIL","17.85","2024-09-17","5950","5.0","10","FUTCOM","PE","MCX_FO"
"MCX_FO|429991","429991","SILVERM25FEB80750CE","SILVER","10349.5","2025-02-19","80750","50.0","5","FUTCOM","CE","MCX_FO"
"MCX_FO|433390","433390","GOLD25MAR76800CE","GOLD","3003.5","2025-03-26","76800","50.0","1","FUTCOM","CE","MCX_FO"
"MCX_FO|434936","434936","CRUDEOILM24AUG7550CE","CRUDE OIL","0.1","2024-08-14","7550","5.0","10","FUTCOM","CE","MCX_FO"
"MCX_FO|429547","429547","GOLD24SEP68600CE","GOLD","2573.0","2024-09-24","68600","50.0","1","FUTCOM","CE","MCX_FO"
"MCX_FO|427226","427226","GOLD24NOV64500PE","GOLD","2119.5","2024-11-26","64500","50.0","1","FUTCOM","PE","MCX_FO"
"MCX_FO|431710","431710","SILVER25FEB95750PE","SILVER","14066.0","2025-02-24","95750","50.0","30","FUTCOM","PE","MCX_FO"
"MCX_FO|435683","435683","NATGASMINI24AUG330CE","NATURALGAS","0.05","2024-08-23","330","5.0","250","FUTCOM","CE","MCX_FO"
"MCX_FO|427407","427407","SILVERM24AUG85000PE","SILVER","4455.5","2024-08-21","85000","50.0","5","FUTCOM","PE","MCX_FO"
"MCX_FO|430041","430041","SILVERM25FEB80750PE","SILVER","5153.0","2025-02-19","80750","50.0","5","FUTCOM","PE","MCX_FO"
"MCX_FO|431455","431455","GOLD24NOV74100PE","GOLD","7373.5","2024-11-26","74100","50.0","1","FUTCOM","PE","MCX_FO"
"MCX_FO|427721","427721","SILVERM24AUG70500CE","SILVER","11040.5","2024-08-21","70500","50.0","5","FUTCOM","CE","MCX_FO"
"MCX_FO|429757","429757","GOLD25JAN70700PE","GOLD","6150.0","2025-01-27","70700","50.0","1","FUTCOM","PE","MCX_FO"
"MCX_FO|429584","429584","GOLD24SEP68900PE","GOLD","3461.0","2024-09-24","68900","50.0","1","FUTCOM","PE","MCX_FO"
"MCX_FO|436005","436005","CRUDEOILM24SEP5800PE","CRUDE OIL","7.3","2024-09-17","5800","5.0","10","FUTCOM","PE","MCX_FO"
"MCX_FO|430914","430914","SILVERM25FEB90500CE","SILVER","5994.0","2025-02-19","90500","50.0","5","FUTCOM","CE","MCX_FO"
"MCX_FO|432184","432184","GOLD24NOV75400PE","GOLD","8331.5","2024-11-26","75400","50.0","1","FUTCOM","PE","MCX_FO"
"MCX_FO|429555","429555","GOLD24NOV69100CE","GOLD","3505.5","2024-11-26","69100","50.0","1","FUTCOM","CE","MCX_FO"
"MCX_FO|435929","435929","CRUDEOIL24SEP7750PE","CRUDE OIL","1245.6","2024-09-17","7750","10.0","100","FUTCOM","PE","MCX_FO"
"MCX_FO|435121","435121","NATURALGAS24AUG275CE","NATURALGAS","0.05","2024-08-23","275","5.0","1250","FUTCOM","CE","MCX_FO"
"MCX_FO|427708","427708","SILVER24AUG71250PE","SILVER","329.5","2024-08-27","71250","50.0","30","FUTCOM","PE","MCX_FO"
"MCX_FO|436233","436233","NATGASMINI24SEP160PE","NATURALGAS","5.55","2024-09-23","160","5.0","250","FUTCOM","PE","MCX_FO"
"MCX_FO|431338","431338","SILVER24AUG89250CE","SILVER","809.0","2024-08-27","89250","50.0","30","FUTCOM","CE","MCX_FO"
"MCX_FO|427910","427910","GOLD24NOV61500CE","GOLD","7938.5","2024-11-26","61500","50.0","1","FUTCOM","CE","MCX_FO"
"MCX_FO|434241","434241","SILVERM25APR101250PE","SILVER","16508.5","2025-04-21","101250","50.0","5","FUTCOM","PE","MCX_FO"
"MCX_FO|433735","433735","GOLD24SEP76400PE","GOLD","8967.0","2024-09-24","76400","50.0","1","FUTCOM","PE","MCX_FO"
"MCX_FO|429699","429699","GOLD24NOV70500CE","GOLD","2938.0","2024-11-26","70500","50.0","1","FUTCOM","CE","MCX_FO"
"MCX_FO|426573","426573","GOLD24SEP65100CE","GOLD","4420.5","2024-09-24","65100","50.0","1","FUTCOM","CE","MCX_FO"
"MCX_FO|433004","433004","COPPER24AUG840CE","COPPER","5.77","2024-08-21","840","1.0","2500","FUTCOM","CE","MCX_FO"
"MCX_FO|434133","434133","SILVERM24AUG98000CE","SILVER","185.5","2024-08-21","98000","50.0","5","FUTCOM","CE","MCX_FO"
"MCX_FO|433810","433810","SILVERM25APR98250PE","SILVER","14449.0","2025-04-21","98250","50.0","5","FUTCOM","PE","MCX_FO"
"MCX_FO|436986","436986","CRUDEOIL24OCT5400CE","CRUDE OIL","993.3","2024-10-17","5400","10.0","100","FUTCOM","CE","MCX_FO"
"MCX_FO|430101","430101","SILVERM25FEB88250PE","SILVER","8846.5","2025-02-19","88250","50.0","5","FUTCOM","PE","MCX_FO"
"MCX_FO|433503","433503","SILVER25APR94500CE","SILVER","6344.0","2025-04-24","94500","50.0","30","FUTCOM","CE","MCX_FO"
"MCX_FO|434321","434321","CRUDEOIL24AUG5750CE","CRUDE OIL","819.2","2024-08-14","5750","10.0","100","FUTCOM","CE","MCX_FO"
"MCX_FO|430920","430920","SILVERM25FEB92000CE","SILVER","5477.5","2025-02-19","92000","50.0","5","FUTCOM","CE","MCX_FO"
"MCX_FO|426788","426788","SILVER24AUG84250PE","SILVER","4937.5","2024-08-27","84250","50.0","30","FUTCOM","PE","MCX_FO"
"MCX_FO|437413","437413","GOLDM24AUG68600PE","GOLD","2516.5","2024-08-27","68600","50.0","100","FUTCOM","PE","MCX_FO"
"MCX_FO|435140","435140","NATURALGAS24AUG175PE","NATURALGAS","13.0","2024-08-23","175","5.0","1250","FUTCOM","PE","MCX_FO"
"MCX_FO|429995","429995","SILVERM25FEB81750CE","SILVER","9818.5","2025-02-19","81750","50.0","5","FUTCOM","CE","MCX_FO"
"MCX_FO|431917","431917","GOLD25MAR71900CE","GOLD","4539.0","2025-03-26","71900","50.0","1","FUTCOM","CE","MCX_FO"
"MCX_FO|435870","435870","CRUDEOIL24SEP7350CE","CRUDE OIL","6.8","2024-09-17","7350","10.0","100","FUTCOM","CE","MCX_FO"
"MCX_FO|429876","429876","SILVER25FEB78750CE","SILVER","11730.0","2025-02-24","78750","50.0","30","FUTCOM","CE","MCX_FO"
"MCX_FO|431111","431111","GOLD24NOV74000CE","GOLD","1824.5","2024-11-26","74000","50.0","1","FUTCOM","CE","MCX_FO"
"MCX_FO|435978","435978","CRUDEOILM24SEP7650CE","CRUDE OIL","1.0","2024-09-17","7650","5.0","10","FUTCOM","CE","MCX_FO"
"MCX_FO|433622","433622","SILVERM25APR86000CE","SILVER","9715.5","2025-04-21","86000","50.0","5","FUTCOM","CE","MCX_FO"
"MCX_FO|436454","436454","GOLDM24SEP74200CE","GOLD","805.5","2024-09-24","74200","50.0","100","FUTCOM","CE","MCX_FO"
"MCX_FO|432077","432077","SILVER24AUG92500PE","SILVER","11503.5","2024-08-27","92500","50.0","30","FUTCOM","PE","MCX_FO"
"MCX_FO|436417","436417","GOLD25MAY77300PE","GOLD","10948.0","2025-05-27","77300","50.0","1","FUTCOM","PE","MCX_FO"
"MCX_FO|437776","437776","SILVERM25APR82750PE","SILVER","5885.5","2025-04-21","82750","50.0","5","FUTCOM","PE","MCX_FO"
"MCX_FO|429288","429288","GOLD25JAN68300CE","GOLD","5255.0","2025-01-27","68300","50.0","1","FUTCOM","CE","MCX_FO"
"MCX_FO|426679","426679","GOLD24SEP65700PE","GOLD","1910.5","2024-09-24","65700","50.0","1","FUTCOM","PE","MCX_FO"
"MCX_FO|433018","433018","COPPER24AUG840PE","COPPER","42.91","2024-08-21","840","1.0","2500","FUTCOM","PE","MCX_FO"
"MCX_FO|436961","436961","COPPER24AUG790PE","COPPER","12.41","2024-08-21","790","1.0","2500","FUTCOM","PE","MCX_FO"
"MCX_FO|435133","435133","NATURALGAS24AUG210PE","NATURALGAS","38.55","2024-08-23","210","5.0","1250","FUTCOM","PE","MCX_FO"
"MCX_FO|435881","435881","CRUDEOIL24SEP7900CE","CRUDE OIL","0.3","2024-09-17","7900","10.0","100","FUTCOM","CE","MCX_FO"
"MCX_FO|436209","436209","NATGASMINI24SEP295PE","NATURALGAS","107.0","2024-09-23","295","5.0","250","FUTCOM","PE","MCX_FO"
"MCX_FO|427560","427560","GOLD24SEP67200PE","GOLD","2568.5","2024-09-24","67200","50.0","1","FUTCOM","PE","MCX_FO"
"MCX_FO|433470","433470","SILVER25APR90000CE","SILVER","7901.0","2025-04-24","90000","50.0","30","FUTCOM","CE","MCX_FO"
"MCX_FO|435809","435809","GOLD25MAY74900CE","GOLD","4338.5","2025-05-27","74900","50.0","1","FUTCOM","CE","MCX_FO"
"MCX_FO|434203","434203","SILVERM24AUG97000PE","SILVER","15548.5","2024-08-21","97000","50.0","5","FUTCOM","PE","MCX_FO"
"MCX_FO|433392","433392","GOLD25MAR77000CE","GOLD","2951.5","2025-03-26","77000","50.0","1","FUTCOM","CE","MCX_FO"
"MCX_FO|434956","434956","CRUDEOILM24AUG5900PE","CRUDE OIL","0.75","2024-08-14","5900","5.0","10","FUTCOM","PE","MCX_FO"
"MCX_FO|435375","435375","COPPER24SEP870PE","COPPER","73.92","2024-09-19","870","1.0","2500","FUTCOM","PE","MCX_FO"
"MCX_FO|430903","430903","SILVERM24NOV87750CE","SILVER","4207.5","2024-11-20","87750","50.0","5","FUTCOM","CE","MCX_FO"
"MCX_FO|430285","430285","GOLD24NOV71000PE","GOLD","5301.5","2024-11-26","71000","50.0","1","FUTCOM","PE","MCX_FO"
"MCX_FO|436379","436379","ZINC24OCT280PE","ZINC","45.59","2024-10-22","280","1.0","5","FUTCOM","PE","MCX_FO"
"MCX_FO|427408","427408","SILVERM24NOV86500PE","SILVER","7451.0","2024-11-20","86500","50.0","5","FUTCOM","PE","MCX_FO"
"MCX_FO|435820","435820","GOLD25MAY75300PE","GOLD","9642.5","2025-05-27","75300","50.0","1","FUTCOM","PE","MCX_FO"
"MCX_FO|435389","435389","ZINC24SEP257.5CE","ZINC","9.98","2024-09-19","257.5","1.0","5","FUTCOM","CE","MCX_FO"
"MCX_FO|433590","433590","SILVERM24AUG93750CE","SILVER","193.0","2024-08-21","93750","50.0","5","FUTCOM","CE","MCX_FO"
"MCX_FO|434025","434025","SILVER25APR103000CE","SILVER","4105.0","2025-04-24","103000","50.0","30","FUTCOM","CE","MCX_FO"
"MCX_FO|434605","434605","SILVER25APR108750CE","SILVER","3018.0","2025-04-24","108750","50.0","30","FUTCOM","CE","MCX_FO"
"MCX_FO|433377","433377","GOLD24NOV76700CE","GOLD","1222.5","2024-11-26","76700","50.0","1","FUTCOM","CE","MCX_FO"
"MCX_FO|436901","436901","GOLD24NOV77700CE","GOLD","1047.0","2024-11-26","77700","50.0","1","FUTCOM","CE","MCX_FO"
"MCX_FO|433641","433641","SILVERM25APR96000CE","SILVER","5848.5","2025-04-21","96000","50.0","5","FUTCOM","CE","MCX_FO"
"MCX_FO|437470","437470","GOLDM24SEP70100PE","GOLD","3943.0","2024-09-24","70100","50.0","100","FUTCOM","PE","MCX_FO"
"MCX_FO|434548","434548","SILVER24AUG101500CE","SILVER","42.5","2024-08-27","101500","50.0","30","FUTCOM","CE","MCX_FO"
"MCX_FO|426554","426554","GOLD24SEP61300CE","GOLD","7141.5","2024-09-24","61300","50.0","1","FUTCOM","CE","MCX_FO"
"MCX_FO|436660","436660","SILVER25JUN97750PE","SILVER","15622.5","2025-06-25","97750","50.0","30","FUTCOM","PE","MCX_FO"
"MCX_FO|434594","434594","SILVER25APR106000CE","SILVER","3500.5","2025-04-24","106000","50.0","30","FUTCOM","CE","MCX_FO"
"MCX_FO|429952","429952","SILVER25FEB86000PE","SILVER","8135.0","2025-02-24","86000","50.0","30","FUTCOM","PE","MCX_FO"
"MCX_FO|432201","432201","GOLD25MAR75500PE","GOLD","9450.5","2025-03-26","75500","50.0","1","FUTCOM","PE","MCX_FO"
"MCX_FO|433916","433916","GOLD25MAR77900PE","GOLD","11104.0","2025-03-26","77900","50.0","1","FUTCOM","PE","MCX_FO"
"MCX_FO|437351","437351","GOLDM24AUG66700CE","GOLD","2611.0","2024-08-27","66700","50.0","100","FUTCOM","CE","MCX_FO"
"MCX_FO|436432","436432","GOLDM24SEP71900CE","GOLD","1328.0","2024-09-24","71900","50.0","100","FUTCOM","CE","MCX_FO"
"MCX_FO|436291","436291","ZINC24OCT262.5CE","ZINC","12.3","2024-10-22","262.5","1.0","5","FUTCOM","CE","MCX_FO"
"MCX_FO|434641","434641","SILVER24AUG103000PE","SILVER","21558.5","2024-08-27","103000","50.0","30","FUTCOM","PE","MCX_FO"
"MCX_FO|435992","435992","CRUDEOILM24SEP6450PE","CRUDE OIL","148.6","2024-09-17","6450","5.0","10","FUTCOM","PE","MCX_FO"
"MCX_FO|432448","432448","GOLD25MAR69600PE","GOLD","5911.0","2025-03-26","69600","50.0","1","FUTCOM","PE","MCX_FO"
"MCX_FO|433489","433489","SILVER25APR85250CE","SILVER","9868.5","2025-04-24","85250","50.0","30","FUTCOM","CE","MCX_FO"
"MCX_FO|426781","426781","SILVER24AUG82500PE","SILVER","3002.0","2024-08-27","82500","50.0","30","FUTCOM","PE","MCX_FO"
"MCX_FO|436420","436420","GOLDM24SEP73100CE","GOLD","1029.5","2024-09-24","73100","50.0","100","FUTCOM","CE","MCX_FO"
"MCX_FO|434196","434196","SILVERM24AUG95250PE","SILVER","13858.5","2024-08-21","95250","50.0","5","FUTCOM","PE","MCX_FO"
"MCX_FO|429973","429973","SILVERM25FEB76750CE","SILVER","12674.5","2025-02-19","76750","50.0","5","FUTCOM","CE","MCX_FO"
"MCX_FO|437815","437815","NATURALGAS24OCT150CE","NATURALGAS","0.0","2024-10-24","150","5.0","1250","FUTCOM","CE","MCX_FO"
"MCX_FO|429940","429940","SILVER25FEB83000PE","SILVER","6634.5","2025-02-24","83000","50.0","30","FUTCOM","PE","MCX_FO"
"MCX_FO|434908","434908","CRUDEOILM24AUG5800CE","CRUDE OIL","766.25","2024-08-14","5800","5.0","10","FUTCOM","CE","MCX_FO"
"MCX_FO|434105","434105","SILVER25APR104500PE","SILVER","20293.0","2025-04-24","104500","50.0","30","FUTCOM","PE","MCX_FO"
"MCX_FO|428400","428400","GOLD24NOV58300CE","GOLD","10442.0","2024-11-26","58300","50.0","1","FUTCOM","CE","MCX_FO"
"MCX_FO|433593","433593","SILVERM24AUG94500CE","SILVER","196.5","2024-08-21","94500","50.0","5","FUTCOM","CE","MCX_FO"
"MCX_FO|437786","437786","SILVERM25JUN84500PE","SILVER","8474.0","2025-06-19","84500","50.0","5","FUTCOM","PE","MCX_FO"
"MCX_FO|427915","427915","GOLD24SEP60900PE","GOLD","575.5","2024-09-24","60900","50.0","1","FUTCOM","PE","MCX_FO"
"MCX_FO|431517","431517","SILVER24AUG90750PE","SILVER","9952.0","2024-08-27","90750","50.0","30","FUTCOM","PE","MCX_FO"
"MCX_FO|437487","437487","SILVER25JUN86500CE","SILVER","11092.5","2025-06-25","86500","50.0","30","FUTCOM","CE","MCX_FO"
"MCX_FO|428825","428825","GOLD25JAN61600PE","GOLD","2126.5","2025-01-27","61600","50.0","1","FUTCOM","PE","MCX_FO"
"MCX_FO|430980","430980","SILVER24AUG88000CE","SILVER","617.0","2024-08-27","88000","50.0","30","FUTCOM","CE","MCX_FO"
"MCX_FO|427026","427026","SILVER24NOV79750PE","SILVER","4361.0","2024-11-26","79750","50.0","30","FUTCOM","PE","MCX_FO"
"MCX_FO|436765","436765","SILVERM25JUN96500PE","SILVER","15062.0","2025-06-19","96500","50.0","5","FUTCOM","PE","MCX_FO"
"MCX_FO|434954","434954","CRUDEOILM24AUG6000PE","CRUDE OIL","50.0","2024-08-14","6000","5.0","10","FUTCOM","PE","MCX_FO"
"MCX_FO|436716","436716","SILVERM25JUN96250CE","SILVER","7930.0","2025-06-19","96250","50.0","5","FUTCOM","CE","MCX_FO"
"MCX_FO|430878","430878","SILVER24NOV89000PE","SILVER","9397.0","2024-11-26","89000","50.0","30","FUTCOM","PE","MCX_FO"
"MCX_FO|437532","437532","SILVERM25JUN88750PE","SILVER","10598.5","2025-06-19","88750","50.0","5","FUTCOM","PE","MCX_FO"
"MCX_FO|427155","427155","GOLD24NOV62900CE","GOLD","6952.0","2024-11-26","62900","50.0","1","FUTCOM","CE","MCX_FO"
"MCX_FO|431973","431973","GOLD25MAR72700PE","GOLD","7671.0","2025-03-26","72700","50.0","1","FUTCOM","PE","MCX_FO"
"MCX_FO|437462","437462","GOLDM24SEP69300PE","GOLD","3458.5","2024-09-24","69300","50.0","100","FUTCOM","PE","MCX_FO"
"MCX_FO|428988","428988","GOLD25JAN66400CE","GOLD","6177.5","2025-01-27","66400","50.0","1","FUTCOM","CE","MCX_FO"
"MCX_FO|426659","426659","GOLD24SEP63700PE","GOLD","1219.0","2024-09-24","63700","50.0","1","FUTCOM","PE","MCX_FO"
"MCX_FO|427365","427365","GOLD24NOV66800CE","GOLD","4604.5","2024-11-26","66800","50.0","1","FUTCOM","CE","MCX_FO"
"MCX_FO|427214","427214","GOLD24NOV62400PE","GOLD","1450.0","2024-11-26","62400","50.0","1","FUTCOM","PE","MCX_FO"
"MCX_FO|437641","437641","GOLDM24SEP66300CE","GOLD","3667.0","2024-09-24","66300","50.0","100","FUTCOM","CE","MCX_FO"
"MCX_FO|431826","431826","GOLD24SEP75800PE","GOLD","8453.5","2024-09-24","75800","50.0","1","FUTCOM","PE","MCX_FO"
"MCX_FO|434212","434212","SILVERM24NOV97250PE","SILVER","15067.5","2024-11-20","97250","50.0","5","FUTCOM","PE","MCX_FO"
"MCX_FO|429557","429557","GOLD24NOV69300CE","GOLD","3420.0","2024-11-26","69300","50.0","1","FUTCOM","CE","MCX_FO"
"MCX_FO|429883","429883","SILVER25FEB76750CE","SILVER","12903.0","2025-02-24","76750","50.0","30","FUTCOM","CE","MCX_FO"
"MCX_FO|429341","429341","GOLD25JAN68400PE","GOLD","4901.5","2025-01-27","68400","50.0","1","FUTCOM","PE","MCX_FO"
"MCX_FO|433044","433044","ZINC24AUG252.5PE","ZINC","4.77","2024-08-21","252.5","1.0","5","FUTCOM","PE","MCX_FO"
"MCX_FO|437450","437450","GOLDM24SEP67500PE","GOLD","2496.0","2024-09-24","67500","50.0","100","FUTCOM","PE","MCX_FO"
"MCX_FO|437118","437118","CRUDEOILM24OCT5650CE","CRUDE OIL","767.75","2024-10-17","5650","5.0","10","FUTCOM","CE","MCX_FO"
"MCX_FO|427706","427706","SILVER24NOV72000CE","SILVER","13002.0","2024-11-26","72000","50.0","30","FUTCOM","CE","MCX_FO"
"MCX_FO|431194","431194","GOLD25JAN74100PE","GOLD","8258.5","2025-01-27","74100","50.0","1","FUTCOM","PE","MCX_FO"
"MCX_FO|430935","430935","SILVERM24NOV88750PE","SILVER","8849.5","2024-11-20","88750","50.0","5","FUTCOM","PE","MCX_FO"
"MCX_FO|429752","429752","GOLD25JAN70200PE","GOLD","5866.0","2025-01-27","70200","50.0","1","FUTCOM","PE","MCX_FO"
"MCX_FO|437135","437135","CRUDEOILM24OCT7050CE","CRUDE OIL","59.4","2024-10-17","7050","5.0","10","FUTCOM","CE","MCX_FO"
"MCX_FO|436344","436344","CRUDEOILM24SEP8100PE","CRUDE OIL","1589.25","2024-09-17","8100","5.0","10","FUTCOM","PE","MCX_FO"
"MCX_FO|437552","437552","COPPER24OCT775CE","COPPER","61.26","2024-10-22","775","1.0","2500","FUTCOM","CE","MCX_FO"
"MCX_FO|427675","427675","SILVERM24AUG71250CE","SILVER","10343.5","2024-08-21","71250","50.0","5","FUTCOM","CE","MCX_FO"
"MCX_FO|435177","435177","SILVER25FEB108000PE","SILVER","23323.0","2025-02-24","108000","50.0","30","FUTCOM","PE","MCX_FO"
"MCX_FO|434902","434902","CRUDEOILM24AUG6100CE","CRUDE OIL","472.8","2024-08-14","6100","5.0","10","FUTCOM","CE","MCX_FO"
"MCX_FO|436164","436164","NATGASMINI24SEP185CE","NATURALGAS","17.65","2024-09-23","185","5.0","250","FUTCOM","CE","MCX_FO"
"MCX_FO|437056","437056","CRUDEOIL24OCT7250PE","CRUDE OIL","833.2","2024-10-17","7250","10.0","100","FUTCOM","PE","MCX_FO"
"MCX_FO|437033","437033","CRUDEOIL24OCT5650PE","CRUDE OIL","4.6","2024-10-17","5650","10.0","100","FUTCOM","PE","MCX_FO"
"MCX_FO|426806","426806","SILVERM24AUG73500CE","SILVER","8334.5","2024-08-21","73500","50.0","5","FUTCOM","CE","MCX_FO"
"MCX_FO|437353","437353","GOLDM24AUG66500CE","GOLD","2725.0","2024-08-27","66500","50.0","100","FUTCOM","CE","MCX_FO"
"MCX_FO|434745","434745","SILVERM24NOV104250CE","SILVER","873.0","2024-11-20","104250","50.0","5","FUTCOM","CE","MCX_FO"
"MCX_FO|437903","437903","NATGASMINI24OCT200PE","NATURALGAS","0.0","2024-10-24","200","5.0","250","FUTCOM","PE","MCX_FO"
"MCX_FO|436140","436140","NATURALGAS24SEP255PE","NATURALGAS","69.45","2024-09-23","255","5.0","1250","FUTCOM","PE","MCX_FO"
"MCX_FO|433052","433052","ZINC24AUG270PE","ZINC","17.97","2024-08-21","270","1.0","5","FUTCOM","PE","MCX_FO"
"MCX_FO|429915","429915","SILVER25FEB81500PE","SILVER","5947.0","2025-02-24","81500","50.0","30","FUTCOM","PE","MCX_FO"
"MCX_FO|432198","432198","GOLD25JAN76200PE","GOLD","9702.0","2025-01-27","76200","50.0","1","FUTCOM","PE","MCX_FO"
"MCX_FO|428797","428797","GOLD25JAN63900CE","GOLD","7557.5","2025-01-27","63900","50.0","1","FUTCOM","CE","MCX_FO"
"MCX_FO|434254","434254","SILVERM25APR104500PE","SILVER","18858.5","2025-04-21","104500","50.0","5","FUTCOM","PE","MCX_FO"
"MCX_FO|429192","429192","GOLD25JAN67500CE","GOLD","5630.5","2025-01-27","67500","50.0","1","FUTCOM","CE","MCX_FO"
"MCX_FO|435567","435567","GOLDM24AUG72800PE","GOLD","5512.0","2024-08-27","72800","50.0","100","FUTCOM","PE","MCX_FO"
"MCX_FO|434285","434285","COPPER24AUG980CE","COPPER","0.01","2024-08-21","980","1.0","2500","FUTCOM","CE","MCX_FO"
"MCX_FO|433611","433611","SILVERM25APR88750CE","SILVER","8493.5","2025-04-21","88750","50.0","5","FUTCOM","CE","MCX_FO"
"MCX_FO|434011","434011","SILVER25FEB101750CE","SILVER","3265.5","2025-02-24","101750","50.0","30","FUTCOM","CE","MCX_FO"
"MCX_FO|435592","435592","GOLDM24AUG75100CE","GOLD","226.0","2024-08-27","75100","50.0","100","FUTCOM","CE","MCX_FO"
"MCX_FO|427221","427221","GOLD24NOV61700PE","GOLD","1263.5","2024-11-26","61700","50.0","1","FUTCOM","PE","MCX_FO"
"MCX_FO|433381","433381","GOLD25JAN76600CE","GOLD","2387.5","2025-01-27","76600","50.0","1","FUTCOM","CE","MCX_FO"
"MCX_FO|433861","433861","COPPER24AUG970PE","COPPER","173.09","2024-08-21","970","1.0","2500","FUTCOM","PE","MCX_FO"
"MCX_FO|434912","434912","CRUDEOILM24AUG5600CE","CRUDE OIL","965.25","2024-08-14","5600","5.0","10","FUTCOM","CE","MCX_FO"
"MCX_FO|437365","437365","GOLDM24SEP67900CE","GOLD","2824.5","2024-09-24","67900","50.0","100","FUTCOM","CE","MCX_FO"
"MCX_FO|434558","434558","SILVER24NOV101250CE","SILVER","1368.5","2024-11-26","101250","50.0","30","FUTCOM","CE","MCX_FO"
"MCX_FO|436569","436569","NATURALGAS24SEP125PE","NATURALGAS","0.4","2024-09-23","125","5.0","1250","FUTCOM","PE","MCX_FO"
"MCX_FO|437281","437281","GOLD25MAR68100CE","GOLD","6112.5","2025-03-26","68100","50.0","1","FUTCOM","CE","MCX_FO"
"MCX_FO|431653","431653","SILVER24AUG91000CE","SILVER","354.5","2024-08-27","91000","50.0","30","FUTCOM","CE","MCX_FO"
"MCX_FO|427340","427340","SILVER24NOV84250PE","SILVER","6555.0","2024-11-26","84250","50.0","30","FUTCOM","PE","MCX_FO"
"MCX_FO|430786","430786","GOLD24SEP71800PE","GOLD","5320.0","2024-09-24","71800","50.0","1","FUTCOM","PE","MCX_FO"
"MCX_FO|427231","427231","GOLD24NOV65000PE","GOLD","2304.5","2024-11-26","65000","50.0","1","FUTCOM","PE","MCX_FO"
"MCX_FO|436592","436592","GOLDM24AUG76100CE","GOLD","155.0","2024-08-27","76100","50.0","100","FUTCOM","CE","MCX_FO"
"MCX_FO|435216","435216","NATGASMINI24AUG190CE","NATURALGAS","6.4","2024-08-23","190","5.0","250","FUTCOM","CE","MCX_FO"
"MCX_FO|434220","434220","SILVERM24NOV99250PE","SILVER","16704.5","2024-11-20","99250","50.0","5","FUTCOM","PE","MCX_FO"
"MCX_FO|429292","429292","GOLD25JAN68700CE","GOLD","5074.0","2025-01-27","68700","50.0","1","FUTCOM","CE","MCX_FO"
"MCX_FO|430882","430882","SILVER25FEB89000PE","SILVER","9795.5","2025-02-24","89000","50.0","30","FUTCOM","PE","MCX_FO"
"MCX_FO|435176","435176","SILVER24NOV105500PE","SILVER","22381.5","2024-11-26","105500","50.0","30","FUTCOM","PE","MCX_FO"
"MCX_FO|433558","433558","SILVER25APR91750PE","SILVER","11672.0","2025-04-24","91750","50.0","30","FUTCOM","PE","MCX_FO"
"MCX_FO|431114","431114","GOLD25JAN72700CE","GOLD","3515.0","2025-01-27","72700","50.0","1","FUTCOM","CE","MCX_FO"
"MCX_FO|437863","437863","SILVERM25APR81500CE","SILVER","0.0","2025-04-21","81500","50.0","5","FUTCOM","CE","MCX_FO"
"MCX_FO|437510","437510","SILVERM25JUN90000CE","SILVER","10154.0","2025-06-19","90000","50.0","5","FUTCOM","CE","MCX_FO"
"MCX_FO|436201","436201","NATGASMINI24SEP255PE","NATURALGAS","68.9","2024-09-23","255","5.0","250","FUTCOM","PE","MCX_FO"
"MCX_FO|434387","434387","CRUDEOIL24AUG7000PE","CRUDE OIL","550.2","2024-08-14","7000","10.0","100","FUTCOM","PE","MCX_FO"
"MCX_FO|436934","436934","COPPER24AUG795CE","COPPER","20.05","2024-08-21","795","1.0","2500","FUTCOM","CE","MCX_FO"
"MCX_FO|429744","429744","GOLD24NOV70000PE","GOLD","4704.5","2024-11-26","70000","50.0","1","FUTCOM","PE","MCX_FO"
"MCX_FO|434662","434662","SILVER25FEB104250PE","SILVER","20320.5","2025-02-24","104250","50.0","30","FUTCOM","PE","MCX_FO"
"MCX_FO|429903","429903","SILVER25FEB86250CE","SILVER","8006.5","2025-02-24","86250","50.0","30","FUTCOM","CE","MCX_FO"
"MCX_FO|428428","428428","GOLD24NOV58800PE","GOLD","670.0","2024-11-26","58800","50.0","1","FUTCOM","PE","MCX_FO"
"MCX_FO|436211","436211","NATGASMINI24SEP305PE","NATURALGAS","116.7","2024-09-23","305","5.0","250","FUTCOM","PE","MCX_FO"
"MCX_FO|435331","435331","SILVERM25APR110500PE","SILVER","23476.5","2025-04-21","110500","50.0","5","FUTCOM","PE","MCX_FO"
"MCX_FO|437775","437775","SILVERM25APR83000PE","SILVER","5992.0","2025-04-21","83000","50.0","5","FUTCOM","PE","MCX_FO"
"MCX_FO|437557","437557","SILVERM25JUN86500CE","SILVER","11612.0","2025-06-19","86500","50.0","5","FUTCOM","CE","MCX_FO"
"MCX_FO|435605","435605","GOLDM24AUG75600PE","GOLD","7979.5","2024-08-27","75600","50.0","100","FUTCOM","PE","MCX_FO"
"MCX_FO|436289","436289","ZINC24OCT245CE","ZINC","18.65","2024-10-22","245","1.0","5","FUTCOM","CE","MCX_FO"
"MCX_FO|433579","433579","SILVER25APR97000PE","SILVER","14985.5","2025-04-24","97000","50.0","30","FUTCOM","PE","MCX_FO"
"MCX_FO|429269","429269","GOLD24SEP67700CE","GOLD","2985.0","2024-09-24","67700","50.0","1","FUTCOM","CE","MCX_FO"
"MCX_FO|426883","426883","SILVERM24NOV84500CE","SILVER","5480.5","2024-11-20","84500","50.0","5","FUTCOM","CE","MCX_FO"
"MCX_FO|433811","433811","SILVERM25APR98500PE","SILVER","14616.0","2025-04-21","98500","50.0","5","FUTCOM","PE","MCX_FO"
"MCX_FO|435102","435102","NATURALGAS24AUG215CE","NATURALGAS","2.3","2024-08-23","215","5.0","1250","FUTCOM","CE","MCX_FO"
"MCX_FO|434858","434858","SILVERM25APR106750PE","SILVER","20551.0","2025-04-21","106750","50.0","5","FUTCOM","PE","MCX_FO"
"MCX_FO|434957","434957","CRUDEOILM24AUG5850PE","CRUDE OIL","0.4","2024-08-14","5850","5.0","10","FUTCOM","PE","MCX_FO"
"MCX_FO|436609","436609","SILVER25JUN98000CE","SILVER","6909.0","2025-06-25","98000","50.0","30","FUTCOM","CE","MCX_FO"
"MCX_FO|436070","436070","CRUDEOIL24AUG8050CE","CRUDE OIL","0.1","2024-08-14","8050","10.0","100","FUTCOM","CE","MCX_FO"
"MCX_FO|435918","435918","CRUDEOIL24SEP7200PE","CRUDE OIL","714.3","2024-09-17","7200","10.0","100","FUTCOM","PE","MCX_FO"
"MCX_FO|431103","431103","GOLD24NOV73200CE","GOLD","2043.0","2024-11-26","73200","50.0","1","FUTCOM","CE","MCX_FO"
"MCX_FO|429962","429962","SILVER25FEB88500PE","SILVER","9508.0","2025-02-24","88500","50.0","30","FUTCOM","PE","MCX_FO"
"MCX_FO|431567","431567","SILVERM25FEB94500PE","SILVER","12704.0","2025-02-19","94500","50.0","5","FUTCOM","PE","MCX_FO"
"MCX_FO|427680","427680","SILVERM24AUG70750PE","SILVER","167.0","2024-08-21","70750","50.0","5","FUTCOM","PE","MCX_FO"
"MCX_FO|426855","426855","SILVERM24NOV75250CE","SILVER","10600.5","2024-11-20","75250","50.0","5","FUTCOM","CE","MCX_FO"
"MCX_FO|434149","434149","SILVERM24NOV100000CE","SILVER","1354.0","2024-11-20","100000","50.0","5","FUTCOM","CE","MCX_FO"
"MCX_FO|437895","437895","NATGASMINI24OCT285CE","NATURALGAS","0.0","2024-10-24","285","5.0","250","FUTCOM","CE","MCX_FO"
"MCX_FO|437106","437106","CRUDEOILM24OCT6250CE","CRUDE OIL","329.75","2024-10-17","6250","5.0","10","FUTCOM","CE","MCX_FO"
"MCX_FO|436782","436782","SILVERM25JUN101500PE","SILVER","18301.0","2025-06-19","101500","50.0","5","FUTCOM","PE","MCX_FO"
"MCX_FO|433485","433485","SILVER25APR86250CE","SILVER","9425.0","2025-04-24","86250","50.0","30","FUTCOM","CE","MCX_FO"
"MCX_FO|436748","436748","SILVERM25JUN105500CE","SILVER","5416.0","2025-06-19","105500","50.0","5","FUTCOM","CE","MCX_FO"
"MCX_FO|435243","435243","NATGASMINI24AUG205PE","NATURALGAS","30.9","2024-08-23","205","5.0","250","FUTCOM","PE","MCX_FO"
"MCX_FO|437466","437466","GOLDM24SEP69700PE","GOLD","3696.5","2024-09-24","69700","50.0","100","FUTCOM","PE","MCX_FO"
"MCX_FO|435385","435385","COPPER24SEP925PE","COPPER","124.23","2024-09-19","925","1.0","2500","FUTCOM","PE","MCX_FO"
"MCX_FO|426890","426890","SILVERM24AUG77500PE","SILVER","781.5","2024-08-21","77500","50.0","5","FUTCOM","PE","MCX_FO"
"MCX_FO|436873","436873","SILVER25JUN108750PE","SILVER","23258.0","2025-06-25","108750","50.0","30","FUTCOM","PE","MCX_FO"
"MCX_FO|436112","436112","NATURALGAS24SEP265CE","NATURALGAS","0.95","2024-09-23","265","5.0","1250","FUTCOM","CE","MCX_FO"
"MCX_FO|427941","427941","SILVERM24AUG69000PE","SILVER","83.0","2024-08-21","69000","50.0","5","FUTCOM","PE","MCX_FO"
"MCX_FO|427882","427882","SILVER24AUG69500CE","SILVER","11942.0","2024-08-27","69500","50.0","30","FUTCOM","CE","MCX_FO"
"MCX_FO|431176","431176","GOLD24NOV73900PE","GOLD","7230.5","2024-11-26","73900","50.0","1","FUTCOM","PE","MCX_FO"
"MCX_FO|434159","434159","SILVERM25FEB100750CE","SILVER","3146.5","2025-02-19","100750","50.0","5","FUTCOM","CE","MCX_FO"
"MCX_FO|435854","435854","CRUDEOIL24SEP5500CE","CRUDE OIL","982.7","2024-09-17","5500","10.0","100","FUTCOM","CE","MCX_FO"
"MCX_FO|433601","433601","SILVERM25APR91250CE","SILVER","7490.5","2025-04-21","91250","50.0","5","FUTCOM","CE","MCX_FO"
"MCX_FO|436936","436936","COPPER24OCT805CE","COPPER","43.8","2024-10-22","805","1.0","2500","FUTCOM","CE","MCX_FO"
"MCX_FO|434356","434356","CRUDEOIL24AUG6500PE","CRUDE OIL","166.5","2024-08-14","6500","10.0","100","FUTCOM","PE","MCX_FO"
"MCX_FO|437194","437194","CRUDEOILM24OCT7400PE","CRUDE OIL","1007.4","2024-10-17","7400","5.0","10","FUTCOM","PE","MCX_FO"
"MCX_FO|437489","437489","SILVER25APR84750PE","SILVER","7869.0","2025-04-24","84750","50.0","30","FUTCOM","PE","MCX_FO"
"MCX_FO|429396","429396","SILVER24NOV87500PE","SILVER","8444.5","2024-11-26","87500","50.0","30","FUTCOM","PE","MCX_FO"
"MCX_FO|429349","429349","GOLD25JAN69200PE","GOLD","5318.5","2025-01-27","69200","50.0","1","FUTCOM","PE","MCX_FO"
"MCX_FO|426539","426539","GOLD24SEP62800CE","GOLD","5986.0","2024-09-24","62800","50.0","1","FUTCOM","CE","MCX_FO"
"MCX_FO|433881","433881","GOLD24NOV77100CE","GOLD","1149.5","2024-11-26","77100","50.0","1","FUTCOM","CE","MCX_FO"
"MCX_FO|437298","437298","GOLD25MAY69600PE","GOLD","6348.0","2025-05-27","69600","50.0","1","FUTCOM","PE","MCX_FO"
"MCX_FO|433531","433531","SILVER25FEB99000PE","SILVER","16355.0","2025-02-24","99000","50.0","30","FUTCOM","PE","MCX_FO"
"MCX_FO|435577","435577","GOLDM24AUG73800PE","GOLD","6362.5","2024-08-27","73800","50.0","100","FUTCOM","PE","MCX_FO"
"MCX_FO|437708","437708","SILVER25APR83750PE","SILVER","7388.0","2025-04-24","83750","50.0","30","FUTCOM","PE","MCX_FO"
"MCX_FO|436414","436414","GOLD25MAY77000PE","GOLD","10747.5","2025-05-27","77000","50.0","1","FUTCOM","PE","MCX_FO"
"MCX_FO|431546","431546","SILVERM25FEB94750CE","SILVER","4625.5","2025-02-19","94750","50.0","5","FUTCOM","CE","MCX_FO"
"MCX_FO|429295","429295","GOLD25JAN69000CE","GOLD","4941.5","2025-01-27","69000","50.0","1","FUTCOM","CE","MCX_FO"
"MCX_FO|434090","434090","SILVER25FEB103000PE","SILVER","19349.0","2025-02-24","103000","50.0","30","FUTCOM","PE","MCX_FO"
"MCX_FO|436773","436773","SILVERM25JUN94500PE","SILVER","13841.5","2025-06-19","94500","50.0","5","FUTCOM","PE","MCX_FO"
"MCX_FO|436362","436362","NATGASMINI24SEP140PE","NATURALGAS","1.7","2024-09-23","140","5.0","250","FUTCOM","PE","MCX_FO"
"MCX_FO|434458","434458","GOLD25JAN77800PE","GOLD","10866.5","2025-01-27","77800","50.0","1","FUTCOM","PE","MCX_FO"
"MCX_FO|437808","437808","NATURALGAS24OCT185CE","NATURALGAS","0.0","2024-10-24","185","5.0","1250","FUTCOM","CE","MCX_FO"
"MCX_FO|436722","436722","SILVERM25JUN94750CE","SILVER","8422.0","2025-06-19","94750","50.0","5","FUTCOM","CE","MCX_FO"
"MCX_FO|437122","437122","CRUDEOILM24OCT5450CE","CRUDE OIL","947.35","2024-10-17","5450","5.0","10","FUTCOM","CE","MCX_FO"
"MCX_FO|431926","431926","GOLD25MAR71000CE","GOLD","4879.5","2025-03-26","71000","50.0","1","FUTCOM","CE","MCX_FO"
"MCX_FO|433667","433667","SILVERM24NOV96000PE","SILVER","14073.5","2024-11-20","96000","50.0","5","FUTCOM","PE","MCX_FO"
"MCX_FO|435101","435101","NATURALGAS24AUG220CE","NATURALGAS","1.9","2024-08-23","220","5.0","1250","FUTCOM","CE","MCX_FO"
"MCX_FO|436942","436942","GOLD25MAR78600CE","GOLD","2561.5","2025-03-26","78600","50.0","1","FUTCOM","CE","MCX_FO"
"MCX_FO|431086","431086","GOLD24SEP72800CE","GOLD","1179.0","2024-09-24","72800","50.0","1","FUTCOM","CE","MCX_FO"
"MCX_FO|437892","437892","NATGASMINI24OCT270CE","NATURALGAS","0.0","2024-10-24","270","5.0","250","FUTCOM","CE","MCX_FO"
"MCX_FO|437121","437121","CRUDEOILM24OCT5500CE","CRUDE OIL","901.45","2024-10-17","5500","5.0","10","FUTCOM","CE","MCX_FO"
"MCX_FO|436767","436767","SILVERM25JUN96000PE","SILVER","14752.5","2025-06-19","96000","50.0","5","FUTCOM","PE","MCX_FO"
"MCX_FO|437080","437080","SILVER25JUN92750PE","SILVER","12569.0","2025-06-25","92750","50.0","30","FUTCOM","PE","MCX_FO"
"MCX_FO|435702","435702","GOLD25MAY72100CE","GOLD","5297.5","2025-05-27","72100","50.0","1","FUTCOM","CE","MCX_FO"
"MCX_FO|430014","430014","SILVERM25FEB79250PE","SILVER","4547.0","2025-02-19","79250","50.0","5","FUTCOM","PE","MCX_FO"
"MCX_FO|427984","427984","GOLD24SEP60500PE","GOLD","510.5","2024-09-24","60500","50.0","1","FUTCOM","PE","MCX_FO"
"MCX_FO|431746","431746","GOLD24NOV74900PE","GOLD","7957.5","2024-11-26","74900","50.0","1","FUTCOM","PE","MCX_FO"
"MCX_FO|437102","437102","CRUDEOILM24OCT6450CE","CRUDE OIL","229.3","2024-10-17","6450","5.0","10","FUTCOM","CE","MCX_FO"
"MCX_FO|436408","436408","GOLD25MAY77100CE","GOLD","3690.0","2025-05-27","77100","50.0","1","FUTCOM","CE","MCX_FO"
"MCX_FO|437437","437437","GOLDM24SEP68800PE","GOLD","3173.0","2024-09-24","68800","50.0","100","FUTCOM","PE","MCX_FO"
"MCX_FO|437773","437773","SILVERM25APR83500PE","SILVER","6209.0","2025-04-21","83500","50.0","5","FUTCOM","PE","MCX_FO"
"MCX_FO|436478","436478","GOLDM24SEP72300PE","GOLD","5439.5","2024-09-24","72300","50.0","100","FUTCOM","PE","MCX_FO"
"MCX_FO|434125","434125","SILVERM24AUG96000CE","SILVER","191.0","2024-08-21","96000","50.0","5","FUTCOM","CE","MCX_FO"
"MCX_FO|427536","427536","GOLD24SEP67100CE","GOLD","3284.0","2024-09-24","67100","50.0","1","FUTCOM","CE","MCX_FO"
"MCX_FO|426552","426552","GOLD24SEP61500CE","GOLD","6982.0","2024-09-24","61500","50.0","1","FUTCOM","CE","MCX_FO"
"MCX_FO|426703","426703","SILVER24AUG74250CE","SILVER","7799.0","2024-08-27","74250","50.0","30","FUTCOM","CE","MCX_FO"
"MCX_FO|434086","434086","SILVER25FEB102000PE","SILVER","18584.0","2025-02-24","102000","50.0","30","FUTCOM","PE","MCX_FO"
"MCX_FO|435770","435770","GOLD25MAY70300PE","GOLD","6716.0","2025-05-27","70300","50.0","1","FUTCOM","PE","MCX_FO"
"MCX_FO|436973","436973","CRUDEOIL24OCT6050CE","CRUDE OIL","397.5","2024-10-17","6050","10.0","100","FUTCOM","CE","MCX_FO"
"MCX_FO|427359","427359","GOLD24SEP66300CE","GOLD","3712.5","2024-09-24","66300","50.0","1","FUTCOM","CE","MCX_FO"
"MCX_FO|434773","434773","SILVERM25APR107000CE","SILVER","3173.5","2025-04-21","107000","50.0","5","FUTCOM","CE","MCX_FO"
"MCX_FO|434681","434681","SILVER25APR106000PE","SILVER","21424.0","2025-04-24","106000","50.0","30","FUTCOM","PE","MCX_FO"
"MCX_FO|437750","437750","SILVERM25JUN86250CE","SILVER","11722.5","2025-06-19","86250","50.0","5","FUTCOM","CE","MCX_FO"
"MCX_FO|429992","429992","SILVERM25FEB81000CE","SILVER","10215.0","2025-02-19","81000","50.0","5","FUTCOM","CE","MCX_FO"
"MCX_FO|427737","427737","SILVERM24NOV71750PE","SILVER","1484.0","2024-11-20","71750","50.0","5","FUTCOM","PE","MCX_FO"
"MCX_FO|429944","429944","SILVER25FEB84000PE","SILVER","7116.5","2025-02-24","84000","50.0","30","FUTCOM","PE","MCX_FO"
"MCX_FO|428612","428612","SILVERM24AUG67750PE","SILVER","48.0","2024-08-21","67750","50.0","5","FUTCOM","PE","MCX_FO"
"MCX_FO|434825","434825","SILVERM24NOV102750PE","SILVER","19687.5","2024-11-20","102750","50.0","5","FUTCOM","PE","MCX_FO"
"MCX_FO|432063","432063","SILVER25FEB96750CE","SILVER","4423.0","2025-02-24","96750","50.0","30","FUTCOM","CE","MCX_FO"
"MCX_FO|434000","434000","SILVER24NOV99750CE","SILVER","1576.0","2024-11-26","99750","50.0","30","FUTCOM","CE","MCX_FO"
"MCX_FO|435850","435850","CRUDEOIL24SEP5700CE","CRUDE OIL","788.5","2024-09-17","5700","10.0","100","FUTCOM","CE","MCX_FO"
"MCX_FO|437590","437590","GOLD25MAY67500CE","GOLD","7231.5","2025-05-27","67500","50.0","1","FUTCOM","CE","MCX_FO"
"MCX_FO|429690","429690","GOLD24NOV69600CE","GOLD","3294.0","2024-11-26","69600","50.0","1","FUTCOM","CE","MCX_FO"
"MCX_FO|434725","434725","SILVERM24AUG102000CE","SILVER","15.5","2024-08-21","102000","50.0","5","FUTCOM","CE","MCX_FO"
"MCX_FO|433670","433670","SILVERM25APR91000PE","SILVER","9973.5","2025-04-21","91000","50.0","5","FUTCOM","PE","MCX_FO"
"MCX_FO|437677","437677","SILVER25APR83500CE","SILVER","10683.5","2025-04-24","83500","50.0","30","FUTCOM","CE","MCX_FO"
"MCX_FO|430754","430754","GOLD24NOV72400CE","GOLD","2282.0","2024-11-26","72400","50.0","1","FUTCOM","CE","MCX_FO"
"MCX_FO|436670","436670","SILVER25JUN95250PE","SILVER","14059.0","2025-06-25","95250","50.0","30","FUTCOM","PE","MCX_FO"
"MCX_FO|436667","436667","SILVER25JUN96000PE","SILVER","14520.5","2025-06-25","96000","50.0","30","FUTCOM","PE","MCX_FO"
"MCX_FO|426944","426944","SILVERM24NOV78000PE","SILVER","3318.5","2024-11-20","78000","50.0","5","FUTCOM","PE","MCX_FO"
"MCX_FO|436251","436251","COPPER24OCT840CE","COPPER","28.1","2024-10-22","840","1.0","2500","FUTCOM","CE","MCX_FO"
"MCX_FO|437144","437144","CRUDEOILM24OCT7500CE","CRUDE OIL","16.8","2024-10-17","7500","5.0","10","FUTCOM","CE","MCX_FO"
"MCX_FO|431166","431166","GOLD24NOV72900PE","GOLD","6534.0","2024-11-26","72900","50.0","1","FUTCOM","PE","MCX_FO"
"MCX_FO|436831","436831","GOLDM24SEP76600CE","GOLD","454.5","2024-09-24","76600","50.0","100","FUTCOM","CE","MCX_FO"
"MCX_FO|436006","436006","CRUDEOILM24SEP5750PE","CRUDE OIL","5.25","2024-09-17","5750","5.0","10","FUTCOM","PE","MCX_FO"
"MCX_FO|431153","431153","GOLD24SEP72900PE","GOLD","6124.0","2024-09-24","72900","50.0","1","FUTCOM","PE","MCX_FO"
"MCX_FO|435846","435846","CRUDEOIL24SEP5900CE","CRUDE OIL","601.9","2024-09-17","5900","10.0","100","FUTCOM","CE","MCX_FO"
"MCX_FO|430284","430284","GOLD24NOV70900PE","GOLD","5240.0","2024-11-26","70900","50.0","1","FUTCOM","PE","MCX_FO"
"MCX_FO|436363","436363","COPPER24OCT895CE","COPPER","12.46","2024-10-22","895","1.0","2500","FUTCOM","CE","MCX_FO"
"MCX_FO|436655","436655","SILVER25JUN99000PE","SILVER","16430.0","2025-06-25","99000","50.0","30","FUTCOM","PE","MCX_FO"
"MCX_FO|436862","436862","SILVER25JUN108250CE","SILVER","4410.5","2025-06-25","108250","50.0","30","FUTCOM","CE","MCX_FO"
"MCX_FO|434546","434546","SILVER24AUG101000CE","SILVER","166.5","2024-08-27","101000","50.0","30","FUTCOM","CE","MCX_FO"
"MCX_FO|437832","437832","NATURALGAS24OCT215PE","NATURALGAS","0.0","2024-10-24","215","5.0","1250","FUTCOM","PE","MCX_FO"
"MCX_FO|431954","431954","GOLD25MAR74900CE","GOLD","3538.5","2025-03-26","74900","50.0","1","FUTCOM","CE","MCX_FO"
"MCX_FO|435638","435638","ZINC24SEP235CE","ZINC","21.87","2024-09-19","235","1.0","5","FUTCOM","CE","MCX_FO"
"MCX_FO|436361","436361","NATGASMINI24AUG130PE","NATURALGAS","0.15","2024-08-23","130","5.0","250","FUTCOM","PE","MCX_FO"
"MCX_FO|437417","437417","GOLDM24AUG68200PE","GOLD","2292.0","2024-08-27","68200","50.0","100","FUTCOM","PE","MCX_FO"
"MCX_FO|430852","430852","SILVER24NOV88750CE","SILVER","4110.0","2024-11-26","88750","50.0","30","FUTCOM","CE","MCX_FO"
"MCX_FO|435880","435880","CRUDEOIL24SEP7850CE","CRUDE OIL","0.4","2024-09-17","7850","10.0","100","FUTCOM","CE","MCX_FO"
"MCX_FO|437041","437041","CRUDEOIL24OCT5250PE","CRUDE OIL","0.2","2024-10-17","5250","10.0","100","FUTCOM","PE","MCX_FO"
"MCX_FO|436252","436252","COPPER24OCT835CE","COPPER","30.04","2024-10-22","835","1.0","2500","FUTCOM","CE","MCX_FO"
"MCX_FO|429751","429751","GOLD25JAN70100PE","GOLD","5810.0","2025-01-27","70100","50.0","1","FUTCOM","PE","MCX_FO"
"MCX_FO|430949","430949","SILVERM25FEB92250PE","SILVER","11240.5","2025-02-19","92250","50.0","5","FUTCOM","PE","MCX_FO"
"MCX_FO|436375","436375","GOLD25MAY76700PE","GOLD","10548.5","2025-05-27","76700","50.0","1","FUTCOM","PE","MCX_FO"
"MCX_FO|426696","426696","SILVER24AUG76000CE","SILVER","6459.0","2024-08-27","76000","50.0","30","FUTCOM","CE","MCX_FO"
"MCX_FO|434463","434463","GOLD25MAR78000PE","GOLD","11175.5","2025-03-26","78000","50.0","1","FUTCOM","PE","MCX_FO"
"MCX_FO|426819","426819","SILVERM24AUG79500CE","SILVER","3264.0","2024-08-21","79500","50.0","5","FUTCOM","CE","MCX_FO"
"MCX_FO|429007","429007","GOLD25JAN66700PE","GOLD","4077.5","2025-01-27","66700","50.0","1","FUTCOM","PE","MCX_FO"
"MCX_FO|437649","437649","GOLDM24SEP65500CE","GOLD","4143.0","2024-09-24","65500","50.0","100","FUTCOM","CE","MCX_FO"
"MCX_FO|435063","435063","CRUDEOIL24AUG5100CE","CRUDE OIL","1466.3","2024-08-14","5100","10.0","100","FUTCOM","CE","MCX_FO"
"MCX_FO|437012","437012","CRUDEOIL24OCT7650CE","CRUDE OIL","0.6","2024-10-17","7650","10.0","100","FUTCOM","CE","MCX_FO"
"MCX_FO|427729","427729","SILVERM24NOV71500CE","SILVER","13305.5","2024-11-20","71500","50.0","5","FUTCOM","CE","MCX_FO"
"MCX_FO|437220","437220","SILVER25JUN91500PE","SILVER","11853.0","2025-06-25","91500","50.0","30","FUTCOM","PE","MCX_FO"
"MCX_FO|427975","427975","GOLD24NOV61000CE","GOLD","8308.0","2024-11-26","61000","50.0","1","FUTCOM","CE","MCX_FO"
"MCX_FO|432058","432058","SILVER24AUG92750CE","SILVER","383.5","2024-08-27","92750","50.0","30","FUTCOM","CE","MCX_FO"
"MCX_FO|430873","430873","SILVER24AUG87250PE","SILVER","7075.5","2024-08-27","87250","50.0","30","FUTCOM","PE","MCX_FO"
"MCX_FO|427251","427251","SILVER24NOV78750CE","SILVER","8580.0","2024-11-26","78750","50.0","30","FUTCOM","CE","MCX_FO"
"MCX_FO|437724","437724","SILVER25JUN85250PE","SILVER","8579.0","2025-06-25","85250","50.0","30","FUTCOM","PE","MCX_FO"
"MCX_FO|431092","431092","GOLD24SEP73400CE","GOLD","1042.5","2024-09-24","73400","50.0","1","FUTCOM","CE","MCX_FO"
"MCX_FO|437342","437342","GOLDM24AUG67600CE","GOLD","3479.5","2024-08-27","67600","50.0","100","FUTCOM","CE","MCX_FO"
"MCX_FO|435170","435170","SILVER25APR110250CE","SILVER","2781.0","2025-04-24","110250","50.0","30","FUTCOM","CE","MCX_FO"
"MCX_FO|430271","430271","GOLD24SEP70400CE","GOLD","1874.0","2024-09-24","70400","50.0","1","FUTCOM","CE","MCX_FO"
"MCX_FO|434453","434453","GOLD24SEP77200PE","GOLD","9665.5","2024-09-24","77200","50.0","1","FUTCOM","PE","MCX_FO"
"MCX_FO|434201","434201","SILVERM24AUG96500PE","SILVER","15063.5","2024-08-21","96500","50.0","5","FUTCOM","PE","MCX_FO"
"MCX_FO|427562","427562","GOLD24SEP67400PE","GOLD","2665.5","2024-09-24","67400","50.0","1","FUTCOM","PE","MCX_FO"
"MCX_FO|435326","435326","SILVERM25FEB107750PE","SILVER","22685.0","2025-02-19","107750","50.0","5","FUTCOM","PE","MCX_FO"
"MCX_FO|435844","435844","CRUDEOIL24SEP6000CE","CRUDE OIL","513.8","2024-09-17","6000","10.0","100","FUTCOM","CE","MCX_FO"
"MCX_FO|431167","431167","GOLD24NOV73000PE","GOLD","6602.0","2024-11-26","73000","50.0","1","FUTCOM","PE","MCX_FO"
"MCX_FO|434359","434359","CRUDEOIL24AUG6350PE","CRUDE OIL","105.4","2024-08-14","6350","10.0","100","FUTCOM","PE","MCX_FO"
"MCX_FO|433664","433664","SILVERM24NOV95250PE","SILVER","13489.0","2024-11-20","95250","50.0","5","FUTCOM","PE","MCX_FO"
"MCX_FO|435007","435007","GOLD24SEP77300CE","GOLD","437.0","2024-09-24","77300","50.0","1","FUTCOM","CE","MCX_FO"
"MCX_FO|436016","436016","CRUDEOILM24SEP7000PE","CRUDE OIL","529.25","2024-09-17","7000","5.0","10","FUTCOM","PE","MCX_FO"
"MCX_FO|426752","426752","SILVER24AUG74500PE","SILVER","812.5","2024-08-27","74500","50.0","30","FUTCOM","PE","MCX_FO"
"MCX_FO|427701","427701","SILVER24AUG69750CE","SILVER","11710.0","2024-08-27","69750","50.0","30","FUTCOM","CE","MCX_FO"
"MCX_FO|429392","429392","SILVER24NOV88000CE","SILVER","4364.0","2024-11-26","88000","50.0","30","FUTCOM","CE","MCX_FO"
"MCX_FO|434935","434935","CRUDEOILM24AUG7500CE","CRUDE OIL","0.15","2024-08-14","7500","5.0","10","FUTCOM","CE","MCX_FO"
"MCX_FO|436779","436779","SILVERM25JUN100750PE","SILVER","17799.0","2025-06-19","100750","50.0","5","FUTCOM","PE","MCX_FO"
"MCX_FO|427718","427718","SILVER24NOV72250PE","SILVER","1836.5","2024-11-26","72250","50.0","30","FUTCOM","PE","MCX_FO"
"MCX_FO|432451","432451","GOLD25MAR69300PE","GOLD","5753.0","2025-03-26","69300","50.0","1","FUTCOM","PE","MCX_FO"
"MCX_FO|433581","433581","SILVER25APR97500PE","SILVER","15319.5","2025-04-24","97500","50.0","30","FUTCOM","PE","MCX_FO"
"MCX_FO|437302","437302","GOLD25MAY69200PE","GOLD","6143.0","2025-05-27","69200","50.0","1","FUTCOM","PE","MCX_FO"
"MCX_FO|435138","435138","NATURALGAS24AUG185PE","NATURALGAS","19.1","2024-08-23","185","5.0","1250","FUTCOM","PE","MCX_FO"
"MCX_FO|433663","433663","SILVERM24NOV95000PE","SILVER","13296.0","2024-11-20","95000","50.0","5","FUTCOM","PE","MCX_FO"
"MCX_FO|435244","435244","NATGASMINI24AUG200PE","NATURALGAS","29.85","2024-08-23","200","5.0","250","FUTCOM","PE","MCX_FO"
"MCX_FO|427142","427142","GOLD24SEP66100CE","GOLD","3825.5","2024-09-24","66100","50.0","1","FUTCOM","CE","MCX_FO"
"MCX_FO|437919","437919","NATGASMINI24OCT255PE","NATURALGAS","0.0","2024-10-24","255","5.0","250","FUTCOM","PE","MCX_FO"
"MCX_FO|429899","429899","SILVER25FEB85250CE","SILVER","8442.5","2025-02-24","85250","50.0","30","FUTCOM","CE","MCX_FO"
"MCX_FO|433987","433987","SILVER24AUG98500CE","SILVER","95.5","2024-08-27","98500","50.0","30","FUTCOM","CE","MCX_FO"
"MCX_FO|429868","429868","SILVER25FEB80750CE","SILVER","10634.0","2025-02-24","80750","50.0","30","FUTCOM","CE","MCX_FO"
"MCX_FO|436087","436087","COPPER24SEP800CE","COPPER","25.36","2024-09-19","800","1.0","2500","FUTCOM","CE","MCX_FO"
"MCX_FO|429276","429276","GOLD24NOV67800CE","GOLD","4100.5","2024-11-26","67800","50.0","1","FUTCOM","CE","MCX_FO"
"MCX_FO|437155","437155","CRUDEOILM24OCT6400PE","CRUDE OIL","253.1","2024-10-17","6400","5.0","10","FUTCOM","PE","MCX_FO"
"MCX_FO|436784","436784","SILVERM25JUN102000PE","SILVER","18639.0","2025-06-19","102000","50.0","5","FUTCOM","PE","MCX_FO"
"MCX_FO|437926","437926","NATGASMINI24OCT290PE","NATURALGAS","0.0","2024-10-24","290","5.0","250","FUTCOM","PE","MCX_FO"
"MCX_FO|435935","435935","CRUDEOILM24AUG7950CE","CRUDE OIL","0.05","2024-08-14","7950","5.0","10","FUTCOM","CE","MCX_FO"
"MCX_FO|436894","436894","SILVERM25JUN108750PE","SILVER","23421.5","2025-06-19","108750","50.0","5","FUTCOM","PE","MCX_FO"
"MCX_FO|427300","427300","SILVER24NOV79000PE","SILVER","4045.0","2024-11-26","79000","50.0","30","FUTCOM","PE","MCX_FO"
"MCX_FO|435748","435748","GOLD25MAY74600CE","GOLD","4434.0","2025-05-27","74600","50.0","1","FUTCOM","CE","MCX_FO"
"MCX_FO|427302","427302","SILVER24NOV78500PE","SILVER","3842.5","2024-11-26","78500","50.0","30","FUTCOM","PE","MCX_FO"
"MCX_FO|436217","436217","COPPER24SEP795CE","COPPER","27.85","2024-09-19","795","1.0","2500","FUTCOM","CE","MCX_FO"
"MCX_FO|430860","430860","SILVER25FEB89750CE","SILVER","6616.0","2025-02-24","89750","50.0","30","FUTCOM","CE","MCX_FO"
"MCX_FO|437676","437676","SILVER25APR83750CE","SILVER","10564.0","2025-04-24","83750","50.0","30","FUTCOM","CE","MCX_FO"
"MCX_FO|436385","436385","CRUDEOIL24SEP8150CE","CRUDE OIL","0.1","2024-09-17","8150","10.0","100","FUTCOM","CE","MCX_FO"
"MCX_FO|433645","433645","SILVERM25APR97000CE","SILVER","5544.0","2025-04-21","97000","50.0","5","FUTCOM","CE","MCX_FO"
"MCX_FO|436690","436690","SILVER25JUN103750PE","SILVER","19646.5","2025-06-25","103750","50.0","30","FUTCOM","PE","MCX_FO"
"MCX_FO|436926","436926","NATGASMINI24SEP110CE","NATURALGAS","76.4","2024-09-23","110","5.0","250","FUTCOM","CE","MCX_FO"
"MCX_FO|437428","437428","GOLDM24AUG67100PE","GOLD","1738.0","2024-08-27","67100","50.0","100","FUTCOM","PE","MCX_FO"
"MCX_FO|436132","436132","NATURALGAS24SEP200PE","NATURALGAS","23.95","2024-09-23","200","5.0","1250","FUTCOM","PE","MCX_FO"
"MCX_FO|429948","429948","SILVER25FEB85000PE","SILVER","7616.5","2025-02-24","85000","50.0","30","FUTCOM","PE","MCX_FO"
"MCX_FO|431010","431010","SILVERM24NOV90000CE","SILVER","3471.0","2024-11-20","90000","50.0","5","FUTCOM","CE","MCX_FO"
"MCX_FO|435541","435541","GOLDM24AUG72300PE","GOLD","5103.0","2024-08-27","72300","50.0","100","FUTCOM","PE","MCX_FO"
"MCX_FO|431778","431778","SILVERM24AUG91500CE","SILVER","268.0","2024-08-21","91500","50.0","5","FUTCOM","CE","MCX_FO"
"MCX_FO|437610","437610","GOLD25MAR66600PE","GOLD","4436.0","2025-03-26","66600","50.0","1","FUTCOM","PE","MCX_FO"
"MCX_FO|437469","437469","GOLDM24SEP70000PE","GOLD","3880.5","2024-09-24","70000","50.0","100","FUTCOM","PE","MCX_FO"
"MCX_FO|429335","429335","GOLD24NOV68500PE","GOLD","3880.0","2024-11-26","68500","50.0","1","FUTCOM","PE","MCX_FO"
"MCX_FO|436343","436343","CRUDEOILM24AUG8100PE","CRUDE OIL","1525.05","2024-08-14","8100","5.0","10","FUTCOM","PE","MCX_FO"
"MCX_FO|435095","435095","NATGASMINI24AUG240CE","NATURALGAS","0.2","2024-08-23","240","5.0","250","FUTCOM","CE","MCX_FO"
"MCX_FO|428170","428170","GOLD24NOV60400PE","GOLD","963.5","2024-11-26","60400","50.0","1","FUTCOM","PE","MCX_FO"
"MCX_FO|437647","437647","GOLDM24SEP65700CE","GOLD","4020.5","2024-09-24","65700","50.0","100","FUTCOM","CE","MCX_FO"
"MCX_FO|429389","429389","SILVER24NOV87250CE","SILVER","4630.0","2024-11-26","87250","50.0","30","FUTCOM","CE","MCX_FO"
"MCX_FO|434758","434758","SILVERM25FEB105000CE","SILVER","2365.5","2025-02-19","105000","50.0","5","FUTCOM","CE","MCX_FO"
"MCX_FO|427178","427178","GOLD24NOV65100CE","GOLD","5553.0","2024-11-26","65100","50.0","1","FUTCOM","CE","MCX_FO"
"MCX_FO|434939","434939","CRUDEOILM24AUG7700CE","CRUDE OIL","0.05","2024-08-14","7700","5.0","10","FUTCOM","CE","MCX_FO"
"MCX_FO|434812","434812","SILVERM24AUG102250PE","SILVER","20709.5","2024-08-21","102250","50.0","5","FUTCOM","PE","MCX_FO"
"MCX_FO|430598","430598","SILVER25FEB88750CE","SILVER","6992.0","2025-02-24","88750","50.0","30","FUTCOM","CE","MCX_FO"
"MCX_FO|427192","427192","GOLD24NOV66500CE","GOLD","4763.0","2024-11-26","66500","50.0","1","FUTCOM","CE","MCX_FO"
"MCX_FO|432165","432165","GOLD25MAR76100CE","GOLD","3192.0","2025-03-26","76100","50.0","1","FUTCOM","CE","MCX_FO"
"MCX_FO|434385","434385","CRUDEOIL24AUG6900PE","CRUDE OIL","452.4","2024-08-14","6900","10.0","100","FUTCOM","PE","MCX_FO"
"MCX_FO|435785","435785","GOLD25MAY73300PE","GOLD","8411.0","2025-05-27","73300","50.0","1","FUTCOM","PE","MCX_FO"
"MCX_FO|437059","437059","CRUDEOIL24OCT7400PE","CRUDE OIL","977.5","2024-10-17","7400","10.0","100","FUTCOM","PE","MCX_FO"
"MCX_FO|430932","430932","SILVERM24NOV88000PE","SILVER","8370.0","2024-11-20","88000","50.0","5","FUTCOM","PE","MCX_FO"
"MCX_FO|435372","435372","COPPER24SEP885PE","COPPER","87.02","2024-09-19","885","1.0","2500","FUTCOM","PE","MCX_FO"
"MCX_FO|433425","433425","GOLD25MAR77200PE","GOLD","10610.5","2025-03-26","77200","50.0","1","FUTCOM","PE","MCX_FO"
"MCX_FO|430856","430856","SILVER24NOV89750CE","SILVER","3790.0","2024-11-26","89750","50.0","30","FUTCOM","CE","MCX_FO"
"MCX_FO|433340","433340","SILVERM24AUG93000CE","SILVER","314.5","2024-08-21","93000","50.0","5","FUTCOM","CE","MCX_FO"
"MCX_FO|431187","431187","GOLD25JAN73400PE","GOLD","7800.5","2025-01-27","73400","50.0","1","FUTCOM","PE","MCX_FO"
"MCX_FO|433512","433512","SILVER25APR96750CE","SILVER","5667.5","2025-04-24","96750","50.0","30","FUTCOM","CE","MCX_FO"
"MCX_FO|436138","436138","NATURALGAS24SEP170PE","NATURALGAS","8.3","2024-09-23","170","5.0","1250","FUTCOM","PE","MCX_FO"
"MCX_FO|431563","431563","SILVERM24NOV91250PE","SILVER","10535.5","2024-11-20","91250","50.0","5","FUTCOM","PE","MCX_FO"
"MCX_FO|435913","435913","CRUDEOIL24SEP6950PE","CRUDE OIL","492.4","2024-09-17","6950","10.0","100","FUTCOM","PE","MCX_FO"
"MCX_FO|435433","435433","CRUDEOIL24AUG4950CE","CRUDE OIL","1615.7","2024-08-14","4950","10.0","100","FUTCOM","CE","MCX_FO"
"MCX_FO|437645","437645","GOLDM24SEP65900CE","GOLD","3900.5","2024-09-24","65900","50.0","100","FUTCOM","CE","MCX_FO"
"MCX_FO|434096","434096","SILVER25APR102250PE","SILVER","18637.5","2025-04-24","102250","50.0","30","FUTCOM","PE","MCX_FO"
"MCX_FO|432008","432008","GOLD25MAR73900PE","GOLD","8413.0","2025-03-26","73900","50.0","1","FUTCOM","PE","MCX_FO"
"MCX_FO|437558","437558","SILVERM25JUN86500PE","SILVER","9443.5","2025-06-19","86500","50.0","5","FUTCOM","PE","MCX_FO"
"MCX_FO|435611","435611","COPPER24SEP835CE","COPPER","12.15","2024-09-19","835","1.0","2500","FUTCOM","CE","MCX_FO"
"MCX_FO|437233","437233","SILVERM25JUN91250PE","SILVER","11958.5","2025-06-19","91250","50.0","5","FUTCOM","PE","MCX_FO"
"MCX_FO|435646","435646","NATGASMINI24AUG320CE","NATURALGAS","0.05","2024-08-23","320","5.0","250","FUTCOM","CE","MCX_FO"
"MCX_FO|434730","434730","SILVERM24NOV100500CE","SILVER","1287.0","2024-11-20","100500","50.0","5","FUTCOM","CE","MCX_FO"
"MCX_FO|428824","428824","GOLD25JAN61700PE","GOLD","2157.5","2025-01-27","61700","50.0","1","FUTCOM","PE","MCX_FO"
"MCX_FO|432206","432206","GOLD25MAR76000PE","GOLD","9786.0","2025-03-26","76000","50.0","1","FUTCOM","PE","MCX_FO"
"MCX_FO|433701","433701","SILVERM25APR94000PE","SILVER","11733.0","2025-04-21","94000","50.0","5","FUTCOM","PE","MCX_FO"
"MCX_FO|433535","433535","SILVER25APR90250PE","SILVER","10795.0","2025-04-24","90250","50.0","30","FUTCOM","PE","MCX_FO"
"MCX_FO|436731","436731","SILVERM25JUN101250CE","SILVER","6466.5","2025-06-19","101250","50.0","5","FUTCOM","CE","MCX_FO"
"MCX_FO|436486","436486","GOLDM24SEP71500PE","GOLD","4869.0","2024-09-24","71500","50.0","100","FUTCOM","PE","MCX_FO"
"MCX_FO|436574","436574","NATGASMINI24SEP125CE","NATURALGAS","62.0","2024-09-23","125","5.0","250","FUTCOM","CE","MCX_FO"
"MCX_FO|433395","433395","GOLD25MAR77300CE","GOLD","2875.0","2025-03-26","77300","50.0","1","FUTCOM","CE","MCX_FO"
"MCX_FO|434899","434899","CRUDEOILM24AUG6250CE","CRUDE OIL","336.65","2024-08-14","6250","5.0","10","FUTCOM","CE","MCX_FO"
"MCX_FO|435746","435746","GOLD25MAY74400CE","GOLD","4498.5","2025-05-27","74400","50.0","1","FUTCOM","CE","MCX_FO"
"MCX_FO|431853","431853","SILVER24NOV94250PE","SILVER","13085.0","2024-11-26","94250","50.0","30","FUTCOM","PE","MCX_FO"
"MCX_FO|433746","433746","SILVER24AUG94750CE","SILVER","242.0","2024-08-27","94750","50.0","30","FUTCOM","CE","MCX_FO"
"MCX_FO|433019","433019","COPPER24AUG880PE","COPPER","83.74","2024-08-21","880","1.0","2500","FUTCOM","PE","MCX_FO"
"MCX_FO|435052","435052","CRUDEOIL24AUG5150PE","CRUDE OIL","0.1","2024-08-14","5150","10.0","100","FUTCOM","PE","MCX_FO"
"MCX_FO|433610","433610","SILVERM25APR89000CE","SILVER","8388.5","2025-04-21","89000","50.0","5","FUTCOM","CE","MCX_FO"
"MCX_FO|437184","437184","CRUDEOILM24OCT6900PE","CRUDE OIL","579.25","2024-10-17","6900","5.0","10","FUTCOM","PE","MCX_FO"
"MCX_FO|434764","434764","SILVERM25APR104750CE","SILVER","3610.5","2025-04-21","104750","50.0","5","FUTCOM","CE","MCX_FO"
"MCX_FO|433753","433753","SILVER25APR97750CE","SILVER","5387.5","2025-04-24","97750","50.0","30","FUTCOM","CE","MCX_FO"
"MCX_FO|434372","434372","CRUDEOIL24AUG5700PE","CRUDE OIL","0.2","2024-08-14","5700","10.0","100","FUTCOM","PE","MCX_FO"
"MCX_FO|436036","436036","CRUDEOILM24SEP8000PE","CRUDE OIL","1490.35","2024-09-17","8000","5.0","10","FUTCOM","PE","MCX_FO"
"MCX_FO|434079","434079","SILVER25FEB100250PE","SILVER","17271.0","2025-02-24","100250","50.0","30","FUTCOM","PE","MCX_FO"
"MCX_FO|437644","437644","GOLDM24SEP66000CE","GOLD","3841.5","2024-09-24","66000","50.0","100","FUTCOM","CE","MCX_FO"
"MCX_FO|429147","429147","GOLD25JAN66800PE","GOLD","4123.5","2025-01-27","66800","50.0","1","FUTCOM","PE","MCX_FO"
"MCX_FO|433002","433002","COPPER24AUG850CE","COPPER","4.52","2024-08-21","850","1.0","2500","FUTCOM","CE","MCX_FO"
"MCX_FO|435307","435307","SILVERM24NOV106000CE","SILVER","724.5","2024-11-20","106000","50.0","5","FUTCOM","CE","MCX_FO"
"MCX_FO|433494","433494","SILVER25APR92250CE","SILVER","7087.0","2025-04-24","92250","50.0","30","FUTCOM","CE","MCX_FO"
"MCX_FO|429711","429711","GOLD25JAN71100CE","GOLD","4086.0","2025-01-27","71100","50.0","1","FUTCOM","CE","MCX_FO"
"MCX_FO|435970","435970","CRUDEOILM24SEP7250CE","CRUDE OIL","9.1","2024-09-17","7250","5.0","10","FUTCOM","CE","MCX_FO"
"MCX_FO|429399","429399","SILVER24NOV88250PE","SILVER","8914.5","2024-11-26","88250","50.0","30","FUTCOM","PE","MCX_FO"
"MCX_FO|437872","437872","NATGASMINI24OCT205CE","NATURALGAS","0.0","2024-10-24","205","5.0","250","FUTCOM","CE","MCX_FO"
"MCX_FO|429146","429146","GOLD25JAN66900CE","GOLD","5924.5","2025-01-27","66900","50.0","1","FUTCOM","CE","MCX_FO"
"MCX_FO|433048","433048","ZINC24AUG242.5PE","ZINC","1.27","2024-08-21","242.5","1.0","5","FUTCOM","PE","MCX_FO"
"MCX_FO|436463","436463","GOLDM24SEP75100CE","GOLD","654.0","2024-09-24","75100","50.0","100","FUTCOM","CE","MCX_FO"
"MCX_FO|431394","431394","SILVERM24AUG89250PE","SILVER","8368.5","2024-08-21","89250","50.0","5","FUTCOM","PE","MCX_FO"
"MCX_FO|436024","436024","CRUDEOILM24SEP7400PE","CRUDE OIL","900.75","2024-09-17","7400","5.0","10","FUTCOM","PE","MCX_FO"
"MCX_FO|433668","433668","SILVERM25APR91500PE","SILVER","10257.0","2025-04-21","91500","50.0","5","FUTCOM","PE","MCX_FO"
"MCX_FO|437058","437058","CRUDEOIL24OCT7350PE","CRUDE OIL","929.1","2024-10-17","7350","10.0","100","FUTCOM","PE","MCX_FO"
"MCX_FO|433355","433355","SILVERM25APR91750PE","SILVER","10400.5","2025-04-21","91750","50.0","5","FUTCOM","PE","MCX_FO"
"MCX_FO|437484","437484","SILVER25JUN87250CE","SILVER","10767.5","2025-06-25","87250","50.0","30","FUTCOM","CE","MCX_FO"
"MCX_FO|434579","434579","SILVER25FEB105250CE","SILVER","2622.5","2025-02-24","105250","50.0","30","FUTCOM","CE","MCX_FO"
"MCX_FO|434648","434648","SILVER24NOV102000PE","SILVER","19333.0","2024-11-26","102000","50.0","30","FUTCOM","PE","MCX_FO"
"MCX_FO|427374","427374","GOLD24SEP66400PE","GOLD","2202.5","2024-09-24","66400","50.0","1","FUTCOM","PE","MCX_FO"
"MCX_FO|428440","428440","GOLD24NOV57600PE","GOLD","498.0","2024-11-26","57600","50.0","1","FUTCOM","PE","MCX_FO"
"MCX_FO|437219","437219","SILVER25JUN90500CE","SILVER","9447.5","2025-06-25","90500","50.0","30","FUTCOM","CE","MCX_FO"
"MCX_FO|427316","427316","SILVER24NOV75000PE","SILVER","2601.0","2024-11-26","75000","50.0","30","FUTCOM","PE","MCX_FO"
"MCX_FO|431499","431499","SILVER24NOV92750CE","SILVER","2949.5","2024-11-26","92750","50.0","30","FUTCOM","CE","MCX_FO"
"MCX_FO|436643","436643","SILVER25JUN104500CE","SILVER","5210.5","2025-06-25","104500","50.0","30","FUTCOM","CE","MCX_FO"
"MCX_FO|433985","433985","SILVER24AUG98000CE","SILVER","137.5","2024-08-27","98000","50.0","30","FUTCOM","CE","MCX_FO"
"MCX_FO|431940","431940","GOLD25MAR73500CE","GOLD","3980.5","2025-03-26","73500","50.0","1","FUTCOM","CE","MCX_FO"
"MCX_FO|426729","426729","SILVER24AUG82000CE","SILVER","2039.5","2024-08-27","82000","50.0","30","FUTCOM","CE","MCX_FO"
"MCX_FO|435276","435276","SILVER24AUG104250CE","SILVER","19.5","2024-08-27","104250","50.0","30","FUTCOM","CE","MCX_FO"
"MCX_FO|436333","436333","CRUDEOIL24AUG8150PE","CRUDE OIL","1571.9","2024-08-14","8150","10.0","100","FUTCOM","PE","MCX_FO"
"MCX_FO|433570","433570","SILVER25APR94750PE","SILVER","13521.0","2025-04-24","94750","50.0","30","FUTCOM","PE","MCX_FO"
"MCX_FO|427261","427261","SILVER24NOV76250CE","SILVER","10086.5","2024-11-26","76250","50.0","30","FUTCOM","CE","MCX_FO"
"MCX_FO|430909","430909","SILVERM25FEB89250CE","SILVER","6454.0","2025-02-19","89250","50.0","5","FUTCOM","CE","MCX_FO"
"MCX_FO|436860","436860","SILVER25JUN107750CE","SILVER","4510.0","2025-06-25","107750","50.0","30","FUTCOM","CE","MCX_FO"
"MCX_FO|434308","434308","CRUDEOIL24AUG6400CE","CRUDE OIL","202.2","2024-08-14","6400","10.0","100","FUTCOM","CE","MCX_FO"
"MCX_FO|430000","430000","SILVERM25FEB83000CE","SILVER","9182.5","2025-02-19","83000","50.0","5","FUTCOM","CE","MCX_FO"
"MCX_FO|432778","432778","GOLD25MAR68600CE","GOLD","5884.5","2025-03-26","68600","50.0","1","FUTCOM","CE","MCX_FO"
"MCX_FO|433317","433317","ZINC24AUG285PE","ZINC","32.5","2024-08-21","285","1.0","5","FUTCOM","PE","MCX_FO"
"MCX_FO|436712","436712","SILVERM25JUN97250CE","SILVER","7616.0","2025-06-19","97250","50.0","5","FUTCOM","CE","MCX_FO"
"MCX_FO|436353","436353","NATURALGAS24AUG130PE","NATURALGAS","0.95","2024-08-23","130","5.0","1250","FUTCOM","PE","MCX_FO"
"MCX_FO|433759","433759","SILVER25APR99250CE","SILVER","4989.5","2025-04-24","99250","50.0","30","FUTCOM","CE","MCX_FO"
"MCX_FO|437593","437593","GOLD25MAY67200CE","GOLD","7374.0","2025-05-27","67200","50.0","1","FUTCOM","CE","MCX_FO"
"MCX_FO|437036","437036","CRUDEOIL24OCT5500PE","CRUDE OIL","1.5","2024-10-17","5500","10.0","100","FUTCOM","PE","MCX_FO"
"MCX_FO|434573","434573","SILVER25FEB103750CE","SILVER","2882.5","2025-02-24","103750","50.0","30","FUTCOM","CE","MCX_FO"
"MCX_FO|437763","437763","SILVERM25JUN83000CE","SILVER","13234.5","2025-06-19","83000","50.0","5","FUTCOM","CE","MCX_FO"
"MCX_FO|436962","436962","COPPER24OCT795PE","COPPER","27.05","2024-10-22","795","1.0","2500","FUTCOM","PE","MCX_FO"
"MCX_FO|437570","437570","GOLD25MAR67500CE","GOLD","6394.0","2025-03-26","67500","50.0","1","FUTCOM","CE","MCX_FO"
"MCX_FO|436822","436822","GOLDM24AUG76200CE","GOLD","149.0","2024-08-27","76200","50.0","100","FUTCOM","CE","MCX_FO"
"MCX_FO|428426","428426","GOLD24NOV59000PE","GOLD","702.5","2024-11-26","59000","50.0","1","FUTCOM","PE","MCX_FO"
"MCX_FO|426651","426651","GOLD24SEP61600PE","GOLD","704.5","2024-09-24","61600","50.0","1","FUTCOM","PE","MCX_FO"
"MCX_FO|437134","437134","CRUDEOILM24OCT7000CE","CRUDE OIL","67.45","2024-10-17","7000","5.0","10","FUTCOM","CE","MCX_FO"
"MCX_FO|433366","433366","COPPER24AUG945PE","COPPER","148.22","2024-08-21","945","1.0","2500","FUTCOM","PE","MCX_FO"
"MCX_FO|431592","431592","GOLD24SEP74300CE","GOLD","862.0","2024-09-24","74300","50.0","1","FUTCOM","CE","MCX_FO"
"MCX_FO|435667","435667","ZINC24AUG235CE","ZINC","17.58","2024-08-21","235","1.0","5","FUTCOM","CE","MCX_FO"
"MCX_FO|436656","436656","SILVER25JUN98750PE","SILVER","16267.0","2025-06-25","98750","50.0","30","FUTCOM","PE","MCX_FO"
"MCX_FO|430272","430272","GOLD24NOV70800CE","GOLD","2825.5","2024-11-26","70800","50.0","1","FUTCOM","CE","MCX_FO"
"MCX_FO|435701","435701","GOLD25MAY72200CE","GOLD","5260.5","2025-05-27","72200","50.0","1","FUTCOM","CE","MCX_FO"
"MCX_FO|432160","432160","GOLD25MAR75600CE","GOLD","3333.0","2025-03-26","75600","50.0","1","FUTCOM","CE","MCX_FO"
"MCX_FO|434362","434362","CRUDEOIL24AUG6200PE","CRUDE OIL","66.1","2024-08-14","6200","10.0","100","FUTCOM","PE","MCX_FO"
"MCX_FO|437797","437797","NATGASMINI24OCT225CE","NATURALGAS","0.0","2024-10-24","225","5.0","250","FUTCOM","CE","MCX_FO"
"MCX_FO|434990","434990","CRUDEOILM24AUG7750PE","CRUDE OIL","1176.4","2024-08-14","7750","5.0","10","FUTCOM","PE","MCX_FO"
"MCX_FO|435191","435191","SILVERM25APR109250CE","SILVER","2784.0","2025-04-21","109250","50.0","5","FUTCOM","CE","MCX_FO"
"MCX_FO|436658","436658","SILVER25JUN98250PE","SILVER","15943.5","2025-06-25","98250","50.0","30","FUTCOM","PE","MCX_FO"
"MCX_FO|429950","429950","SILVER25FEB85500PE","SILVER","7873.5","2025-02-24","85500","50.0","30","FUTCOM","PE","MCX_FO"
"MCX_FO|429703","429703","GOLD25JAN70300CE","GOLD","4397.5","2025-01-27","70300","50.0","1","FUTCOM","CE","MCX_FO"
"MCX_FO|434835","434835","SILVERM25FEB102750PE","SILVER","18681.5","2025-02-19","102750","50.0","5","FUTCOM","PE","MCX_FO"
"MCX_FO|430276","430276","GOLD25JAN71300CE","GOLD","4011.0","2025-01-27","71300","50.0","1","FUTCOM","CE","MCX_FO"
"MCX_FO|435988","435988","CRUDEOILM24SEP6650PE","CRUDE OIL","260.2","2024-09-17","6650","5.0","10","FUTCOM","PE","MCX_FO"
"MCX_FO|434684","434684","SILVER25APR106750PE","SILVER","21997.0","2025-04-24","106750","50.0","30","FUTCOM","PE","MCX_FO"
"MCX_FO|427207","427207","GOLD24NOV63100PE","GOLD","1654.5","2024-11-26","63100","50.0","1","FUTCOM","PE","MCX_FO"
"MCX_FO|437777","437777","SILVERM25APR82500PE","SILVER","5779.5","2025-04-21","82500","50.0","5","FUTCOM","PE","MCX_FO"
"MCX_FO|431459","431459","GOLD25JAN74400PE","GOLD","8458.5","2025-01-27","74400","50.0","1","FUTCOM","PE","MCX_FO"
"MCX_FO|434893","434893","CRUDEOILM24AUG6550CE","CRUDE OIL","129.3","2024-08-14","6550","5.0","10","FUTCOM","CE","MCX_FO"
"MCX_FO|435786","435786","GOLD25MAY73400PE","GOLD","8471.0","2025-05-27","73400","50.0","1","FUTCOM","PE","MCX_FO"
"MCX_FO|430993","430993","SILVER24AUG88500PE","SILVER","8062.5","2024-08-27","88500","50.0","30","FUTCOM","PE","MCX_FO"
"MCX_FO|436448","436448","GOLDM24SEP73600CE","GOLD","922.0","2024-09-24","73600","50.0","100","FUTCOM","CE","MCX_FO"
"MCX_FO|426709","426709","SILVER24AUG72750CE","SILVER","9037.5","2024-08-27","72750","50.0","30","FUTCOM","CE","MCX_FO"
"MCX_FO|431108","431108","GOLD24NOV73700CE","GOLD","1904.0","2024-11-26","73700","50.0","1","FUTCOM","CE","MCX_FO"
"MCX_FO|430994","430994","SILVER24AUG88750PE","SILVER","8265.5","2024-08-27","88750","50.0","30","FUTCOM","PE","MCX_FO"
"MCX_FO|436736","436736","SILVERM25JUN102500CE","SILVER","6140.0","2025-06-19","102500","50.0","5","FUTCOM","CE","MCX_FO"
"MCX_FO|427248","427248","SILVER24NOV79500CE","SILVER","8159.0","2024-11-26","79500","50.0","30","FUTCOM","CE","MCX_FO"
"MCX_FO|436350","436350","NATGASMINI24SEP145PE","NATURALGAS","2.35","2024-09-23","145","5.0","250","FUTCOM","PE","MCX_FO"
"MCX_FO|435398","435398","ZINC24SEP282.5CE","ZINC","3.31","2024-09-19","282.5","1.0","5","FUTCOM","CE","MCX_FO"
"MCX_FO|434097","434097","SILVER25APR102500PE","SILVER","18819.0","2025-04-24","102500","50.0","30","FUTCOM","PE","MCX_FO"
"MCX_FO|435382","435382","COPPER24SEP910PE","COPPER","109.99","2024-09-19","910","1.0","2500","FUTCOM","PE","MCX_FO"
"MCX_FO|429734","429734","GOLD24SEP69500PE","GOLD","1939.0","2024-09-24","69500","50.0","1","FUTCOM","PE","MCX_FO"
"MCX_FO|427676","427676","SILVERM24AUG71000CE","SILVER","10574.5","2024-08-21","71000","50.0","5","FUTCOM","CE","MCX_FO"
"MCX_FO|433021","433021","COPPER24AUG890PE","COPPER","93.6","2024-08-21","890","1.0","2500","FUTCOM","PE","MCX_FO"
"MCX_FO|435584","435584","GOLDM24AUG74500PE","GOLD","6980.0","2024-08-27","74500","50.0","100","FUTCOM","PE","MCX_FO"
"MCX_FO|431520","431520","SILVER24NOV92500PE","SILVER","11798.5","2024-11-26","92500","50.0","30","FUTCOM","PE","MCX_FO"
"MCX_FO|435966","435966","CRUDEOILM24SEP7050CE","CRUDE OIL","23.0","2024-09-17","7050","5.0","10","FUTCOM","CE","MCX_FO"
"MCX_FO|429149","429149","SILVER24AUG67750CE","SILVER","13593.5","2024-08-27","67750","50.0","30","FUTCOM","CE","MCX_FO"
"MCX_FO|436453","436453","GOLDM24SEP74100CE","GOLD","824.0","2024-09-24","74100","50.0","100","FUTCOM","CE","MCX_FO"
"MCX_FO|429683","429683","GOLD24SEP69400CE","GOLD","2242.0","2024-09-24","69400","50.0","1","FUTCOM","CE","MCX_FO"
"MCX_FO|435867","435867","CRUDEOIL24SEP7200CE","CRUDE OIL","13.7","2024-09-17","7200","10.0","100","FUTCOM","CE","MCX_FO"
"MCX_FO|437216","437216","SILVER25JUN91250CE","SILVER","9162.5","2025-06-25","91250","50.0","30","FUTCOM","CE","MCX_FO"
"MCX_FO|431598","431598","GOLD24NOV74700CE","GOLD","1649.0","2024-11-26","74700","50.0","1","FUTCOM","CE","MCX_FO"
"MCX_FO|434173","434173","SILVERM25APR102750CE","SILVER","4042.5","2025-04-21","102750","50.0","5","FUTCOM","CE","MCX_FO"
"MCX_FO|437381","437381","GOLDM24SEP69300CE","GOLD","2205.5","2024-09-24","69300","50.0","100","FUTCOM","CE","MCX_FO"
"MCX_FO|426578","426578","GOLD24SEP65600CE","GOLD","4116.0","2024-09-24","65600","50.0","1","FUTCOM","CE","MCX_FO"
"MCX_FO|434727","434727","SILVERM24AUG102500CE","SILVER","13.0","2024-08-21","102500","50.0","5","FUTCOM","CE","MCX_FO"
"MCX_FO|429325","429325","GOLD24SEP68100PE","GOLD","3022.0","2024-09-24","68100","50.0","1","FUTCOM","PE","MCX_FO"
"MCX_FO|433087","433087","COPPER24AUG830CE","COPPER","6.91","2024-08-21","830","1.0","2500","FUTCOM","CE","MCX_FO"
"MCX_FO|427736","427736","SILVERM24NOV72000PE","SILVER","1539.0","2024-11-20","72000","50.0","5","FUTCOM","PE","MCX_FO"
"MCX_FO|436665","436665","SILVER25JUN96500PE","SILVER","14832.0","2025-06-25","96500","50.0","30","FUTCOM","PE","MCX_FO"
"MCX_FO|432148","432148","GOLD24NOV76000CE","GOLD","1360.0","2024-11-26","76000","50.0","1","FUTCOM","CE","MCX_FO"
"MCX_FO|435186","435186","SILVERM24NOV105000CE","SILVER","806.5","2024-11-20","105000","50.0","5","FUTCOM","CE","MCX_FO"
"MCX_FO|433563","433563","SILVER25APR93000PE","SILVER","12427.5","2025-04-24","93000","50.0","30","FUTCOM","PE","MCX_FO"
"MCX_FO|431502","431502","SILVER25FEB94250CE","SILVER","5123.0","2025-02-24","94250","50.0","30","FUTCOM","CE","MCX_FO"
"MCX_FO|433003","433003","COPPER24AUG845CE","COPPER","1.65","2024-08-21","845","1.0","2500","FUTCOM","CE","MCX_FO"
"MCX_FO|428166","428166","GOLD24NOV60800PE","GOLD","1050.0","2024-11-26","60800","50.0","1","FUTCOM","PE","MCX_FO"
"MCX_FO|426705","426705","SILVER24AUG73750CE","SILVER","8203.0","2024-08-27","73750","50.0","30","FUTCOM","CE","MCX_FO"
"MCX_FO|434211","434211","SILVERM24NOV97000PE","SILVER","14867.0","2024-11-20","97000","50.0","5","FUTCOM","PE","MCX_FO"
"MCX_FO|437876","437876","NATGASMINI24OCT185CE","NATURALGAS","0.0","2024-10-24","185","5.0","250","FUTCOM","CE","MCX_FO"
"MCX_FO|426698","426698","SILVER24AUG75500CE","SILVER","6829.0","2024-08-27","75500","50.0","30","FUTCOM","CE","MCX_FO"
"MCX_FO|429924","429924","SILVER25FEB79250PE","SILVER","4995.5","2025-02-24","79250","50.0","30","FUTCOM","PE","MCX_FO"
"MCX_FO|427264","427264","SILVER24NOV75500CE","SILVER","10569.0","2024-11-26","75500","50.0","30","FUTCOM","CE","MCX_FO"
"MCX_FO|430364","430364","GOLD24SEP70500PE","GOLD","2942.5","2024-09-24","70500","50.0","1","FUTCOM","PE","MCX_FO"
"MCX_FO|437053","437053","CRUDEOIL24OCT7100PE","CRUDE OIL","692.0","2024-10-17","7100","10.0","100","FUTCOM","PE","MCX_FO"
"MCX_FO|435378","435378","COPPER24SEP855PE","COPPER","61.53","2024-09-19","855","1.0","2500","FUTCOM","PE","MCX_FO"
"MCX_FO|431618","431618","GOLD25JAN74900PE","GOLD","8796.5","2025-01-27","74900","50.0","1","FUTCOM","PE","MCX_FO"
"MCX_FO|431990","431990","GOLD25MAR71000PE","GOLD","6677.0","2025-03-26","71000","50.0","1","FUTCOM","PE","MCX_FO"
"MCX_FO|434100","434100","SILVER25APR103250PE","SILVER","19367.0","2025-04-24","103250","50.0","30","FUTCOM","PE","MCX_FO"
"MCX_FO|435269","435269","NATURALGAS24AUG155PE","NATURALGAS","4.6","2024-08-23","155","5.0","1250","FUTCOM","PE","MCX_FO"
"MCX_FO|437066","437066","CRUDEOIL24OCT7750PE","CRUDE OIL","1319.6","2024-10-17","7750","10.0","100","FUTCOM","PE","MCX_FO"
"MCX_FO|434639","434639","SILVER24AUG102500PE","SILVER","21066.0","2024-08-27","102500","50.0","30","FUTCOM","PE","MCX_FO"
"MCX_FO|426783","426783","SILVER24AUG83000PE","SILVER","3254.5","2024-08-27","83000","50.0","30","FUTCOM","PE","MCX_FO"
"MCX_FO|432776","432776","GOLD25MAR68800CE","GOLD","5795.5","2025-03-26","68800","50.0","1","FUTCOM","CE","MCX_FO"
"MCX_FO|436429","436429","GOLDM24SEP72200CE","GOLD","1247.5","2024-09-24","72200","50.0","100","FUTCOM","CE","MCX_FO"
"MCX_FO|432209","432209","GOLD25MAR76300PE","GOLD","9989.5","2025-03-26","76300","50.0","1","FUTCOM","PE","MCX_FO"
"MCX_FO|428823","428823","GOLD25JAN61800PE","GOLD","2188.5","2025-01-27","61800","50.0","1","FUTCOM","PE","MCX_FO"
"MCX_FO|428163","428163","GOLD24SEP60400PE","GOLD","495.0","2024-09-24","60400","50.0","1","FUTCOM","PE","MCX_FO"
"MCX_FO|431745","431745","GOLD24NOV74800PE","GOLD","7883.5","2024-11-26","74800","50.0","1","FUTCOM","PE","MCX_FO"
"MCX_FO|426667","426667","GOLD24SEP64500PE","GOLD","1471.0","2024-09-24","64500","50.0","1","FUTCOM","PE","MCX_FO"
"MCX_FO|433474","433474","SILVER25APR89000CE","SILVER","8286.5","2025-04-24","89000","50.0","30","FUTCOM","CE","MCX_FO"
"MCX_FO|429580","429580","GOLD24SEP68500PE","GOLD","1556.0","2024-09-24","68500","50.0","1","FUTCOM","PE","MCX_FO"
"MCX_FO|436446","436446","GOLDM24SEP73400CE","GOLD","964.0","2024-09-24","73400","50.0","100","FUTCOM","CE","MCX_FO"
"MCX_FO|435312","435312","SILVERM25APR110000CE","SILVER","2664.0","2025-04-21","110000","50.0","5","FUTCOM","CE","MCX_FO"
"MCX_FO|436049","436049","CRUDEOIL24SEP7950PE","CRUDE OIL","1443.0","2024-09-17","7950","10.0","100","FUTCOM","PE","MCX_FO"
"MCX_FO|437070","437070","SILVER25JUN93000CE","SILVER","8526.0","2025-06-25","93000","50.0","30","FUTCOM","CE","MCX_FO"
"MCX_FO|434197","434197","SILVERM24AUG95500PE","SILVER","14098.5","2024-08-21","95500","50.0","5","FUTCOM","PE","MCX_FO"
"MCX_FO|432158","432158","GOLD25MAR75400CE","GOLD","3390.5","2025-03-26","75400","50.0","1","FUTCOM","CE","MCX_FO"
"MCX_FO|434721","434721","SILVERM24AUG101000CE","SILVER","21.5","2024-08-21","101000","50.0","5","FUTCOM","CE","MCX_FO"
"MCX_FO|433027","433027","GOLD25MAR68400PE","GOLD","5293.0","2025-03-26","68400","50.0","1","FUTCOM","PE","MCX_FO"
"MCX_FO|435814","435814","GOLD25MAY75400CE","GOLD","4183.5","2025-05-27","75400","50.0","1","FUTCOM","CE","MCX_FO"
"MCX_FO|434805","434805","SILVERM24AUG100500PE","SILVER","18979.5","2024-08-21","100500","50.0","5","FUTCOM","PE","MCX_FO"
"MCX_FO|434753","434753","SILVERM25FEB103750CE","SILVER","2575.0","2025-02-19","103750","50.0","5","FUTCOM","CE","MCX_FO"
"MCX_FO|437021","437021","CRUDEOIL24OCT6250PE","CRUDE OIL","99.7","2024-10-17","6250","10.0","100","FUTCOM","PE","MCX_FO"
"MCX_FO|428861","428861","GOLD25JAN65300PE","GOLD","3464.0","2025-01-27","65300","50.0","1","FUTCOM","PE","MCX_FO"
"MCX_FO|431102","431102","GOLD24NOV73100CE","GOLD","2072.0","2024-11-26","73100","50.0","1","FUTCOM","CE","MCX_FO"
"MCX_FO|435130","435130","NATURALGAS24AUG225PE","NATURALGAS","49.35","2024-08-23","225","5.0","1250","FUTCOM","PE","MCX_FO"
"MCX_FO|428385","428385","GOLD24SEP58900CE","GOLD","9170.5","2024-09-24","58900","50.0","1","FUTCOM","CE","MCX_FO"
"MCX_FO|429978","429978","SILVERM25FEB75500CE","SILVER","13466.0","2025-02-19","75500","50.0","5","FUTCOM","CE","MCX_FO"
"MCX_FO|426767","426767","SILVER24AUG79000PE","SILVER","1205.0","2024-08-27","79000","50.0","30","FUTCOM","PE","MCX_FO"
"MCX_FO|431925","431925","GOLD25MAR71100CE","GOLD","4840.5","2025-03-26","71100","50.0","1","FUTCOM","CE","MCX_FO"
"MCX_FO|436505","436505","GOLDM24SEP74300PE","GOLD","6981.5","2024-09-24","74300","50.0","100","FUTCOM","PE","MCX_FO"
"MCX_FO|426841","426841","SILVERM24NOV78750CE","SILVER","8396.0","2024-11-20","78750","50.0","5","FUTCOM","CE","MCX_FO"
"MCX_FO|432015","432015","GOLD25MAR74600PE","GOLD","8860.0","2025-03-26","74600","50.0","1","FUTCOM","PE","MCX_FO"
"MCX_FO|426963","426963","SILVERM24NOV73250PE","SILVER","1836.0","2024-11-20","73250","50.0","5","FUTCOM","PE","MCX_FO"
"MCX_FO|431687","431687","SILVERM24NOV92250PE","SILVER","11246.0","2024-11-20","92250","50.0","5","FUTCOM","PE","MCX_FO"
"MCX_FO|436514","436514","GOLDM24SEP75200PE","GOLD","7722.0","2024-09-24","75200","50.0","100","FUTCOM","PE","MCX_FO"
"MCX_FO|428772","428772","GOLD25JAN61900CE","GOLD","8796.5","2025-01-27","61900","50.0","1","FUTCOM","CE","MCX_FO"
"MCX_FO|434674","434674","SILVER25FEB107250PE","SILVER","22712.5","2025-02-24","107250","50.0","30","FUTCOM","PE","MCX_FO"
"MCX_FO|436062","436062","GOLD25MAY76300PE","GOLD","10286.0","2025-05-27","76300","50.0","1","FUTCOM","PE","MCX_FO"
"MCX_FO|427898","427898","SILVER24AUG69250PE","SILVER","171.5","2024-08-27","69250","50.0","30","FUTCOM","PE","MCX_FO"
"MCX_FO|432055","432055","SILVER24AUG92000CE","SILVER","310.5","2024-08-27","92000","50.0","30","FUTCOM","CE","MCX_FO"
"MCX_FO|426648","426648","GOLD24SEP61900PE","GOLD","766.0","2024-09-24","61900","50.0","1","FUTCOM","PE","MCX_FO"
"MCX_FO|435717","435717","GOLD25MAY70600CE","GOLD","5877.5","2025-05-27","70600","50.0","1","FUTCOM","CE","MCX_FO"
"MCX_FO|436807","436807","GOLD25MAY78100CE","GOLD","3423.5","2025-05-27","78100","50.0","1","FUTCOM","CE","MCX_FO"
"MCX_FO|436834","436834","GOLDM24SEP76900CE","GOLD","421.5","2024-09-24","76900","50.0","100","FUTCOM","CE","MCX_FO"
"MCX_FO|426549","426549","GOLD24SEP61800CE","GOLD","6745.5","2024-09-24","61800","50.0","1","FUTCOM","CE","MCX_FO"
"MCX_FO|434124","434124","SILVERM24AUG95750CE","SILVER","110.0","2024-08-21","95750","50.0","5","FUTCOM","CE","MCX_FO"
"MCX_FO|427326","427326","SILVER24NOV80750PE","SILVER","4804.5","2024-11-26","80750","50.0","30","FUTCOM","PE","MCX_FO"
"MCX_FO|433995","433995","SILVER24NOV98500CE","SILVER","1770.0","2024-11-26","98500","50.0","30","FUTCOM","CE","MCX_FO"
"MCX_FO|426722","426722","SILVER24AUG80250CE","SILVER","3772.5","2024-08-27","80250","50.0","30","FUTCOM","CE","MCX_FO"
"MCX_FO|436727","436727","SILVERM25JUN100250CE","SILVER","6738.5","2025-06-19","100250","50.0","5","FUTCOM","CE","MCX_FO"
"MCX_FO|436893","436893","SILVERM25JUN108500PE","SILVER","23237.5","2025-06-19","108500","50.0","5","FUTCOM","PE","MCX_FO"
"MCX_FO|430859","430859","SILVER25FEB89500CE","SILVER","6708.5","2025-02-24","89500","50.0","30","FUTCOM","CE","MCX_FO"
"MCX_FO|428427","428427","GOLD24NOV58900PE","GOLD","686.0","2024-11-26","58900","50.0","1","FUTCOM","PE","MCX_FO"
"MCX_FO|433542","433542","SILVER25APR88500PE","SILVER","9813.5","2025-04-24","88500","50.0","30","FUTCOM","PE","MCX_FO"
"MCX_FO|436789","436789","SILVERM25JUN103250PE","SILVER","19494.0","2025-06-19","103250","50.0","5","FUTCOM","PE","MCX_FO"
"MCX_FO|435211","435211","NATGASMINI24AUG215CE","NATURALGAS","1.15","2024-08-23","215","5.0","250","FUTCOM","CE","MCX_FO"
"MCX_FO|427181","427181","GOLD24NOV65400CE","GOLD","5377.0","2024-11-26","65400","50.0","1","FUTCOM","CE","MCX_FO"
"MCX_FO|437037","437037","CRUDEOIL24OCT5450PE","CRUDE OIL","1.0","2024-10-17","5450","10.0","100","FUTCOM","PE","MCX_FO"
"MCX_FO|435666","435666","ZINC24AUG237.5CE","ZINC","15.3","2024-08-21","237.5","1.0","5","FUTCOM","CE","MCX_FO"
"MCX_FO|428142","428142","SILVERM24NOV70250CE","SILVER","14279.5","2024-11-20","70250","50.0","5","FUTCOM","CE","MCX_FO"
"MCX_FO|435203","435203","SILVERM25APR109500PE","SILVER","22684.5","2025-04-21","109500","50.0","5","FUTCOM","PE","MCX_FO"
"MCX_FO|427173","427173","GOLD24NOV64600CE","GOLD","5854.5","2024-11-26","64600","50.0","1","FUTCOM","CE","MCX_FO"
"MCX_FO|435456","435456","CRUDEOILM24AUG5000PE","CRUDE OIL","0.05","2024-08-14","5000","5.0","10","FUTCOM","PE","MCX_FO"
"MCX_FO|433773","433773","SILVER24NOV96750PE","SILVER","15010.0","2024-11-26","96750","50.0","30","FUTCOM","PE","MCX_FO"
"MCX_FO|433398","433398","GOLD25MAR77600CE","GOLD","2800.0","2025-03-26","77600","50.0","1","FUTCOM","CE","MCX_FO"
"MCX_FO|431949","431949","GOLD25MAR74400CE","GOLD","3691.5","2025-03-26","74400","50.0","1","FUTCOM","CE","MCX_FO"
"MCX_FO|430926","430926","SILVERM24AUG86750PE","SILVER","6335.5","2024-08-21","86750","50.0","5","FUTCOM","PE","MCX_FO"
"MCX_FO|436088","436088","COPPER24AUG810PE","COPPER","22.69","2024-08-21","810","1.0","2500","FUTCOM","PE","MCX_FO"
"MCX_FO|430020","430020","SILVERM25FEB77500PE","SILVER","3897.0","2025-02-19","77500","50.0","5","FUTCOM","PE","MCX_FO"
"MCX_FO|434269","434269","CRUDEOILM24AUG6600CE","CRUDE OIL","109.1","2024-08-14","6600","5.0","10","FUTCOM","CE","MCX_FO"
"MCX_FO|437599","437599","GOLD25MAR67700PE","GOLD","4949.5","2025-03-26","67700","50.0","1","FUTCOM","PE","MCX_FO"
"MCX_FO|435852","435852","CRUDEOIL24SEP5600CE","CRUDE OIL","885.1","2024-09-17","5600","10.0","100","FUTCOM","CE","MCX_FO"
"MCX_FO|435441","435441","ZINC24SEP247.5CE","ZINC","14.5","2024-09-19","247.5","1.0","5","FUTCOM","CE","MCX_FO"
"MCX_FO|437534","437534","SILVERM25JUN88250PE","SILVER","10336.0","2025-06-19","88250","50.0","5","FUTCOM","PE","MCX_FO"
"MCX_FO|434941","434941","CRUDEOILM24AUG7800CE","CRUDE OIL","0.05","2024-08-14","7800","5.0","10","FUTCOM","CE","MCX_FO"
"MCX_FO|436412","436412","GOLD25MAY77500CE","GOLD","3581.5","2025-05-27","77500","50.0","1","FUTCOM","CE","MCX_FO"
"MCX_FO|431823","431823","GOLD24SEP75500PE","GOLD","8200.5","2024-09-24","75500","50.0","1","FUTCOM","PE","MCX_FO"
"MCX_FO|426928","426928","SILVERM24AUG81750PE","SILVER","3050.5","2024-08-21","81750","50.0","5","FUTCOM","PE","MCX_FO"
"MCX_FO|435890","435890","CRUDEOIL24SEP6250PE","CRUDE OIL","79.6","2024-09-17","6250","10.0","100","FUTCOM","PE","MCX_FO"
"MCX_FO|437598","437598","GOLD25MAR67800PE","GOLD","4998.0","2025-03-26","67800","50.0","1","FUTCOM","PE","MCX_FO"
"MCX_FO|428159","428159","GOLD24NOV60500CE","GOLD","8685.5","2024-11-26","60500","50.0","1","FUTCOM","CE","MCX_FO"
"MCX_FO|429189","429189","GOLD25JAN67200CE","GOLD","5776.0","2025-01-27","67200","50.0","1","FUTCOM","CE","MCX_FO"
"MCX_FO|435722","435722","GOLD25MAY70100CE","GOLD","6081.5","2025-05-27","70100","50.0","1","FUTCOM","CE","MCX_FO"
"MCX_FO|437198","437198","CRUDEOILM24OCT7600PE","CRUDE OIL","1193.85","2024-10-17","7600","5.0","10","FUTCOM","PE","MCX_FO"
"MCX_FO|435691","435691","GOLDM24AUG69000CE","GOLD","770.5","2024-08-27","69000","50.0","100","FUTCOM","CE","MCX_FO"
"MCX_FO|427175","427175","GOLD24NOV64800CE","GOLD","5732.5","2024-11-26","64800","50.0","1","FUTCOM","CE","MCX_FO"
"MCX_FO|430034","430034","SILVERM25FEB74000PE","SILVER","2779.5","2025-02-19","74000","50.0","5","FUTCOM","PE","MCX_FO"
"MCX_FO|436805","436805","NATGASMINI24AUG115PE","NATURALGAS","0.05","2024-08-23","115","5.0","250","FUTCOM","PE","MCX_FO"
"MCX_FO|433037","433037","ZINC24AUG267.5CE","ZINC","0.62","2024-08-21","267.5","1.0","5","FUTCOM","CE","MCX_FO"
"MCX_FO|433043","433043","ZINC24AUG255PE","ZINC","6.16","2024-08-21","255","1.0","5","FUTCOM","PE","MCX_FO"
"MCX_FO|435218","435218","NATGASMINI24AUG180CE","NATURALGAS","9.55","2024-08-23","180","5.0","250","FUTCOM","CE","MCX_FO"
"MCX_FO|435915","435915","CRUDEOIL24SEP7050PE","CRUDE OIL","578.4","2024-09-17","7050","10.0","100","FUTCOM","PE","MCX_FO"
"MCX_FO|428740","428740","SILVERM24NOV68250CE","SILVER","15904.5","2024-11-20","68250","50.0","5","FUTCOM","CE","MCX_FO"
"MCX_FO|428819","428819","GOLD25JAN62200PE","GOLD","2316.0","2025-01-27","62200","50.0","1","FUTCOM","PE","MCX_FO"
"MCX_FO|435599","435599","GOLDM24AUG75800CE","GOLD","174.0","2024-08-27","75800","50.0","100","FUTCOM","CE","MCX_FO"
"MCX_FO|435514","435514","GOLDM24AUG70000CE","GOLD","446.5","2024-08-27","70000","50.0","100","FUTCOM","CE","MCX_FO"
"MCX_FO|433461","433461","SILVER24NOV96000CE","SILVER","2220.0","2024-11-26","96000","50.0","30","FUTCOM","CE","MCX_FO"
"MCX_FO|428171","428171","GOLD24NOV60300PE","GOLD","943.0","2024-11-26","60300","50.0","1","FUTCOM","PE","MCX_FO"
"MCX_FO|434014","434014","SILVER25FEB102500CE","SILVER","3117.0","2025-02-24","102500","50.0","30","FUTCOM","CE","MCX_FO"
"MCX_FO|436885","436885","SILVERM25JUN106500PE","SILVER","21783.5","2025-06-19","106500","50.0","5","FUTCOM","PE","MCX_FO"
"MCX_FO|435757","435757","GOLD25MAY71600PE","GOLD","7427.5","2025-05-27","71600","50.0","1","FUTCOM","PE","MCX_FO"
"MCX_FO|428404","428404","GOLD24NOV57900CE","GOLD","10776.5","2024-11-26","57900","50.0","1","FUTCOM","CE","MCX_FO"
"MCX_FO|429891","429891","SILVER25FEB83250CE","SILVER","9370.0","2025-02-24","83250","50.0","30","FUTCOM","CE","MCX_FO"
"MCX_FO|433380","433380","GOLD25JAN76500CE","GOLD","2412.0","2025-01-27","76500","50.0","1","FUTCOM","CE","MCX_FO"
"MCX_FO|437560","437560","ZINC24OCT225PE","ZINC","12.36","2024-10-22","225","1.0","5","FUTCOM","PE","MCX_FO"
"MCX_FO|427212","427212","GOLD24NOV62600PE","GOLD","1506.5","2024-11-26","62600","50.0","1","FUTCOM","PE","MCX_FO"
"MCX_FO|433643","433643","SILVERM25APR96500CE","SILVER","5694.5","2025-04-21","96500","50.0","5","FUTCOM","CE","MCX_FO"
"MCX_FO|437864","437864","SILVERM25APR82000PE","SILVER","0.0","2025-04-21","82000","50.0","5","FUTCOM","PE","MCX_FO"
"MCX_FO|437706","437706","SILVER25APR84250PE","SILVER","7626.5","2025-04-24","84250","50.0","30","FUTCOM","PE","MCX_FO"
"MCX_FO|427200","427200","GOLD24NOV63800PE","GOLD","1877.5","2024-11-26","63800","50.0","1","FUTCOM","PE","MCX_FO"
"MCX_FO|437475","437475","SILVER25JUN89500CE","SILVER","9838.5","2025-06-25","89500","50.0","30","FUTCOM","CE","MCX_FO"
"MCX_FO|436416","436416","GOLD25MAY77200PE","GOLD","10881.0","2025-05-27","77200","50.0","1","FUTCOM","PE","MCX_FO"
"MCX_FO|433409","433409","GOLD24NOV76800PE","GOLD","9414.5","2024-11-26","76800","50.0","1","FUTCOM","PE","MCX_FO"
"MCX_FO|432410","432410","GOLD25MAR70100CE","GOLD","5239.5","2025-03-26","70100","50.0","1","FUTCOM","CE","MCX_FO"
"MCX_FO|432010","432010","GOLD25MAR74100PE","GOLD","8539.5","2025-03-26","74100","50.0","1","FUTCOM","PE","MCX_FO"
"MCX_FO|434305","434305","CRUDEOIL24AUG6550CE","CRUDE OIL","126.7","2024-08-14","6550","10.0","100","FUTCOM","CE","MCX_FO"
"MCX_FO|436978","436978","CRUDEOIL24OCT5800CE","CRUDE OIL","611.2","2024-10-17","5800","10.0","100","FUTCOM","CE","MCX_FO"
"MCX_FO|426742","426742","SILVER24AUG77000PE","SILVER","634.5","2024-08-27","77000","50.0","30","FUTCOM","PE","MCX_FO"
"MCX_FO|432126","432126","SILVERM25FEB98000PE","SILVER","15130.5","2025-02-19","98000","50.0","5","FUTCOM","PE","MCX_FO"
"MCX_FO|431183","431183","GOLD25JAN73000PE","GOLD","7544.0","2025-01-27","73000","50.0","1","FUTCOM","PE","MCX_FO"
"MCX_FO|436206","436206","NATGASMINI24SEP280PE","NATURALGAS","92.5","2024-09-23","280","5.0","250","FUTCOM","PE","MCX_FO"
"MCX_FO|430928","430928","SILVERM24AUG87250PE","SILVER","6725.0","2024-08-21","87250","50.0","5","FUTCOM","PE","MCX_FO"
"MCX_FO|433032","433032","ZINC24AUG247.5CE","ZINC","7.46","2024-08-21","247.5","1.0","5","FUTCOM","CE","MCX_FO"
"MCX_FO|429886","429886","SILVER25FEB76000CE","SILVER","13362.5","2025-02-24","76000","50.0","30","FUTCOM","CE","MCX_FO"
"MCX_FO|427540","427540","GOLD24NOV67300CE","GOLD","4347.5","2024-11-26","67300","50.0","1","FUTCOM","CE","MCX_FO"
"MCX_FO|429338","429338","GOLD24NOV68800PE","GOLD","4038.0","2024-11-26","68800","50.0","1","FUTCOM","PE","MCX_FO"
"MCX_FO|434829","434829","SILVERM24NOV103750PE","SILVER","20563.5","2024-11-20","103750","50.0","5","FUTCOM","PE","MCX_FO"
"MCX_FO|434602","434602","SILVER25APR108000CE","SILVER","3143.0","2025-04-24","108000","50.0","30","FUTCOM","CE","MCX_FO"
"MCX_FO|428739","428739","SILVERM24NOV68500CE","SILVER","15697.5","2024-11-20","68500","50.0","5","FUTCOM","CE","MCX_FO"
"MCX_FO|428783","428783","GOLD25JAN60800CE","GOLD","9528.5","2025-01-27","60800","50.0","1","FUTCOM","CE","MCX_FO"
"MCX_FO|433656","433656","SILVERM24AUG93250PE","SILVER","11963.0","2024-08-21","93250","50.0","5","FUTCOM","PE","MCX_FO"
"MCX_FO|429187","429187","GOLD25JAN67000CE","GOLD","5874.5","2025-01-27","67000","50.0","1","FUTCOM","CE","MCX_FO"
"MCX_FO|435579","435579","GOLDM24AUG74000PE","GOLD","5995.5","2024-08-27","74000","50.0","100","FUTCOM","PE","MCX_FO"
"MCX_FO|431518","431518","SILVER24NOV92000PE","SILVER","11441.0","2024-11-26","92000","50.0","30","FUTCOM","PE","MCX_FO"
"MCX_FO|431700","431700","SILVER24AUG91250CE","SILVER","533.5","2024-08-27","91250","50.0","30","FUTCOM","CE","MCX_FO"
"MCX_FO|431519","431519","SILVER24NOV92250PE","SILVER","11619.0","2024-11-26","92250","50.0","30","FUTCOM","PE","MCX_FO"
"MCX_FO|435281","435281","SILVER25FEB109000CE","SILVER","2061.0","2025-02-24","109000","50.0","30","FUTCOM","CE","MCX_FO"
"MCX_FO|436612","436612","SILVER25JUN97250CE","SILVER","7133.5","2025-06-25","97250","50.0","30","FUTCOM","CE","MCX_FO"
"MCX_FO|430366","430366","GOLD24NOV71200PE","GOLD","5425.5","2024-11-26","71200","50.0","1","FUTCOM","PE","MCX_FO"
"MCX_FO|426880","426880","SILVERM24NOV83750CE","SILVER","5811.5","2024-11-20","83750","50.0","5","FUTCOM","CE","MCX_FO"
"MCX_FO|435512","435512","GOLDM24AUG70200CE","GOLD","1102.0","2024-08-27","70200","50.0","100","FUTCOM","CE","MCX_FO"
"MCX_FO|437114","437114","CRUDEOILM24OCT5850CE","CRUDE OIL","601.85","2024-10-17","5850","5.0","10","FUTCOM","CE","MCX_FO"
"MCX_FO|435780","435780","GOLD25MAY72800PE","GOLD","8116.0","2025-05-27","72800","50.0","1","FUTCOM","PE","MCX_FO"
"MCX_FO|434817","434817","SILVERM24NOV100750PE","SILVER","17966.0","2024-11-20","100750","50.0","5","FUTCOM","PE","MCX_FO"
"MCX_FO|431831","431831","GOLD25JAN75300PE","GOLD","9071.5","2025-01-27","75300","50.0","1","FUTCOM","PE","MCX_FO"
"MCX_FO|430081","430081","SILVER25FEB75750CE","SILVER","13518.0","2025-02-24","75750","50.0","30","FUTCOM","CE","MCX_FO"
"MCX_FO|435051","435051","CRUDEOIL24AUG5200PE","CRUDE OIL","0.1","2024-08-14","5200","10.0","100","FUTCOM","PE","MCX_FO"
"MCX_FO|429704","429704","GOLD25JAN70400CE","GOLD","4357.5","2025-01-27","70400","50.0","1","FUTCOM","CE","MCX_FO"
"MCX_FO|435696","435696","GOLDM24AUG68800PE","GOLD","2633.0","2024-08-27","68800","50.0","100","FUTCOM","PE","MCX_FO"
"MCX_FO|434178","434178","SILVERM25APR104000CE","SILVER","3767.5","2025-04-21","104000","50.0","5","FUTCOM","CE","MCX_FO"
"MCX_FO|435284","435284","SILVER25APR110750CE","SILVER","2705.5","2025-04-24","110750","50.0","30","FUTCOM","CE","MCX_FO"
"MCX_FO|429916","429916","SILVER25FEB81250PE","SILVER","5836.5","2025-02-24","81250","50.0","30","FUTCOM","PE","MCX_FO"
"MCX_FO|437514","437514","SILVERM25JUN89000CE","SILVER","10554.5","2025-06-19","89000","50.0","5","FUTCOM","CE","MCX_FO"
"MCX_FO|429553","429553","GOLD24NOV68900CE","GOLD","3592.5","2024-11-26","68900","50.0","1","FUTCOM","CE","MCX_FO"
"MCX_FO|434973","434973","CRUDEOILM24AUG6900PE","CRUDE OIL","466.65","2024-08-14","6900","5.0","10","FUTCOM","PE","MCX_FO"
"MCX_FO|426933","426933","SILVERM24AUG83000PE","SILVER","3159.0","2024-08-21","83000","50.0","5","FUTCOM","PE","MCX_FO"
"MCX_FO|432079","432079","SILVER24NOV94500PE","SILVER","13273.0","2024-11-26","94500","50.0","30","FUTCOM","PE","MCX_FO"
"MCX_FO|435489","435489","GOLDM24AUG72500PE","GOLD","4300.0","2024-08-27","72500","50.0","100","FUTCOM","PE","MCX_FO"
"MCX_FO|437499","437499","SILVER25JUN88000PE","SILVER","9954.5","2025-06-25","88000","50.0","30","FUTCOM","PE","MCX_FO"
"MCX_FO|434304","434304","COPPER24AUG995PE","COPPER","197.96","2024-08-21","995","1.0","2500","FUTCOM","PE","MCX_FO"
"MCX_FO|434539","434539","SILVER24AUG99250CE","SILVER","78.5","2024-08-27","99250","50.0","30","FUTCOM","CE","MCX_FO"
"MCX_FO|435103","435103","NATURALGAS24AUG210CE","NATURALGAS","2.85","2024-08-23","210","5.0","1250","FUTCOM","CE","MCX_FO"
"MCX_FO|434975","434975","CRUDEOILM24AUG7000PE","CRUDE OIL","439.75","2024-08-14","7000","5.0","10","FUTCOM","PE","MCX_FO"
"MCX_FO|436427","436427","GOLDM24SEP72400CE","GOLD","1196.0","2024-09-24","72400","50.0","100","FUTCOM","CE","MCX_FO"
"MCX_FO|437659","437659","GOLDM24AUG65500PE","GOLD","1097.0","2024-08-27","65500","50.0","100","FUTCOM","PE","MCX_FO"
"MCX_FO|434235","434235","SILVERM25FEB101250PE","SILVER","17531.0","2025-02-19","101250","50.0","5","FUTCOM","PE","MCX_FO"
"MCX_FO|433544","433544","SILVER25APR88000PE","SILVER","9541.5","2025-04-24","88000","50.0","30","FUTCOM","PE","MCX_FO"
"MCX_FO|434352","434352","CRUDEOIL24AUG7750CE","CRUDE OIL","0.1","2024-08-14","7750","10.0","100","FUTCOM","CE","MCX_FO"
"MCX_FO|433543","433543","SILVER25APR88250PE","SILVER","9677.0","2025-04-24","88250","50.0","30","FUTCOM","PE","MCX_FO"
"MCX_FO|426789","426789","SILVERM24AUG77750CE","SILVER","5036.0","2024-08-21","77750","50.0","5","FUTCOM","CE","MCX_FO"
"MCX_FO|430866","430866","SILVER25FEB91250CE","SILVER","6083.5","2025-02-24","91250","50.0","30","FUTCOM","CE","MCX_FO"
"MCX_FO|431656","431656","SILVER25FEB95000CE","SILVER","4903.5","2025-02-24","95000","50.0","30","FUTCOM","CE","MCX_FO"
"MCX_FO|437147","437147","CRUDEOILM24OCT7650CE","CRUDE OIL","10.55","2024-10-17","7650","5.0","10","FUTCOM","CE","MCX_FO"
"MCX_FO|432020","432020","GOLD25MAR75100PE","GOLD","9186.0","2025-03-26","75100","50.0","1","FUTCOM","PE","MCX_FO"
"MCX_FO|436838","436838","GOLDM24AUG76300PE","GOLD","8631.0","2024-08-27","76300","50.0","100","FUTCOM","PE","MCX_FO"
"MCX_FO|430090","430090","SILVERM25FEB88000CE","SILVER","6941.5","2025-02-19","88000","50.0","5","FUTCOM","CE","MCX_FO"
"MCX_FO|436508","436508","GOLDM24SEP74600PE","GOLD","7225.5","2024-09-24","74600","50.0","100","FUTCOM","PE","MCX_FO"
"MCX_FO|434332","434332","CRUDEOIL24AUG6750CE","CRUDE OIL","59.6","2024-08-14","6750","10.0","100","FUTCOM","CE","MCX_FO"
"MCX_FO|427268","427268","SILVER24NOV74500CE","SILVER","11234.5","2024-11-26","74500","50.0","30","FUTCOM","CE","MCX_FO"
"MCX_FO|437856","437856","NATURALGAS24OCT280PE","NATURALGAS","0.0","2024-10-24","280","5.0","1250","FUTCOM","PE","MCX_FO"
"MCX_FO|429564","429564","GOLD25JAN69700CE","GOLD","4642.5","2025-01-27","69700","50.0","1","FUTCOM","CE","MCX_FO"
"MCX_FO|432100","432100","SILVERM24NOV93500CE","SILVER","2535.5","2024-11-20","93500","50.0","5","FUTCOM","CE","MCX_FO"
"MCX_FO|429753","429753","GOLD25JAN70300PE","GOLD","5922.0","2025-01-27","70300","50.0","1","FUTCOM","PE","MCX_FO"
"MCX_FO|436390","436390","NATURALGAS24SEP135CE","NATURALGAS","51.55","2024-09-23","135","5.0","1250","FUTCOM","CE","MCX_FO"
"MCX_FO|431820","431820","GOLD24SEP75200PE","GOLD","7949.5","2024-09-24","75200","50.0","1","FUTCOM","PE","MCX_FO"
"MCX_FO|429895","429895","SILVER25FEB84250CE","SILVER","8897.5","2025-02-24","84250","50.0","30","FUTCOM","CE","MCX_FO"
"MCX_FO|437910","437910","NATGASMINI24OCT165PE","NATURALGAS","0.0","2024-10-24","165","5.0","250","FUTCOM","PE","MCX_FO"
"MCX_FO|437749","437749","SILVERM25APR82250CE","SILVER","11590.0","2025-04-21","82250","50.0","5","FUTCOM","CE","MCX_FO"
"MCX_FO|431931","431931","GOLD25MAR70500CE","GOLD","5077.0","2025-03-26","70500","50.0","1","FUTCOM","CE","MCX_FO"
"MCX_FO|433682","433682","SILVERM25APR88000PE","SILVER","8355.0","2025-04-21","88000","50.0","5","FUTCOM","PE","MCX_FO"
"MCX_FO|434961","434961","CRUDEOILM24AUG5650PE","CRUDE OIL","0.05","2024-08-14","5650","5.0","10","FUTCOM","PE","MCX_FO"
"MCX_FO|426782","426782","SILVER24AUG82750PE","SILVER","4009.5","2024-08-27","82750","50.0","30","FUTCOM","PE","MCX_FO"
"MCX_FO|436688","436688","SILVER25JUN103250PE","SILVER","19297.5","2025-06-25","103250","50.0","30","FUTCOM","PE","MCX_FO"
"MCX_FO|433293","433293","COPPER24AUG935CE","COPPER","0.01","2024-08-21","935","1.0","2500","FUTCOM","CE","MCX_FO"
"MCX_FO|436820","436820","GOLD25MAY78600PE","GOLD","11833.5","2025-05-27","78600","50.0","1","FUTCOM","PE","MCX_FO"
"MCX_FO|437150","437150","CRUDEOILM24OCT7800CE","CRUDE OIL","6.45","2024-10-17","7800","5.0","10","FUTCOM","CE","MCX_FO"
"MCX_FO|426925","426925","SILVERM24AUG81000PE","SILVER","1950.5","2024-08-21","81000","50.0","5","FUTCOM","PE","MCX_FO"
"MCX_FO|436626","436626","SILVER25JUN100250CE","SILVER","6273.0","2025-06-25","100250","50.0","30","FUTCOM","CE","MCX_FO"
"MCX_FO|434432","434432","GOLD25MAR78100CE","GOLD","2678.5","2025-03-26","78100","50.0","1","FUTCOM","CE","MCX_FO"
"MCX_FO|426671","426671","GOLD24SEP64900PE","GOLD","1609.0","2024-09-24","64900","50.0","1","FUTCOM","PE","MCX_FO"
"MCX_FO|436949","436949","GOLD25MAY78900PE","GOLD","12042.0","2025-05-27","78900","50.0","1","FUTCOM","PE","MCX_FO"
"MCX_FO|430092","430092","SILVERM25FEB88500CE","SILVER","6743.0","2025-02-19","88500","50.0","5","FUTCOM","CE","MCX_FO"
"MCX_FO|426780","426780","SILVER24AUG82250PE","SILVER","3723.5","2024-08-27","82250","50.0","30","FUTCOM","PE","MCX_FO"
"MCX_FO|436219","436219","COPPER24SEP785CE","COPPER","33.28","2024-09-19","785","1.0","2500","FUTCOM","CE","MCX_FO"
"MCX_FO|434226","434226","SILVERM25FEB99000PE","SILVER","15855.0","2025-02-19","99000","50.0","5","FUTCOM","PE","MCX_FO"
"MCX_FO|426720","426720","SILVER24AUG79750CE","SILVER","4043.5","2024-08-27","79750","50.0","30","FUTCOM","CE","MCX_FO"
"MCX_FO|434591","434591","SILVER25APR105250CE","SILVER","3643.5","2025-04-24","105250","50.0","30","FUTCOM","CE","MCX_FO"
"MCX_FO|436275","436275","COPPER24OCT875PE","COPPER","73.49","2024-10-22","875","1.0","2500","FUTCOM","PE","MCX_FO"
"MCX_FO|431979","431979","GOLD25MAR72100PE","GOLD","7312.5","2025-03-26","72100","50.0","1","FUTCOM","PE","MCX_FO"
"MCX_FO|437464","437464","GOLDM24SEP69500PE","GOLD","3576.5","2024-09-24","69500","50.0","100","FUTCOM","PE","MCX_FO"
"MCX_FO|428432","428432","GOLD24NOV58400PE","GOLD","608.0","2024-11-26","58400","50.0","1","FUTCOM","PE","MCX_FO"
"MCX_FO|427193","427193","GOLD24NOV66600CE","GOLD","4710.0","2024-11-26","66600","50.0","1","FUTCOM","CE","MCX_FO"
"MCX_FO|431109","431109","GOLD24NOV73800CE","GOLD","1877.0","2024-11-26","73800","50.0","1","FUTCOM","CE","MCX_FO"
"MCX_FO|436770","436770","SILVERM25JUN95250PE","SILVER","14294.0","2025-06-19","95250","50.0","5","FUTCOM","PE","MCX_FO"
"MCX_FO|427310","427310","SILVER24NOV76500PE","SILVER","3095.5","2024-11-26","76500","50.0","30","FUTCOM","PE","MCX_FO"
"MCX_FO|426872","426872","SILVERM24NOV81750CE","SILVER","6766.0","2024-11-20","81750","50.0","5","FUTCOM","CE","MCX_FO"
"MCX_FO|437049","437049","CRUDEOIL24OCT6900PE","CRUDE OIL","513.0","2024-10-17","6900","10.0","100","FUTCOM","PE","MCX_FO"
"MCX_FO|436669","436669","SILVER25JUN95500PE","SILVER","14212.5","2025-06-25","95500","50.0","30","FUTCOM","PE","MCX_FO"
"MCX_FO|437738","437738","SILVERM25APR85000CE","SILVER","10191.5","2025-04-21","85000","50.0","5","FUTCOM","CE","MCX_FO"
"MCX_FO|436744","436744","SILVERM25JUN104500CE","SILVER","5648.0","2025-06-19","104500","50.0","5","FUTCOM","CE","MCX_FO"
"MCX_FO|436090","436090","COPPER24SEP815PE","COPPER","33.32","2024-09-19","815","1.0","2500","FUTCOM","PE","MCX_FO"
"MCX_FO|436618","436618","SILVER25JUN95750CE","SILVER","7600.5","2025-06-25","95750","50.0","30","FUTCOM","CE","MCX_FO"
"MCX_FO|429588","429588","GOLD24NOV69000PE","GOLD","4145.5","2024-11-26","69000","50.0","1","FUTCOM","PE","MCX_FO"
"MCX_FO|435629","435629","GOLDM24AUG69300PE","GOLD","2937.0","2024-08-27","69300","50.0","100","FUTCOM","PE","MCX_FO"
"MCX_FO|430053","430053","SILVERM25FEB83750PE","SILVER","6500.0","2025-02-19","83750","50.0","5","FUTCOM","PE","MCX_FO"
"MCX_FO|437306","437306","GOLD25MAY68800PE","GOLD","5941.0","2025-05-27","68800","50.0","1","FUTCOM","PE","MCX_FO"
"MCX_FO|435502","435502","GOLDM24AUG71200CE","GOLD","826.5","2024-08-27","71200","50.0","100","FUTCOM","CE","MCX_FO"
"MCX_FO|427378","427378","GOLD24NOV66700PE","GOLD","3008.0","2024-11-26","66700","50.0","1","FUTCOM","PE","MCX_FO"
"MCX_FO|434774","434774","SILVERM25APR107250CE","SILVER","3128.0","2025-04-21","107250","50.0","5","FUTCOM","CE","MCX_FO"
"MCX_FO|430798","430798","GOLD24NOV71900PE","GOLD","5870.0","2024-11-26","71900","50.0","1","FUTCOM","PE","MCX_FO"
"MCX_FO|431013","431013","SILVERM25FEB93000CE","SILVER","5154.0","2025-02-19","93000","50.0","5","FUTCOM","CE","MCX_FO"
"MCX_FO|431003","431003","SILVERM24AUG87750CE","SILVER","852.5","2024-08-21","87750","50.0","5","FUTCOM","CE","MCX_FO"
"MCX_FO|436915","436915","NATURALGAS24AUG100PE","NATURALGAS","0.2","2024-08-23","100","5.0","1250","FUTCOM","PE","MCX_FO"
"MCX_FO|427161","427161","GOLD24NOV62300CE","GOLD","7366.0","2024-11-26","62300","50.0","1","FUTCOM","CE","MCX_FO"
"MCX_FO|431975","431975","GOLD25MAR72500PE","GOLD","7550.5","2025-03-26","72500","50.0","1","FUTCOM","PE","MCX_FO"
"MCX_FO|437460","437460","GOLDM24SEP69100PE","GOLD","3343.0","2024-09-24","69100","50.0","100","FUTCOM","PE","MCX_FO"
"MCX_FO|434077","434077","SILVER25FEB99750PE","SILVER","16902.5","2025-02-24","99750","50.0","30","FUTCOM","PE","MCX_FO"
"MCX_FO|437352","437352","GOLDM24AUG66600CE","GOLD","2667.5","2024-08-27","66600","50.0","100","FUTCOM","CE","MCX_FO"
"MCX_FO|431172","431172","GOLD24NOV73500PE","GOLD","6948.0","2024-11-26","73500","50.0","1","FUTCOM","PE","MCX_FO"
"MCX_FO|429697","429697","GOLD24NOV70300CE","GOLD","3014.5","2024-11-26","70300","50.0","1","FUTCOM","CE","MCX_FO"
"MCX_FO|427401","427401","SILVER24NOV86250PE","SILVER","7689.0","2024-11-26","86250","50.0","30","FUTCOM","PE","MCX_FO"
"MCX_FO|431982","431982","GOLD25MAR71800PE","GOLD","7136.5","2025-03-26","71800","50.0","1","FUTCOM","PE","MCX_FO"
"MCX_FO|436537","436537","GOLDM24SEP70200PE","GOLD","4006.0","2024-09-24","70200","50.0","100","FUTCOM","PE","MCX_FO"
"MCX_FO|426830","426830","SILVERM24AUG82250CE","SILVER","2523.5","2024-08-21","82250","50.0","5","FUTCOM","CE","MCX_FO"
"MCX_FO|435715","435715","GOLD25MAY70800CE","GOLD","5797.5","2025-05-27","70800","50.0","1","FUTCOM","CE","MCX_FO"
"MCX_FO|426914","426914","SILVERM24AUG78250PE","SILVER","1524.0","2024-08-21","78250","50.0","5","FUTCOM","PE","MCX_FO"
"MCX_FO|431548","431548","SILVERM25FEB95250CE","SILVER","4483.0","2025-02-19","95250","50.0","5","FUTCOM","CE","MCX_FO"
"MCX_FO|431006","431006","SILVERM24AUG88500CE","SILVER","512.0","2024-08-21","88500","50.0","5","FUTCOM","CE","MCX_FO"
"MCX_FO|427985","427985","GOLD24NOV61200PE","GOLD","1141.5","2024-11-26","61200","50.0","1","FUTCOM","PE","MCX_FO"
"MCX_FO|431854","431854","SILVER25FEB96250PE","SILVER","14409.0","2025-02-24","96250","50.0","30","FUTCOM","PE","MCX_FO"
"MCX_FO|435150","435150","NATURALGAS24AUG270PE","NATURALGAS","93.7","2024-08-23","270","5.0","1250","FUTCOM","PE","MCX_FO"
"MCX_FO|436897","436897","NATGASMINI24SEP120CE","NATURALGAS","66.75","2024-09-23","120","5.0","250","FUTCOM","CE","MCX_FO"
"MCX_FO|427713","427713","SILVER24AUG70000PE","SILVER","221.0","2024-08-27","70000","50.0","30","FUTCOM","PE","MCX_FO"
"MCX_FO|436529","436529","GOLDM24SEP70500CE","GOLD","1758.5","2024-09-24","70500","50.0","100","FUTCOM","CE","MCX_FO"
"MCX_FO|436595","436595","GOLDM24AUG76100PE","GOLD","8443.5","2024-08-27","76100","50.0","100","FUTCOM","PE","MCX_FO"
"MCX_FO|430087","430087","SILVERM25FEB87250CE","SILVER","7247.5","2025-02-19","87250","50.0","5","FUTCOM","CE","MCX_FO"
"MCX_FO|426857","426857","SILVERM24NOV74750CE","SILVER","10941.5","2024-11-20","74750","50.0","5","FUTCOM","CE","MCX_FO"
"MCX_FO|435369","435369","COPPER24SEP915CE","COPPER","1.3","2024-09-19","915","1.0","2500","FUTCOM","CE","MCX_FO"
"MCX_FO|427329","427329","SILVER24NOV81500PE","SILVER","5154.0","2024-11-26","81500","50.0","30","FUTCOM","PE","MCX_FO"
"MCX_FO|436991","436991","CRUDEOIL24OCT6600CE","CRUDE OIL","93.2","2024-10-17","6600","10.0","100","FUTCOM","CE","MCX_FO"
"MCX_FO|426477","426477","SILVER24AUG78000CE","SILVER","5088.5","2024-08-27","78000","50.0","30","FUTCOM","CE","MCX_FO"
"MCX_FO|436540","436540","NATGASMINI24SEP130CE","NATURALGAS","57.3","2024-09-23","130","5.0","250","FUTCOM","CE","MCX_FO"
"MCX_FO|436479","436479","GOLDM24SEP72200PE","GOLD","5366.5","2024-09-24","72200","50.0","100","FUTCOM","PE","MCX_FO"
"MCX_FO|430238","430238","GOLD24SEP70100PE","GOLD","4181.0","2024-09-24","70100","50.0","1","FUTCOM","PE","MCX_FO"
"MCX_FO|437782","437782","SILVERM25JUN85500PE","SILVER","8952.0","2025-06-19","85500","50.0","5","FUTCOM","PE","MCX_FO"
"MCX_FO|427397","427397","SILVER24NOV86500CE","SILVER","4908.5","2024-11-26","86500","50.0","30","FUTCOM","CE","MCX_FO"
"MCX_FO|428826","428826","GOLD25JAN61500PE","GOLD","2096.0","2025-01-27","61500","50.0","1","FUTCOM","PE","MCX_FO"
"MCX_FO|431337","431337","SILVER24AUG89000CE","SILVER","550.5","2024-08-27","89000","50.0","30","FUTCOM","CE","MCX_FO"
"MCX_FO|431984","431984","GOLD25MAR71600PE","GOLD","7020.0","2025-03-26","71600","50.0","1","FUTCOM","PE","MCX_FO"
"MCX_FO|435994","435994","CRUDEOILM24SEP6350PE","CRUDE OIL","106.45","2024-09-17","6350","5.0","10","FUTCOM","PE","MCX_FO"
"MCX_FO|434685","434685","SILVER25APR107000PE","SILVER","22189.0","2025-04-24","107000","50.0","30","FUTCOM","PE","MCX_FO"
"MCX_FO|428976","428976","GOLD25JAN66000CE","GOLD","6386.0","2025-01-27","66000","50.0","1","FUTCOM","CE","MCX_FO"
"MCX_FO|428283","428283","GOLD24SEP59800PE","GOLD","410.0","2024-09-24","59800","50.0","1","FUTCOM","PE","MCX_FO"
"MCX_FO|434075","434075","SILVER24NOV100000PE","SILVER","17646.5","2024-11-26","100000","50.0","30","FUTCOM","PE","MCX_FO"
"MCX_FO|426561","426561","GOLD24SEP63900CE","GOLD","5204.0","2024-09-24","63900","50.0","1","FUTCOM","CE","MCX_FO"
"MCX_FO|433058","433058","COPPER24AUG835PE","COPPER","41.58","2024-08-21","835","1.0","2500","FUTCOM","PE","MCX_FO"
"MCX_FO|433533","433533","SILVER25APR90750PE","SILVER","11084.0","2025-04-24","90750","50.0","30","FUTCOM","PE","MCX_FO"
"MCX_FO|434744","434744","SILVERM24NOV104000CE","SILVER","896.5","2024-11-20","104000","50.0","5","FUTCOM","CE","MCX_FO"
"MCX_FO|437580","437580","GOLD25MAY68500CE","GOLD","6771.0","2025-05-27","68500","50.0","1","FUTCOM","CE","MCX_FO"
"MCX_FO|431929","431929","GOLD25MAR70700CE","GOLD","4997.5","2025-03-26","70700","50.0","1","FUTCOM","CE","MCX_FO"
"MCX_FO|428779","428779","GOLD25JAN61200CE","GOLD","9258.5","2025-01-27","61200","50.0","1","FUTCOM","CE","MCX_FO"
"MCX_FO|430790","430790","GOLD24SEP72200PE","GOLD","5606.5","2024-09-24","72200","50.0","1","FUTCOM","PE","MCX_FO"
"MCX_FO|430990","430990","SILVER25FEB92500CE","SILVER","5666.5","2025-02-24","92500","50.0","30","FUTCOM","CE","MCX_FO"
"MCX_FO|432204","432204","GOLD25MAR75800PE","GOLD","9651.0","2025-03-26","75800","50.0","1","FUTCOM","PE","MCX_FO"
"MCX_FO|426637","426637","GOLD24SEP63000PE","GOLD","1025.0","2024-09-24","63000","50.0","1","FUTCOM","PE","MCX_FO"
"MCX_FO|434892","434892","ZINC24AUG297.5PE","ZINC","44.91","2024-08-21","297.5","1.0","5","FUTCOM","PE","MCX_FO"
"MCX_FO|434898","434898","CRUDEOILM24AUG6300CE","CRUDE OIL","272.25","2024-08-14","6300","5.0","10","FUTCOM","CE","MCX_FO"
"MCX_FO|434741","434741","SILVERM24NOV103250CE","SILVER","970.0","2024-11-20","103250","50.0","5","FUTCOM","CE","MCX_FO"
"MCX_FO|430934","430934","SILVERM24NOV88500PE","SILVER","8688.0","2024-11-20","88500","50.0","5","FUTCOM","PE","MCX_FO"
"MCX_FO|435861","435861","CRUDEOIL24SEP6900CE","CRUDE OIL","47.4","2024-09-17","6900","10.0","100","FUTCOM","CE","MCX_FO"
"MCX_FO|435332","435332","SILVERM25APR110750PE","SILVER","23676.0","2025-04-21","110750","50.0","5","FUTCOM","PE","MCX_FO"
"MCX_FO|433329","433329","COPPER24AUG940PE","COPPER","143.25","2024-08-21","940","1.0","2500","FUTCOM","PE","MCX_FO"
"MCX_FO|428980","428980","GOLD25JAN65700PE","GOLD","3633.5","2025-01-27","65700","50.0","1","FUTCOM","PE","MCX_FO"
"MCX_FO|430918","430918","SILVERM25FEB91500CE","SILVER","5645.5","2025-02-19","91500","50.0","5","FUTCOM","CE","MCX_FO"
"MCX_FO|433647","433647","SILVERM25APR97500CE","SILVER","5397.0","2025-04-21","97500","50.0","5","FUTCOM","CE","MCX_FO"
"MCX_FO|435275","435275","SILVER24AUG104000CE","SILVER","21.0","2024-08-27","104000","50.0","30","FUTCOM","CE","MCX_FO"
"MCX_FO|435330","435330","SILVERM25APR110250PE","SILVER","23277.5","2025-04-21","110250","50.0","5","FUTCOM","PE","MCX_FO"
"MCX_FO|436830","436830","GOLDM24SEP76500CE","GOLD","466.0","2024-09-24","76500","50.0","100","FUTCOM","CE","MCX_FO"
"MCX_FO|426837","426837","SILVERM24AUG84000CE","SILVER","1301.0","2024-08-21","84000","50.0","5","FUTCOM","CE","MCX_FO"
"MCX_FO|431808","431808","GOLD24NOV75000CE","GOLD","1578.0","2024-11-26","75000","50.0","1","FUTCOM","CE","MCX_FO"
"MCX_FO|436652","436652","SILVER25JUN99750PE","SILVER","16923.0","2025-06-25","99750","50.0","30","FUTCOM","PE","MCX_FO"
"MCX_FO|426749","426749","SILVER24AUG75250PE","SILVER","976.0","2024-08-27","75250","50.0","30","FUTCOM","PE","MCX_FO"
"MCX_FO|431614","431614","GOLD24NOV74500PE","GOLD","7663.0","2024-11-26","74500","50.0","1","FUTCOM","PE","MCX_FO"
"MCX_FO|427159","427159","GOLD24NOV62500CE","GOLD","7226.5","2024-11-26","62500","50.0","1","FUTCOM","CE","MCX_FO"
"MCX_FO|434980","434980","CRUDEOILM24AUG7250PE","CRUDE OIL","679.8","2024-08-14","7250","5.0","10","FUTCOM","PE","MCX_FO"
"MCX_FO|426860","426860","SILVERM24NOV74000CE","SILVER","11464.5","2024-11-20","74000","50.0","5","FUTCOM","CE","MCX_FO"
"MCX_FO|431384","431384","SILVERM25FEB93750CE","SILVER","4921.5","2025-02-19","93750","50.0","5","FUTCOM","CE","MCX_FO"
"MCX_FO|430888","430888","SILVER25FEB90500PE","SILVER","10683.0","2025-02-24","90500","50.0","30","FUTCOM","PE","MCX_FO"
"MCX_FO|427147","427147","GOLD24NOV63700CE","GOLD","6421.5","2024-11-26","63700","50.0","1","FUTCOM","CE","MCX_FO"
"MCX_FO|435264","435264","NATGASMINI24AUG305PE","NATURALGAS","128.2","2024-08-23","305","5.0","250","FUTCOM","PE","MCX_FO"
"MCX_FO|437819","437819","NATURALGAS24OCT245CE","NATURALGAS","0.0","2024-10-24","245","5.0","1250","FUTCOM","CE","MCX_FO"
"MCX_FO|435712","435712","GOLD25MAY71100CE","GOLD","5679.0","2025-05-27","71100","50.0","1","FUTCOM","CE","MCX_FO"
"MCX_FO|427380","427380","GOLD24NOV66900PE","GOLD","3098.5","2024-11-26","66900","50.0","1","FUTCOM","PE","MCX_FO"
"MCX_FO|435408","435408","ZINC24SEP272.5PE","ZINC","26.51","2024-09-19","272.5","1.0","5","FUTCOM","PE","MCX_FO"
"MCX_FO|431492","431492","SILVER24AUG90000CE","SILVER","436.0","2024-08-27","90000","50.0","30","FUTCOM","CE","MCX_FO"
"MCX_FO|435602","435602","GOLDM24AUG75300PE","GOLD","7703.5","2024-08-27","75300","50.0","100","FUTCOM","PE","MCX_FO"
"MCX_FO|429955","429955","SILVER25FEB86750PE","SILVER","8535.5","2025-02-24","86750","50.0","30","FUTCOM","PE","MCX_FO"
"MCX_FO|434604","434604","SILVER25APR108500CE","SILVER","3059.0","2025-04-24","108500","50.0","30","FUTCOM","CE","MCX_FO"
"MCX_FO|434172","434172","SILVERM25APR102500CE","SILVER","4099.5","2025-04-21","102500","50.0","5","FUTCOM","CE","MCX_FO"
"MCX_FO|428838","428838","GOLD25JAN63000PE","GOLD","2584.5","2025-01-27","63000","50.0","1","FUTCOM","PE","MCX_FO"
"MCX_FO|427382","427382","GOLD24NOV67100PE","GOLD","3190.5","2024-11-26","67100","50.0","1","FUTCOM","PE","MCX_FO"
"MCX_FO|428807","428807","GOLD25JAN64900CE","GOLD","6983.0","2025-01-27","64900","50.0","1","FUTCOM","CE","MCX_FO"
"MCX_FO|437372","437372","GOLDM24SEP67200CE","GOLD","3175.5","2024-09-24","67200","50.0","100","FUTCOM","CE","MCX_FO"
"MCX_FO|434466","434466","GOLD25MAR78300PE","GOLD","11390.5","2025-03-26","78300","50.0","1","FUTCOM","PE","MCX_FO"
"MCX_FO|431440","431440","GOLD24NOV74400CE","GOLD","1722.5","2024-11-26","74400","50.0","1","FUTCOM","CE","MCX_FO"
"MCX_FO|436559","436559","GOLDM24SEP75800PE","GOLD","8229.5","2024-09-24","75800","50.0","100","FUTCOM","PE","MCX_FO"
"MCX_FO|427323","427323","SILVER24NOV80000PE","SILVER","4469.5","2024-11-26","80000","50.0","30","FUTCOM","PE","MCX_FO"
"MCX_FO|436282","436282","NATURALGAS24SEP155PE","NATURALGAS","3.85","2024-09-23","155","5.0","1250","FUTCOM","PE","MCX_FO"
"MCX_FO|437304","437304","GOLD25MAY69000PE","GOLD","6041.5","2025-05-27","69000","50.0","1","FUTCOM","PE","MCX_FO"
"MCX_FO|437566","437566","GOLD25MAR67900CE","GOLD","6205.0","2025-03-26","67900","50.0","1","FUTCOM","CE","MCX_FO"
"MCX_FO|433876","433876","GOLD24SEP76600CE","GOLD","515.0","2024-09-24","76600","50.0","1","FUTCOM","CE","MCX_FO"
"MCX_FO|435926","435926","CRUDEOIL24SEP7600PE","CRUDE OIL","1098.3","2024-09-17","7600","10.0","100","FUTCOM","PE","MCX_FO"
"MCX_FO|436858","436858","SILVER25JUN107250CE","SILVER","4612.0","2025-06-25","107250","50.0","30","FUTCOM","CE","MCX_FO"
"MCX_FO|437901","437901","NATGASMINI24OCT210PE","NATURALGAS","0.0","2024-10-24","210","5.0","250","FUTCOM","PE","MCX_FO"
"MCX_FO|435397","435397","ZINC24SEP280CE","ZINC","3.73","2024-09-19","280","1.0","5","FUTCOM","CE","MCX_FO"
"MCX_FO|435745","435745","GOLD25MAY74300CE","GOLD","4531.0","2025-05-27","74300","50.0","1","FUTCOM","CE","MCX_FO"
"MCX_FO|434920","434920","CRUDEOILM24AUG6750CE","CRUDE OIL","64.65","2024-08-14","6750","5.0","10","FUTCOM","CE","MCX_FO"
"MCX_FO|433339","433339","SILVER24AUG93250PE","SILVER","12185.5","2024-08-27","93250","50.0","30","FUTCOM","PE","MCX_FO"
"MCX_FO|434751","434751","SILVERM25FEB103250CE","SILVER","2663.5","2025-02-19","103250","50.0","5","FUTCOM","CE","MCX_FO"
"MCX_FO|434732","434732","SILVERM24NOV101000CE","SILVER","1223.5","2024-11-20","101000","50.0","5","FUTCOM","CE","MCX_FO"
"MCX_FO|436447","436447","GOLDM24SEP73500CE","GOLD","942.5","2024-09-24","73500","50.0","100","FUTCOM","CE","MCX_FO"
"MCX_FO|437576","437576","GOLD25MAR66900CE","GOLD","6685.5","2025-03-26","66900","50.0","1","FUTCOM","CE","MCX_FO"
"MCX_FO|426868","426868","SILVERM24NOV80750CE","SILVER","7282.5","2024-11-20","80750","50.0","5","FUTCOM","CE","MCX_FO"
"MCX_FO|427367","427367","GOLD24NOV67000CE","GOLD","4500.5","2024-11-26","67000","50.0","1","FUTCOM","CE","MCX_FO"
"MCX_FO|436845","436845","GOLDM24SEP76500PE","GOLD","8834.0","2024-09-24","76500","50.0","100","FUTCOM","PE","MCX_FO"
"MCX_FO|435706","435706","GOLD25MAY71700CE","GOLD","5447.5","2025-05-27","71700","50.0","1","FUTCOM","CE","MCX_FO"
"MCX_FO|433983","433983","SILVER24AUG97500CE","SILVER","123.0","2024-08-27","97500","50.0","30","FUTCOM","CE","MCX_FO"
"MCX_FO|429884","429884","SILVER25FEB76500CE","SILVER","13055.0","2025-02-24","76500","50.0","30","FUTCOM","CE","MCX_FO"
"MCX_FO|431392","431392","SILVERM24AUG88750PE","SILVER","7945.5","2024-08-21","88750","50.0","5","FUTCOM","PE","MCX_FO"
"MCX_FO|437300","437300","GOLD25MAY69400PE","GOLD","6245.0","2025-05-27","69400","50.0","1","FUTCOM","PE","MCX_FO"
"MCX_FO|432194","432194","GOLD25JAN75800PE","GOLD","9419.5","2025-01-27","75800","50.0","1","FUTCOM","PE","MCX_FO"
"MCX_FO|436963","436963","CRUDEOIL24SEP5350CE","CRUDE OIL","1130.4","2024-09-17","5350","10.0","100","FUTCOM","CE","MCX_FO"
"MCX_FO|437600","437600","GOLD25MAR67600PE","GOLD","4901.5","2025-03-26","67600","50.0","1","FUTCOM","PE","MCX_FO"
"MCX_FO|436249","436249","COPPER24OCT850PE","COPPER","56.38","2024-10-22","850","1.0","2500","FUTCOM","PE","MCX_FO"
"MCX_FO|437679","437679","SILVER25APR83000CE","SILVER","10925.5","2025-04-24","83000","50.0","30","FUTCOM","CE","MCX_FO"
"MCX_FO|436180","436180","NATGASMINI24SEP300CE","NATURALGAS","0.35","2024-09-23","300","5.0","250","FUTCOM","CE","MCX_FO"
"MCX_FO|427218","427218","GOLD24NOV62000PE","GOLD","1341.5","2024-11-26","62000","50.0","1","FUTCOM","PE","MCX_FO"
"MCX_FO|434668","434668","SILVER25FEB105750PE","SILVER","21506.0","2025-02-24","105750","50.0","30","FUTCOM","PE","MCX_FO"
"MCX_FO|435112","435112","NATURALGAS24AUG165CE","NATURALGAS","16.75","2024-08-23","165","5.0","1250","FUTCOM","CE","MCX_FO"
"MCX_FO|435222","435222","NATGASMINI24AUG245CE","NATURALGAS","0.15","2024-08-23","245","5.0","250","FUTCOM","CE","MCX_FO"
"MCX_FO|429906","429906","SILVER25FEB87000CE","SILVER","7690.5","2025-02-24","87000","50.0","30","FUTCOM","CE","MCX_FO"
"MCX_FO|437877","437877","NATGASMINI24OCT180CE","NATURALGAS","0.0","2024-10-24","180","5.0","250","FUTCOM","CE","MCX_FO"
"MCX_FO|433373","433373","GOLD24NOV76300CE","GOLD","1299.5","2024-11-26","76300","50.0","1","FUTCOM","CE","MCX_FO"
"MCX_FO|435817","435817","GOLD25MAY75000PE","GOLD","9452.5","2025-05-27","75000","50.0","1","FUTCOM","PE","MCX_FO"
"MCX_FO|427149","427149","GOLD24NOV63500CE","GOLD","6552.0","2024-11-26","63500","50.0","1","FUTCOM","CE","MCX_FO"
"MCX_FO|435967","435967","CRUDEOILM24SEP7100CE","CRUDE OIL","18.45","2024-09-17","7100","5.0","10","FUTCOM","CE","MCX_FO"
"MCX_FO|434049","434049","SILVER24AUG95500PE","SILVER","14280.5","2024-08-27","95500","50.0","30","FUTCOM","PE","MCX_FO"
"MCX_FO|436889","436889","SILVERM25JUN107500PE","SILVER","22506.5","2025-06-19","107500","50.0","5","FUTCOM","PE","MCX_FO"
"MCX_FO|436945","436945","GOLD25MAY79000CE","GOLD","3197.5","2025-05-27","79000","50.0","1","FUTCOM","CE","MCX_FO"
"MCX_FO|429320","429320","GOLD24SEP67600PE","GOLD","2765.0","2024-09-24","67600","50.0","1","FUTCOM","PE","MCX_FO"
"MCX_FO|429938","429938","SILVER25FEB82500PE","SILVER","6400.5","2025-02-24","82500","50.0","30","FUTCOM","PE","MCX_FO"
"MCX_FO|428821","428821","GOLD25JAN62000PE","GOLD","2251.5","2025-01-27","62000","50.0","1","FUTCOM","PE","MCX_FO"
"MCX_FO|435525","435525","GOLDM24AUG73600CE","GOLD","384.5","2024-08-27","73600","50.0","100","FUTCOM","CE","MCX_FO"
"MCX_FO|433403","433403","GOLD24NOV76200PE","GOLD","8944.0","2024-11-26","76200","50.0","1","FUTCOM","PE","MCX_FO"
"MCX_FO|434051","434051","SILVER24AUG96000PE","SILVER","14754.0","2024-08-27","96000","50.0","30","FUTCOM","PE","MCX_FO"
"MCX_FO|434310","434310","CRUDEOIL24AUG6300CE","CRUDE OIL","269.1","2024-08-14","6300","10.0","100","FUTCOM","CE","MCX_FO"
"MCX_FO|430664","430664","SILVER24AUG85500CE","SILVER","977.0","2024-08-27","85500","50.0","30","FUTCOM","CE","MCX_FO"
"MCX_FO|434769","434769","SILVERM25APR106000CE","SILVER","3361.5","2025-04-21","106000","50.0","5","FUTCOM","CE","MCX_FO"
"MCX_FO|437768","437768","SILVERM25APR84750PE","SILVER","6770.0","2025-04-21","84750","50.0","5","FUTCOM","PE","MCX_FO"
"MCX_FO|436095","436095","NATURALGAS24SEP235CE","NATURALGAS","3.1","2024-09-23","235","5.0","1250","FUTCOM","CE","MCX_FO"
"MCX_FO|430601","430601","SILVERM25FEB89000PE","SILVER","9274.0","2025-02-19","89000","50.0","5","FUTCOM","PE","MCX_FO"
"MCX_FO|435320","435320","SILVERM24AUG103750PE","SILVER","22195.5","2024-08-21","103750","50.0","5","FUTCOM","PE","MCX_FO"
"MCX_FO|435209","435209","NATGASMINI24AUG225CE","NATURALGAS","0.6","2024-08-23","225","5.0","250","FUTCOM","CE","MCX_FO"
"MCX_FO|431151","431151","GOLD24SEP72700PE","GOLD","5974.0","2024-09-24","72700","50.0","1","FUTCOM","PE","MCX_FO"
"MCX_FO|437743","437743","SILVERM25APR83750CE","SILVER","10811.0","2025-04-21","83750","50.0","5","FUTCOM","CE","MCX_FO"
"MCX_FO|434365","434365","CRUDEOIL24AUG6050PE","CRUDE OIL","39.5","2024-08-14","6050","10.0","100","FUTCOM","PE","MCX_FO"
"MCX_FO|435543","435543","GOLDM24AUG72100PE","GOLD","4942.5","2024-08-27","72100","50.0","100","FUTCOM","PE","MCX_FO"
"MCX_FO|437164","437164","CRUDEOILM24OCT5950PE","CRUDE OIL","83.85","2024-10-17","5950","5.0","10","FUTCOM","PE","MCX_FO"
"MCX_FO|437148","437148","CRUDEOILM24OCT7700CE","CRUDE OIL","8.95","2024-10-17","7700","5.0","10","FUTCOM","CE","MCX_FO"
"MCX_FO|434018","434018","SILVER25APR101250CE","SILVER","4499.0","2025-04-24","101250","50.0","30","FUTCOM","CE","MCX_FO"
"MCX_FO|427236","427236","GOLD24NOV65500PE","GOLD","2499.0","2024-11-26","65500","50.0","1","FUTCOM","PE","MCX_FO"
"MCX_FO|427983","427983","GOLD24SEP60600PE","GOLD","526.0","2024-09-24","60600","50.0","1","FUTCOM","PE","MCX_FO"
"MCX_FO|436413","436413","GOLD25MAY76900PE","GOLD","10681.0","2025-05-27","76900","50.0","1","FUTCOM","PE","MCX_FO"
"MCX_FO|430054","430054","SILVERM25FEB84000PE","SILVER","6620.0","2025-02-19","84000","50.0","5","FUTCOM","PE","MCX_FO"
"MCX_FO|432098","432098","SILVERM24AUG92750CE","SILVER","252.5","2024-08-21","92750","50.0","5","FUTCOM","CE","MCX_FO"
"MCX_FO|431443","431443","GOLD25JAN74600CE","GOLD","2921.0","2025-01-27","74600","50.0","1","FUTCOM","CE","MCX_FO"
"MCX_FO|426556","426556","GOLD24SEP61100CE","GOLD","7302.5","2024-09-24","61100","50.0","1","FUTCOM","CE","MCX_FO"
"MCX_FO|426824","426824","SILVERM24AUG80750CE","SILVER","3238.5","2024-08-21","80750","50.0","5","FUTCOM","CE","MCX_FO"
"MCX_FO|431564","431564","SILVERM24NOV91500PE","SILVER","10711.0","2024-11-20","91500","50.0","5","FUTCOM","PE","MCX_FO"
"MCX_FO|435169","435169","SILVER25APR110000CE","SILVER","2819.0","2025-04-24","110000","50.0","30","FUTCOM","CE","MCX_FO"
"MCX_FO|427184","427184","GOLD24NOV65700CE","GOLD","5205.0","2024-11-26","65700","50.0","1","FUTCOM","CE","MCX_FO"
"MCX_FO|434236","434236","SILVERM25FEB101500PE","SILVER","17721.0","2025-02-19","101500","50.0","5","FUTCOM","PE","MCX_FO"
"MCX_FO|431113","431113","GOLD25JAN72600CE","GOLD","3548.5","2025-01-27","72600","50.0","1","FUTCOM","CE","MCX_FO"
"MCX_FO|436028","436028","CRUDEOILM24SEP7600PE","CRUDE OIL","1095.8","2024-09-17","7600","5.0","10","FUTCOM","PE","MCX_FO"
"MCX_FO|436588","436588","SILVERM25JUN100000CE","SILVER","6808.0","2025-06-19","100000","50.0","5","FUTCOM","CE","MCX_FO"
"MCX_FO|437360","437360","GOLDM24SEP68400CE","GOLD","2591.0","2024-09-24","68400","50.0","100","FUTCOM","CE","MCX_FO"
"MCX_FO|437540","437540","SILVERM25JUN86750PE","SILVER","9568.5","2025-06-19","86750","50.0","5","FUTCOM","PE","MCX_FO"
"MCX_FO|428183","428183","GOLD24SEP60100CE","GOLD","8131.5","2024-09-24","60100","50.0","1","FUTCOM","CE","MCX_FO"
"MCX_FO|437449","437449","GOLDM24SEP67600PE","GOLD","2544.5","2024-09-24","67600","50.0","100","FUTCOM","PE","MCX_FO"
"MCX_FO|427361","427361","GOLD24SEP66500CE","GOLD","3602.0","2024-09-24","66500","50.0","1","FUTCOM","CE","MCX_FO"
"MCX_FO|436861","436861","SILVER25JUN108000CE","SILVER","4460.0","2025-06-25","108000","50.0","30","FUTCOM","CE","MCX_FO"
"MCX_FO|437243","437243","CRUDEOILM24SEP5250CE","CRUDE OIL","1231.05","2024-09-17","5250","5.0","10","FUTCOM","CE","MCX_FO"
"MCX_FO|437422","437422","GOLDM24AUG67700PE","GOLD","2029.0","2024-08-27","67700","50.0","100","FUTCOM","PE","MCX_FO"
"MCX_FO|435006","435006","CRUDEOIL24AUG5300PE","CRUDE OIL","0.1","2024-08-14","5300","10.0","100","FUTCOM","PE","MCX_FO"
"MCX_FO|427671","427671","SILVER24AUG71500CE","SILVER","10124.0","2024-08-27","71500","50.0","30","FUTCOM","CE","MCX_FO"
"MCX_FO|436616","436616","SILVER25JUN96250CE","SILVER","7442.0","2025-06-25","96250","50.0","30","FUTCOM","CE","MCX_FO"
"MCX_FO|434852","434852","SILVERM25APR105250PE","SILVER","19417.0","2025-04-21","105250","50.0","5","FUTCOM","PE","MCX_FO"
"MCX_FO|433680","433680","SILVERM25APR88500PE","SILVER","8614.5","2025-04-21","88500","50.0","5","FUTCOM","PE","MCX_FO"
"MCX_FO|436023","436023","CRUDEOILM24SEP7350PE","CRUDE OIL","852.5","2024-09-17","7350","5.0","10","FUTCOM","PE","MCX_FO"
"MCX_FO|435920","435920","CRUDEOIL24SEP7300PE","CRUDE OIL","808.2","2024-09-17","7300","10.0","100","FUTCOM","PE","MCX_FO"
"MCX_FO|435917","435917","CRUDEOIL24SEP7150PE","CRUDE OIL","668.3","2024-09-17","7150","10.0","100","FUTCOM","PE","MCX_FO"
"MCX_FO|432409","432409","GOLD25MAR70200CE","GOLD","5198.5","2025-03-26","70200","50.0","1","FUTCOM","CE","MCX_FO"
"MCX_FO|434917","434917","CRUDEOILM24AUG5350CE","CRUDE OIL","1214.25","2024-08-14","5350","5.0","10","FUTCOM","CE","MCX_FO"
"MCX_FO|435925","435925","CRUDEOIL24SEP7550PE","CRUDE OIL","1049.4","2024-09-17","7550","10.0","100","FUTCOM","PE","MCX_FO"
"MCX_FO|436227","436227","COPPER24SEP775PE","COPPER","14.25","2024-09-19","775","1.0","2500","FUTCOM","PE","MCX_FO"
"MCX_FO|433608","433608","SILVERM25APR89500CE","SILVER","8182.0","2025-04-21","89500","50.0","5","FUTCOM","CE","MCX_FO"
"MCX_FO|437286","437286","GOLD25MAY69300CE","GOLD","6419.0","2025-05-27","69300","50.0","1","FUTCOM","CE","MCX_FO"
"MCX_FO|428137","428137","SILVER24AUG68250PE","SILVER","119.5","2024-08-27","68250","50.0","30","FUTCOM","PE","MCX_FO"
"MCX_FO|427319","427319","SILVER24NOV74250PE","SILVER","2375.0","2024-11-26","74250","50.0","30","FUTCOM","PE","MCX_FO"
"MCX_FO|436943","436943","GOLD25MAY78800CE","GOLD","3246.5","2025-05-27","78800","50.0","1","FUTCOM","CE","MCX_FO"
"MCX_FO|437032","437032","CRUDEOIL24OCT5700PE","CRUDE OIL","6.4","2024-10-17","5700","10.0","100","FUTCOM","PE","MCX_FO"
"MCX_FO|434168","434168","SILVERM25APR101500CE","SILVER","4335.0","2025-04-21","101500","50.0","5","FUTCOM","CE","MCX_FO"
"MCX_FO|434826","434826","SILVERM24NOV103000PE","SILVER","19905.5","2024-11-20","103000","50.0","5","FUTCOM","PE","MCX_FO"
"MCX_FO|432197","432197","GOLD25JAN76100PE","GOLD","9631.0","2025-01-27","76100","50.0","1","FUTCOM","PE","MCX_FO"
"MCX_FO|433705","433705","SILVERM25APR95000PE","SILVER","12349.5","2025-04-21","95000","50.0","5","FUTCOM","PE","MCX_FO"
"MCX_FO|434010","434010","SILVER25FEB101500CE","SILVER","3316.0","2025-02-24","101500","50.0","30","FUTCOM","CE","MCX_FO"
"MCX_FO|436020","436020","CRUDEOILM24SEP7200PE","CRUDE OIL","710.2","2024-09-17","7200","5.0","10","FUTCOM","PE","MCX_FO"
"MCX_FO|437016","437016","CRUDEOIL24SEP5300PE","CRUDE OIL","0.2","2024-09-17","5300","10.0","100","FUTCOM","PE","MCX_FO"
"MCX_FO|437279","437279","GOLD25MAR68300CE","GOLD","6020.5","2025-03-26","68300","50.0","1","FUTCOM","CE","MCX_FO"
"MCX_FO|437751","437751","SILVERM25JUN86000CE","SILVER","11833.5","2025-06-19","86000","50.0","5","FUTCOM","CE","MCX_FO"
"MCX_FO|434145","434145","SILVERM24NOV99000CE","SILVER","1496.5","2024-11-20","99000","50.0","5","FUTCOM","CE","MCX_FO"
"MCX_FO|427421","427421","GOLD24SEP66800PE","GOLD","2381.5","2024-09-24","66800","50.0","1","FUTCOM","PE","MCX_FO"
"MCX_FO|437442","437442","GOLDM24SEP68300PE","GOLD","2901.5","2024-09-24","68300","50.0","100","FUTCOM","PE","MCX_FO"
"MCX_FO|432006","432006","GOLD25MAR73700PE","GOLD","8287.0","2025-03-26","73700","50.0","1","FUTCOM","PE","MCX_FO"
"MCX_FO|437276","437276","CRUDEOIL24SEP5150PE","CRUDE OIL","0.1","2024-09-17","5150","10.0","100","FUTCOM","PE","MCX_FO"
"MCX_FO|431544","431544","SILVERM25FEB94250CE","SILVER","4771.5","2025-02-19","94250","50.0","5","FUTCOM","CE","MCX_FO"
"MCX_FO|437924","437924","NATGASMINI24OCT280PE","NATURALGAS","0.0","2024-10-24","280","5.0","250","FUTCOM","PE","MCX_FO"
"MCX_FO|434799","434799","SILVERM24AUG99000PE","SILVER","17503.0","2024-08-21","99000","50.0","5","FUTCOM","PE","MCX_FO"
"MCX_FO|426640","426640","GOLD24SEP62700PE","GOLD","949.0","2024-09-24","62700","50.0","1","FUTCOM","PE","MCX_FO"
"MCX_FO|432163","432163","GOLD25MAR75900CE","GOLD","3248.0","2025-03-26","75900","50.0","1","FUTCOM","CE","MCX_FO"
"MCX_FO|436226","436226","COPPER24SEP780PE","COPPER","16.09","2024-09-19","780","1.0","2500","FUTCOM","PE","MCX_FO"
"MCX_FO|434931","434931","CRUDEOILM24AUG7300CE","CRUDE OIL","0.9","2024-08-14","7300","5.0","10","FUTCOM","CE","MCX_FO"
"MCX_FO|431664","431664","SILVER24NOV93250PE","SILVER","12343.0","2024-11-26","93250","50.0","30","FUTCOM","PE","MCX_FO"
"MCX_FO|434720","434720","SILVERM24AUG100750CE","SILVER","23.5","2024-08-21","100750","50.0","5","FUTCOM","CE","MCX_FO"
"MCX_FO|431099","431099","GOLD24NOV72800CE","GOLD","2160.0","2024-11-26","72800","50.0","1","FUTCOM","CE","MCX_FO"
"MCX_FO|437473","437473","SILVER25JUN90000CE","SILVER","9641.5","2025-06-25","90000","50.0","30","FUTCOM","CE","MCX_FO"
"MCX_FO|436130","436130","NATURALGAS24SEP210PE","NATURALGAS","30.95","2024-09-23","210","5.0","1250","FUTCOM","PE","MCX_FO"
"MCX_FO|436627","436627","SILVER25JUN100500CE","SILVER","6205.5","2025-06-25","100500","50.0","30","FUTCOM","CE","MCX_FO"
"MCX_FO|427702","427702","SILVER24NOV73000CE","SILVER","12277.5","2024-11-26","73000","50.0","30","FUTCOM","CE","MCX_FO"
"MCX_FO|426901","426901","SILVERM24AUG74750PE","SILVER","625.5","2024-08-21","74750","50.0","5","FUTCOM","PE","MCX_FO"
"MCX_FO|430744","430744","GOLD24NOV71400CE","GOLD","2611.5","2024-11-26","71400","50.0","1","FUTCOM","CE","MCX_FO"
"MCX_FO|437025","437025","CRUDEOIL24OCT6050PE","CRUDE OIL","44.3","2024-10-17","6050","10.0","100","FUTCOM","PE","MCX_FO"
"MCX_FO|431938","431938","GOLD25MAR73300CE","GOLD","4047.0","2025-03-26","73300","50.0","1","FUTCOM","CE","MCX_FO"
"MCX_FO|435853","435853","CRUDEOIL24SEP5550CE","CRUDE OIL","933.8","2024-09-17","5550","10.0","100","FUTCOM","CE","MCX_FO"
"MCX_FO|436982","436982","CRUDEOIL24OCT5600CE","CRUDE OIL","799.1","2024-10-17","5600","10.0","100","FUTCOM","CE","MCX_FO"
"MCX_FO|434101","434101","SILVER25APR103500PE","SILVER","19551.0","2025-04-24","103500","50.0","30","FUTCOM","PE","MCX_FO"
"MCX_FO|437543","437543","CRUDEOILM24OCT5200CE","CRUDE OIL","1183.65","2024-10-17","5200","5.0","10","FUTCOM","CE","MCX_FO"
"MCX_FO|429552","429552","GOLD24SEP69100CE","GOLD","2362.5","2024-09-24","69100","50.0","1","FUTCOM","CE","MCX_FO"
"MCX_FO|427208","427208","GOLD24NOV63000PE","GOLD","1624.0","2024-11-26","63000","50.0","1","FUTCOM","PE","MCX_FO"
"MCX_FO|426756","426756","SILVER24AUG73500PE","SILVER","628.0","2024-08-27","73500","50.0","30","FUTCOM","PE","MCX_FO"
"MCX_FO|437425","437425","GOLDM24AUG67400PE","GOLD","1880.0","2024-08-27","67400","50.0","100","FUTCOM","PE","MCX_FO"
"MCX_FO|432076","432076","SILVER24AUG92250PE","SILVER","11278.0","2024-08-27","92250","50.0","30","FUTCOM","PE","MCX_FO"
"MCX_FO|434435","434435","GOLD25MAR78400CE","GOLD","2607.5","2025-03-26","78400","50.0","1","FUTCOM","CE","MCX_FO"
"MCX_FO|436821","436821","GOLD25MAY78700PE","GOLD","11903.0","2025-05-27","78700","50.0","1","FUTCOM","PE","MCX_FO"
"MCX_FO|434250","434250","SILVERM25APR103500PE","SILVER","18123.0","2025-04-21","103500","50.0","5","FUTCOM","PE","MCX_FO"
"MCX_FO|435822","435822","GOLD25MAY75500PE","GOLD","9769.5","2025-05-27","75500","50.0","1","FUTCOM","PE","MCX_FO"
"MCX_FO|437027","437027","CRUDEOIL24OCT5950PE","CRUDE OIL","27.4","2024-10-17","5950","10.0","100","FUTCOM","PE","MCX_FO"
"MCX_FO|434553","434553","SILVER24AUG102750CE","SILVER","30.0","2024-08-27","102750","50.0","30","FUTCOM","CE","MCX_FO"
"MCX_FO|435576","435576","GOLDM24AUG73700PE","GOLD","6275.5","2024-08-27","73700","50.0","100","FUTCOM","PE","MCX_FO"
"MCX_FO|437707","437707","SILVER25APR84000PE","SILVER","7506.5","2025-04-24","84000","50.0","30","FUTCOM","PE","MCX_FO"
"MCX_FO|426850","426850","SILVERM24NOV76500CE","SILVER","9776.5","2024-11-20","76500","50.0","5","FUTCOM","CE","MCX_FO"
"MCX_FO|435759","435759","GOLD25MAY71400PE","GOLD","7315.5","2025-05-27","71400","50.0","1","FUTCOM","PE","MCX_FO"
"MCX_FO|435886","435886","CRUDEOIL24SEP6450PE","CRUDE OIL","156.4","2024-09-17","6450","10.0","100","FUTCOM","PE","MCX_FO"
"MCX_FO|437855","437855","NATURALGAS24OCT275PE","NATURALGAS","0.0","2024-10-24","275","5.0","1250","FUTCOM","PE","MCX_FO"
"MCX_FO|427312","427312","SILVER24NOV76000PE","SILVER","2924.5","2024-11-26","76000","50.0","30","FUTCOM","PE","MCX_FO"
"MCX_FO|436641","436641","SILVER25JUN104000CE","SILVER","5326.5","2025-06-25","104000","50.0","30","FUTCOM","CE","MCX_FO"
"MCX_FO|428429","428429","GOLD24NOV58700PE","GOLD","654.0","2024-11-26","58700","50.0","1","FUTCOM","PE","MCX_FO"
"MCX_FO|433817","433817","SILVERM25APR100000PE","SILVER","15637.0","2025-04-21","100000","50.0","5","FUTCOM","PE","MCX_FO"
"MCX_FO|431007","431007","SILVERM24NOV89250CE","SILVER","3704.0","2024-11-20","89250","50.0","5","FUTCOM","CE","MCX_FO"
"MCX_FO|431920","431920","GOLD25MAR71600CE","GOLD","4650.5","2025-03-26","71600","50.0","1","FUTCOM","CE","MCX_FO"
"MCX_FO|435773","435773","GOLD25MAY70000PE","GOLD","6557.0","2025-05-27","70000","50.0","1","FUTCOM","PE","MCX_FO"
"MCX_FO|437812","437812","NATURALGAS24OCT165CE","NATURALGAS","0.0","2024-10-24","165","5.0","1250","FUTCOM","CE","MCX_FO"
"MCX_FO|436902","436902","GOLD24NOV77600PE","GOLD","10055.0","2024-11-26","77600","50.0","1","FUTCOM","PE","MCX_FO"
"MCX_FO|429998","429998","SILVERM25FEB82500CE","SILVER","9433.0","2025-02-19","82500","50.0","5","FUTCOM","CE","MCX_FO"
"MCX_FO|429893","429893","SILVER25FEB83750CE","SILVER","9131.5","2025-02-24","83750","50.0","30","FUTCOM","CE","MCX_FO"
"MCX_FO|430097","430097","SILVERM25FEB87250PE","SILVER","8292.5","2025-02-19","87250","50.0","5","FUTCOM","PE","MCX_FO"
"MCX_FO|434809","434809","SILVERM24AUG101500PE","SILVER","19967.5","2024-08-21","101500","50.0","5","FUTCOM","PE","MCX_FO"
"MCX_FO|427699","427699","SILVER24AUG70250CE","SILVER","11250.0","2024-08-27","70250","50.0","30","FUTCOM","CE","MCX_FO"
"MCX_FO|436076","436076","NATURALGAS24SEP245CE","NATURALGAS","2.1","2024-09-23","245","5.0","1250","FUTCOM","CE","MCX_FO"
"MCX_FO|431437","431437","GOLD24NOV74100CE","GOLD","1798.5","2024-11-26","74100","50.0","1","FUTCOM","CE","MCX_FO"
"MCX_FO|436011","436011","CRUDEOILM24SEP5500PE","CRUDE OIL","0.8","2024-09-17","5500","5.0","10","FUTCOM","PE","MCX_FO"
"MCX_FO|435627","435627","GOLDM24AUG69500PE","GOLD","3063.5","2024-08-27","69500","50.0","100","FUTCOM","PE","MCX_FO"
"MCX_FO|436474","436474","GOLDM24SEP72700PE","GOLD","5735.0","2024-09-24","72700","50.0","100","FUTCOM","PE","MCX_FO"
"MCX_FO|434076","434076","SILVER24NOV100250PE","SILVER","17855.0","2024-11-26","100250","50.0","30","FUTCOM","PE","MCX_FO"
"MCX_FO|437197","437197","CRUDEOILM24OCT7550PE","CRUDE OIL","1146.75","2024-10-17","7550","5.0","10","FUTCOM","PE","MCX_FO"
"MCX_FO|433993","433993","SILVER24NOV98000CE","SILVER","1853.0","2024-11-26","98000","50.0","30","FUTCOM","CE","MCX_FO"
"MCX_FO|431906","431906","GOLD24NOV75300CE","GOLD","1510.0","2024-11-26","75300","50.0","1","FUTCOM","CE","MCX_FO"
"MCX_FO|430005","430005","SILVERM25FEB84250CE","SILVER","8577.5","2025-02-19","84250","50.0","5","FUTCOM","CE","MCX_FO"
"MCX_FO|430026","430026","SILVERM25FEB76000PE","SILVER","3388.5","2025-02-19","76000","50.0","5","FUTCOM","PE","MCX_FO"
"MCX_FO|436975","436975","CRUDEOIL24OCT5950CE","CRUDE OIL","479.0","2024-10-17","5950","10.0","100","FUTCOM","CE","MCX_FO"
"MCX_FO|433692","433692","SILVERM25APR85500PE","SILVER","7120.0","2025-04-21","85500","50.0","5","FUTCOM","PE","MCX_FO"
"MCX_FO|437141","437141","CRUDEOILM24OCT7350CE","CRUDE OIL","26.15","2024-10-17","7350","5.0","10","FUTCOM","CE","MCX_FO"
"MCX_FO|437591","437591","GOLD25MAY67400CE","GOLD","7278.5","2025-05-27","67400","50.0","1","FUTCOM","CE","MCX_FO"
"MCX_FO|433472","433472","SILVER25APR89500CE","SILVER","8092.0","2025-04-24","89500","50.0","30","FUTCOM","CE","MCX_FO"
"MCX_FO|427304","427304","SILVER24NOV78000PE","SILVER","3646.5","2024-11-26","78000","50.0","30","FUTCOM","PE","MCX_FO"
"MCX_FO|428422","428422","GOLD24SEP58500PE","GOLD","265.0","2024-09-24","58500","50.0","1","FUTCOM","PE","MCX_FO"
"MCX_FO|434665","434665","SILVER25FEB105000PE","SILVER","20910.5","2025-02-24","105000","50.0","30","FUTCOM","PE","MCX_FO"
"MCX_FO|437882","437882","NATGASMINI24OCT155CE","NATURALGAS","0.0","2024-10-24","155","5.0","250","FUTCOM","CE","MCX_FO"
"MCX_FO|428145","428145","SILVERM24AUG68250PE","SILVER","60.0","2024-08-21","68250","50.0","5","FUTCOM","PE","MCX_FO"
"MCX_FO|428745","428745","SILVERM24NOV69000PE","SILVER","967.5","2024-11-20","69000","50.0","5","FUTCOM","PE","MCX_FO"
"MCX_FO|427286","427286","SILVER24NOV83250CE","SILVER","6268.0","2024-11-26","83250","50.0","30","FUTCOM","CE","MCX_FO"
"MCX_FO|429737","429737","GOLD24SEP69800PE","GOLD","3994.5","2024-09-24","69800","50.0","1","FUTCOM","PE","MCX_FO"
"MCX_FO|426669","426669","GOLD24SEP64700PE","GOLD","1539.0","2024-09-24","64700","50.0","1","FUTCOM","PE","MCX_FO"
"MCX_FO|431981","431981","GOLD25MAR71900PE","GOLD","7195.0","2025-03-26","71900","50.0","1","FUTCOM","PE","MCX_FO"
"MCX_FO|429897","429897","SILVER25FEB84750CE","SILVER","8667.5","2025-02-24","84750","50.0","30","FUTCOM","CE","MCX_FO"
"MCX_FO|429582","429582","GOLD24SEP68700PE","GOLD","3348.0","2024-09-24","68700","50.0","1","FUTCOM","PE","MCX_FO"
"MCX_FO|431667","431667","SILVER25FEB95250PE","SILVER","13726.5","2025-02-24","95250","50.0","30","FUTCOM","PE","MCX_FO"
"MCX_FO|437172","437172","CRUDEOILM24OCT5550PE","CRUDE OIL","20.95","2024-10-17","5550","5.0","10","FUTCOM","PE","MCX_FO"
"MCX_FO|433674","433674","SILVERM25APR90000PE","SILVER","9418.0","2025-04-21","90000","50.0","5","FUTCOM","PE","MCX_FO"
"MCX_FO|437452","437452","GOLDM24SEP67300PE","GOLD","2400.5","2024-09-24","67300","50.0","100","FUTCOM","PE","MCX_FO"
"MCX_FO|426810","426810","SILVERM24AUG72500CE","SILVER","9210.0","2024-08-21","72500","50.0","5","FUTCOM","CE","MCX_FO"
"MCX_FO|437625","437625","GOLD25MAY67100PE","GOLD","5124.0","2025-05-27","67100","50.0","1","FUTCOM","PE","MCX_FO"
"MCX_FO|436151","436151","NATURALGAS24SEP310PE","NATURALGAS","122.5","2024-09-23","310","5.0","1250","FUTCOM","PE","MCX_FO"
"MCX_FO|433393","433393","GOLD25MAR77100CE","GOLD","2926.0","2025-03-26","77100","50.0","1","FUTCOM","CE","MCX_FO"
"MCX_FO|436916","436916","NATURALGAS24SEP115PE","NATURALGAS","0.15","2024-09-23","115","5.0","1250","FUTCOM","PE","MCX_FO"
"MCX_FO|435280","435280","SILVER25FEB108750CE","SILVER","2095.0","2025-02-24","108750","50.0","30","FUTCOM","CE","MCX_FO"
"MCX_FO|431357","431357","SILVER24AUG89250PE","SILVER","8677.5","2024-08-27","89250","50.0","30","FUTCOM","PE","MCX_FO"
"MCX_FO|426786","426786","SILVER24AUG83750PE","SILVER","4617.0","2024-08-27","83750","50.0","30","FUTCOM","PE","MCX_FO"
"MCX_FO|426673","426673","GOLD24SEP65100PE","GOLD","1681.0","2024-09-24","65100","50.0","1","FUTCOM","PE","MCX_FO"
"MCX_FO|434207","434207","SILVERM24AUG98000PE","SILVER","16523.5","2024-08-21","98000","50.0","5","FUTCOM","PE","MCX_FO"
"MCX_FO|433421","433421","GOLD25MAR76800PE","GOLD","10332.5","2025-03-26","76800","50.0","1","FUTCOM","PE","MCX_FO"
"MCX_FO|429284","429284","GOLD24NOV68600CE","GOLD","3726.5","2024-11-26","68600","50.0","1","FUTCOM","CE","MCX_FO"
"MCX_FO|434986","434986","CRUDEOILM24AUG7550PE","CRUDE OIL","977.25","2024-08-14","7550","5.0","10","FUTCOM","PE","MCX_FO"
"MCX_FO|427224","427224","GOLD24NOV64200PE","GOLD","2013.5","2024-11-26","64200","50.0","1","FUTCOM","PE","MCX_FO"
"MCX_FO|434433","434433","GOLD25MAR78200CE","GOLD","2654.5","2025-03-26","78200","50.0","1","FUTCOM","CE","MCX_FO"
"MCX_FO|427249","427249","SILVER24NOV79250CE","SILVER","8297.5","2024-11-26","79250","50.0","30","FUTCOM","CE","MCX_FO"
"MCX_FO|436560","436560","GOLDM24SEP75900PE","GOLD","8315.0","2024-09-24","75900","50.0","100","FUTCOM","PE","MCX_FO"
"MCX_FO|433539","433539","SILVER25APR89250PE","SILVER","10228.5","2025-04-24","89250","50.0","30","FUTCOM","PE","MCX_FO"
"MCX_FO|428185","428185","GOLD24NOV60200CE","GOLD","8916.5","2024-11-26","60200","50.0","1","FUTCOM","CE","MCX_FO"
"MCX_FO|436044","436044","CRUDEOILM24SEP5450PE","CRUDE OIL","0.5","2024-09-17","5450","5.0","10","FUTCOM","PE","MCX_FO"
"MCX_FO|430746","430746","GOLD24NOV71600CE","GOLD","2542.5","2024-11-26","71600","50.0","1","FUTCOM","CE","MCX_FO"
"MCX_FO|434607","434607","SILVER25APR109250CE","SILVER","2937.0","2025-04-24","109250","50.0","30","FUTCOM","CE","MCX_FO"
"MCX_FO|429210","429210","GOLD25JAN68100PE","GOLD","4750.0","2025-01-27","68100","50.0","1","FUTCOM","PE","MCX_FO"
"MCX_FO|434734","434734","SILVERM24NOV101500CE","SILVER","1162.5","2024-11-20","101500","50.0","5","FUTCOM","CE","MCX_FO"
"MCX_FO|427404","427404","SILVERM24AUG85000CE","SILVER","1058.0","2024-08-21","85000","50.0","5","FUTCOM","CE","MCX_FO"
"MCX_FO|433771","433771","SILVER24NOV96250PE","SILVER","14617.5","2024-11-26","96250","50.0","30","FUTCOM","PE","MCX_FO"
"MCX_FO|435876","435876","CRUDEOIL24SEP7650CE","CRUDE OIL","1.4","2024-09-17","7650","10.0","100","FUTCOM","CE","MCX_FO"
"MCX_FO|434906","434906","CRUDEOILM24AUG5900CE","CRUDE OIL","667.15","2024-08-14","5900","5.0","10","FUTCOM","CE","MCX_FO"
"MCX_FO|436031","436031","CRUDEOILM24SEP7750PE","CRUDE OIL","1243.45","2024-09-17","7750","5.0","10","FUTCOM","PE","MCX_FO"
"MCX_FO|432784","432784","GOLD25MAR68500PE","GOLD","5343.0","2025-03-26","68500","50.0","1","FUTCOM","PE","MCX_FO"
"MCX_FO|430495","430495","SILVERM25FEB88750PE","SILVER","9130.5","2025-02-19","88750","50.0","5","FUTCOM","PE","MCX_FO"
"MCX_FO|436530","436530","GOLDM24SEP70400CE","GOLD","1793.0","2024-09-24","70400","50.0","100","FUTCOM","CE","MCX_FO"
"MCX_FO|433410","433410","GOLD25JAN76400PE","GOLD","9845.0","2025-01-27","76400","50.0","1","FUTCOM","PE","MCX_FO"
"MCX_FO|429979","429979","SILVERM25FEB75250CE","SILVER","13628.0","2025-02-19","75250","50.0","5","FUTCOM","CE","MCX_FO"
"MCX_FO|431178","431178","GOLD25JAN72500PE","GOLD","7229.0","2025-01-27","72500","50.0","1","FUTCOM","PE","MCX_FO"
"MCX_FO|435153","435153","NATURALGAS24AUG285PE","NATURALGAS","108.6","2024-08-23","285","5.0","1250","FUTCOM","PE","MCX_FO"
"MCX_FO|426536","426536","GOLD24SEP63100CE","GOLD","5767.0","2024-09-24","63100","50.0","1","FUTCOM","CE","MCX_FO"
"MCX_FO|437794","437794","SILVERM25JUN82500PE","SILVER","7559.5","2025-06-19","82500","50.0","5","FUTCOM","PE","MCX_FO"
"MCX_FO|433693","433693","SILVERM25APR92000PE","SILVER","10545.0","2025-04-21","92000","50.0","5","FUTCOM","PE","MCX_FO"
"MCX_FO|427287","427287","SILVER24NOV83500CE","SILVER","6154.5","2024-11-26","83500","50.0","30","FUTCOM","CE","MCX_FO"
"MCX_FO|435306","435306","SILVERM24NOV105750CE","SILVER","744.5","2024-11-20","105750","50.0","5","FUTCOM","CE","MCX_FO"
"MCX_FO|437496","437496","SILVER25JUN88750PE","SILVER","10348.0","2025-06-25","88750","50.0","30","FUTCOM","PE","MCX_FO"
"MCX_FO|436556","436556","GOLDM24SEP76200CE","GOLD","502.0","2024-09-24","76200","50.0","100","FUTCOM","CE","MCX_FO"
"MCX_FO|437888","437888","NATGASMINI24OCT250CE","NATURALGAS","0.0","2024-10-24","250","5.0","250","FUTCOM","CE","MCX_FO"
"MCX_FO|430870","430870","SILVER24AUG86500PE","SILVER","5869.0","2024-08-27","86500","50.0","30","FUTCOM","PE","MCX_FO"
"MCX_FO|430997","430997","SILVER24NOV90500PE","SILVER","10396.5","2024-11-26","90500","50.0","30","FUTCOM","PE","MCX_FO"
"MCX_FO|436840","436840","GOLDM24AUG76500PE","GOLD","8818.5","2024-08-27","76500","50.0","100","FUTCOM","PE","MCX_FO"
"MCX_FO|427169","427169","GOLD24NOV64100CE","GOLD","6165.5","2024-11-26","64100","50.0","1","FUTCOM","CE","MCX_FO"
"MCX_FO|435114","435114","NATURALGAS24AUG235CE","NATURALGAS","1.1","2024-08-23","235","5.0","1250","FUTCOM","CE","MCX_FO"
"MCX_FO|434253","434253","SILVERM25APR104250PE","SILVER","18674.0","2025-04-21","104250","50.0","5","FUTCOM","PE","MCX_FO"
"MCX_FO|429194","429194","GOLD25JAN67700CE","GOLD","5534.5","2025-01-27","67700","50.0","1","FUTCOM","CE","MCX_FO"
"MCX_FO|437845","437845","NATURALGAS24OCT150PE","NATURALGAS","0.0","2024-10-24","150","5.0","1250","FUTCOM","PE","MCX_FO"
"MCX_FO|427219","427219","GOLD24NOV61900PE","GOLD","1315.0","2024-11-26","61900","50.0","1","FUTCOM","PE","MCX_FO"
"MCX_FO|434692","434692","SILVER25APR108750PE","SILVER","23549.0","2025-04-24","108750","50.0","30","FUTCOM","PE","MCX_FO"
"MCX_FO|427308","427308","SILVER24NOV77000PE","SILVER","3273.0","2024-11-26","77000","50.0","30","FUTCOM","PE","MCX_FO"
"MCX_FO|436728","436728","SILVERM25JUN100500CE","SILVER","6669.5","2025-06-19","100500","50.0","5","FUTCOM","CE","MCX_FO"
"MCX_FO|429282","429282","GOLD24NOV68400CE","GOLD","3817.5","2024-11-26","68400","50.0","1","FUTCOM","CE","MCX_FO"
"MCX_FO|430858","430858","SILVER25FEB89250CE","SILVER","6802.0","2025-02-24","89250","50.0","30","FUTCOM","CE","MCX_FO"
"MCX_FO|427199","427199","GOLD24NOV63900PE","GOLD","1910.5","2024-11-26","63900","50.0","1","FUTCOM","PE","MCX_FO"
"MCX_FO|435505","435505","GOLDM24AUG70900CE","GOLD","903.0","2024-08-27","70900","50.0","100","FUTCOM","CE","MCX_FO"
"MCX_FO|426985","426985","SILVERM24NOV85000PE","SILVER","6586.0","2024-11-20","85000","50.0","5","FUTCOM","PE","MCX_FO"
"MCX_FO|433592","433592","SILVERM24AUG94250CE","SILVER","168.0","2024-08-21","94250","50.0","5","FUTCOM","CE","MCX_FO"
"MCX_FO|433573","433573","SILVER25APR95500PE","SILVER","14002.0","2025-04-24","95500","50.0","30","FUTCOM","PE","MCX_FO"
"MCX_FO|437792","437792","SILVERM25JUN83000PE","SILVER","7782.5","2025-06-19","83000","50.0","5","FUTCOM","PE","MCX_FO"
"MCX_FO|435395","435395","ZINC24SEP275CE","ZINC","4.72","2024-09-19","275","1.0","5","FUTCOM","CE","MCX_FO"
"MCX_FO|436960","436960","COPPER24OCT795CE","COPPER","49.21","2024-10-22","795","1.0","2500","FUTCOM","CE","MCX_FO"
"MCX_FO|436482","436482","GOLDM24SEP71900PE","GOLD","5150.5","2024-09-24","71900","50.0","100","FUTCOM","PE","MCX_FO"
"MCX_FO|435185","435185","SILVERM24NOV104750CE","SILVER","828.0","2024-11-20","104750","50.0","5","FUTCOM","CE","MCX_FO"
"MCX_FO|427566","427566","GOLD24NOV67600PE","GOLD","3428.0","2024-11-26","67600","50.0","1","FUTCOM","PE","MCX_FO"
"MCX_FO|434724","434724","SILVERM24AUG101750CE","SILVER","17.0","2024-08-21","101750","50.0","5","FUTCOM","CE","MCX_FO"
"MCX_FO|436355","436355","CRUDEOILM24AUG8150CE","CRUDE OIL","0.05","2024-08-14","8150","5.0","10","FUTCOM","CE","MCX_FO"
"MCX_FO|431462","431462","GOLD25JAN74700PE","GOLD","8660.5","2025-01-27","74700","50.0","1","FUTCOM","PE","MCX_FO"
"MCX_FO|435384","435384","COPPER24SEP920PE","COPPER","119.46","2024-09-19","920","1.0","2500","FUTCOM","PE","MCX_FO"
"MCX_FO|435998","435998","CRUDEOILM24SEP6150PE","CRUDE OIL","48.1","2024-09-17","6150","5.0","10","FUTCOM","PE","MCX_FO"
"MCX_FO|436698","436698","SILVER25JUN105750PE","SILVER","21065.0","2025-06-25","105750","50.0","30","FUTCOM","PE","MCX_FO"
"MCX_FO|434425","434425","GOLD25JAN77700CE","GOLD","2130.5","2025-01-27","77700","50.0","1","FUTCOM","CE","MCX_FO"
"MCX_FO|437195","437195","CRUDEOILM24OCT7450PE","CRUDE OIL","1053.45","2024-10-17","7450","5.0","10","FUTCOM","PE","MCX_FO"
"MCX_FO|433887","433887","GOLD25MAR77700CE","GOLD","2775.0","2025-03-26","77700","50.0","1","FUTCOM","CE","MCX_FO"
"MCX_FO|433005","433005","COPPER24AUG880CE","COPPER","0.18","2024-08-21","880","1.0","2500","FUTCOM","CE","MCX_FO"
"MCX_FO|428141","428141","SILVERM24AUG68000CE","SILVER","13429.5","2024-08-21","68000","50.0","5","FUTCOM","CE","MCX_FO"
"MCX_FO|434752","434752","SILVERM25FEB103500CE","SILVER","2619.0","2025-02-19","103500","50.0","5","FUTCOM","CE","MCX_FO"
"MCX_FO|430039","430039","SILVERM25FEB80250PE","SILVER","4946.0","2025-02-19","80250","50.0","5","FUTCOM","PE","MCX_FO"
"MCX_FO|435914","435914","CRUDEOIL24SEP7000PE","CRUDE OIL","534.9","2024-09-17","7000","10.0","100","FUTCOM","PE","MCX_FO"
"MCX_FO|429988","429988","SILVERM25FEB80000CE","SILVER","10761.0","2025-02-19","80000","50.0","5","FUTCOM","CE","MCX_FO"
"MCX_FO|434327","434327","CRUDEOIL24AUG5450CE","CRUDE OIL","1117.7","2024-08-14","5450","10.0","100","FUTCOM","CE","MCX_FO"
"MCX_FO|429889","429889","SILVER25FEB82750CE","SILVER","9613.5","2025-02-24","82750","50.0","30","FUTCOM","CE","MCX_FO"
"MCX_FO|435950","435950","CRUDEOILM24SEP6000CE","CRUDE OIL","512.15","2024-09-17","6000","5.0","10","FUTCOM","CE","MCX_FO"
"MCX_FO|436663","436663","SILVER25JUN97000PE","SILVER","15146.0","2025-06-25","97000","50.0","30","FUTCOM","PE","MCX_FO"
"MCX_FO|436721","436721","SILVERM25JUN95000CE","SILVER","8338.0","2025-06-19","95000","50.0","5","FUTCOM","CE","MCX_FO"
"MCX_FO|428992","428992","GOLD25JAN66400PE","GOLD","3941.0","2025-01-27","66400","50.0","1","FUTCOM","PE","MCX_FO"
"MCX_FO|436687","436687","SILVER25JUN103000PE","SILVER","19124.0","2025-06-25","103000","50.0","30","FUTCOM","PE","MCX_FO"
"MCX_FO|429933","429933","SILVER25FEB76750PE","SILVER","4051.0","2025-02-24","76750","50.0","30","FUTCOM","PE","MCX_FO"
"MCX_FO|429927","429927","SILVER25FEB78250PE","SILVER","4603.5","2025-02-24","78250","50.0","30","FUTCOM","PE","MCX_FO"
"MCX_FO|435343","435343","ZINC24SEP267.5CE","ZINC","6.6","2024-09-19","267.5","1.0","5","FUTCOM","CE","MCX_FO"
"MCX_FO|435539","435539","GOLDM24AUG75000CE","GOLD","71.5","2024-08-27","75000","50.0","100","FUTCOM","CE","MCX_FO"
"MCX_FO|437476","437476","SILVER25JUN89250CE","SILVER","9938.5","2025-06-25","89250","50.0","30","FUTCOM","CE","MCX_FO"
"MCX_FO|434950","434950","CRUDEOILM24AUG6200PE","CRUDE OIL","70.35","2024-08-14","6200","5.0","10","FUTCOM","PE","MCX_FO"
"MCX_FO|430748","430748","GOLD24NOV71800CE","GOLD","2475.5","2024-11-26","71800","50.0","1","FUTCOM","CE","MCX_FO"
"MCX_FO|436319","436319","NATGASMINI24SEP150PE","NATURALGAS","3.2","2024-09-23","150","5.0","250","FUTCOM","PE","MCX_FO"
"MCX_FO|436298","436298","ZINC24OCT257.5PE","ZINC","29.53","2024-10-22","257.5","1.0","5","FUTCOM","PE","MCX_FO"
"MCX_FO|429327","429327","GOLD24SEP68300PE","GOLD","3128.5","2024-09-24","68300","50.0","1","FUTCOM","PE","MCX_FO"
"MCX_FO|428290","428290","GOLD24NOV59900PE","GOLD","863.5","2024-11-26","59900","50.0","1","FUTCOM","PE","MCX_FO"
"MCX_FO|428282","428282","GOLD24SEP59900PE","GOLD","423.5","2024-09-24","59900","50.0","1","FUTCOM","PE","MCX_FO"
"MCX_FO|434427","434427","GOLD25JAN77900CE","GOLD","2086.0","2025-01-27","77900","50.0","1","FUTCOM","CE","MCX_FO"
"MCX_FO|434904","434904","CRUDEOILM24AUG6000CE","CRUDE OIL","568.95","2024-08-14","6000","5.0","10","FUTCOM","CE","MCX_FO"
"MCX_FO|436766","436766","SILVERM25JUN96250PE","SILVER","14907.0","2025-06-19","96250","50.0","5","FUTCOM","PE","MCX_FO"
"MCX_FO|430001","430001","SILVERM25FEB83250CE","SILVER","9059.0","2025-02-19","83250","50.0","5","FUTCOM","CE","MCX_FO"
"MCX_FO|436714","436714","SILVERM25JUN96750CE","SILVER","7771.5","2025-06-19","96750","50.0","5","FUTCOM","CE","MCX_FO"
"MCX_FO|426692","426692","SILVER24AUG77000CE","SILVER","5751.0","2024-08-27","77000","50.0","30","FUTCOM","CE","MCX_FO"
"MCX_FO|426948","426948","SILVERM24NOV77000PE","SILVER","2958.0","2024-11-20","77000","50.0","5","FUTCOM","PE","MCX_FO"
"MCX_FO|430792","430792","GOLD24NOV71300PE","GOLD","5488.0","2024-11-26","71300","50.0","1","FUTCOM","PE","MCX_FO"
"MCX_FO|436312","436312","CRUDEOILM24SEP8050CE","CRUDE OIL","0.1","2024-09-17","8050","5.0","10","FUTCOM","CE","MCX_FO"
"MCX_FO|433885","433885","GOLD25JAN77500CE","GOLD","2175.0","2025-01-27","77500","50.0","1","FUTCOM","CE","MCX_FO"
"MCX_FO|431663","431663","SILVER24AUG91000PE","SILVER","10007.0","2024-08-27","91000","50.0","30","FUTCOM","PE","MCX_FO"
"MCX_FO|430861","430861","SILVER25FEB90000CE","SILVER","6525.0","2025-02-24","90000","50.0","30","FUTCOM","CE","MCX_FO"
"MCX_FO|435952","435952","CRUDEOILM24SEP5900CE","CRUDE OIL","601.25","2024-09-17","5900","5.0","10","FUTCOM","CE","MCX_FO"
"MCX_FO|433534","433534","SILVER25APR90500PE","SILVER","10939.0","2025-04-24","90500","50.0","30","FUTCOM","PE","MCX_FO"
"MCX_FO|426564","426564","GOLD24SEP64200CE","GOLD","5001.5","2024-09-24","64200","50.0","1","FUTCOM","CE","MCX_FO"
"MCX_FO|435768","435768","GOLD25MAY70500PE","GOLD","6823.0","2025-05-27","70500","50.0","1","FUTCOM","PE","MCX_FO"
"MCX_FO|437619","437619","GOLD25MAY67700PE","GOLD","5404.5","2025-05-27","67700","50.0","1","FUTCOM","PE","MCX_FO"
"MCX_FO|437556","437556","COPPER24OCT775PE","COPPER","19.44","2024-10-22","775","1.0","2500","FUTCOM","PE","MCX_FO"
"MCX_FO|427678","427678","SILVERM24AUG71250PE","SILVER","201.0","2024-08-21","71250","50.0","5","FUTCOM","PE","MCX_FO"
"MCX_FO|435934","435934","GOLD25MAY75600PE","GOLD","9833.5","2025-05-27","75600","50.0","1","FUTCOM","PE","MCX_FO"
"MCX_FO|435266","435266","NATGASMINI24AUG315PE","NATURALGAS","138.1","2024-08-23","315","5.0","250","FUTCOM","PE","MCX_FO"
"MCX_FO|433566","433566","SILVER25APR93750PE","SILVER","12891.0","2025-04-24","93750","50.0","30","FUTCOM","PE","MCX_FO"
"MCX_FO|428397","428397","GOLD24NOV58600CE","GOLD","10194.0","2024-11-26","58600","50.0","1","FUTCOM","CE","MCX_FO"
"MCX_FO|433487","433487","SILVER25APR85750CE","SILVER","9645.0","2025-04-24","85750","50.0","30","FUTCOM","CE","MCX_FO"
"MCX_FO|431999","431999","GOLD25MAR73000PE","GOLD","7853.5","2025-03-26","73000","50.0","1","FUTCOM","PE","MCX_FO"
"MCX_FO|437441","437441","GOLDM24SEP68400PE","GOLD","2955.0","2024-09-24","68400","50.0","100","FUTCOM","PE","MCX_FO"
"MCX_FO|436709","436709","SILVERM25JUN98000CE","SILVER","7388.0","2025-06-19","98000","50.0","5","FUTCOM","CE","MCX_FO"
"MCX_FO|435158","435158","NATURALGAS24AUG310PE","NATURALGAS","133.45","2024-08-23","310","5.0","1250","FUTCOM","PE","MCX_FO"
"MCX_FO|426974","426974","SILVERM24NOV82250PE","SILVER","5148.0","2024-11-20","82250","50.0","5","FUTCOM","PE","MCX_FO"
"MCX_FO|432147","432147","GOLD24NOV75900CE","GOLD","1380.5","2024-11-26","75900","50.0","1","FUTCOM","CE","MCX_FO"
"MCX_FO|435908","435908","CRUDEOIL24SEP6700PE","CRUDE OIL","301.2","2024-09-17","6700","10.0","100","FUTCOM","PE","MCX_FO"
"MCX_FO|433508","433508","SILVER25APR95750CE","SILVER","5960.0","2025-04-24","95750","50.0","30","FUTCOM","CE","MCX_FO"
"MCX_FO|436181","436181","NATGASMINI24SEP305CE","NATURALGAS","0.3","2024-09-23","305","5.0","250","FUTCOM","CE","MCX_FO"
"MCX_FO|437927","437927","NATGASMINI24OCT295PE","NATURALGAS","0.0","2024-10-24","295","5.0","250","FUTCOM","PE","MCX_FO"
"MCX_FO|433455","433455","SILVER24AUG93500CE","SILVER","226.0","2024-08-27","93500","50.0","30","FUTCOM","CE","MCX_FO"
"MCX_FO|437660","437660","GOLDM24AUG65400PE","GOLD","1063.5","2024-08-27","65400","50.0","100","FUTCOM","PE","MCX_FO"
"MCX_FO|428136","428136","SILVER24AUG68500PE","SILVER","131.0","2024-08-27","68500","50.0","30","FUTCOM","PE","MCX_FO"
"MCX_FO|436330","436330","CRUDEOIL24SEP8050CE","CRUDE OIL","0.1","2024-09-17","8050","10.0","100","FUTCOM","CE","MCX_FO"
"MCX_FO|435946","435946","CRUDEOILM24SEP6200CE","CRUDE OIL","350.6","2024-09-17","6200","5.0","10","FUTCOM","CE","MCX_FO"
"MCX_FO|429974","429974","SILVERM25FEB76500CE","SILVER","12830.0","2025-02-19","76500","50.0","5","FUTCOM","CE","MCX_FO"
"MCX_FO|437550","437550","COPPER24AUG765CE","COPPER","34.57","2024-08-21","765","1.0","2500","FUTCOM","CE","MCX_FO"
"MCX_FO|433465","433465","SILVER25FEB99000CE","SILVER","3864.0","2025-02-24","99000","50.0","30","FUTCOM","CE","MCX_FO"
"MCX_FO|436659","436659","SILVER25JUN98000PE","SILVER","15782.5","2025-06-25","98000","50.0","30","FUTCOM","PE","MCX_FO"
"MCX_FO|431017","431017","SILVERM24AUG88250PE","SILVER","7530.5","2024-08-21","88250","50.0","5","FUTCOM","PE","MCX_FO"
"MCX_FO|431160","431160","GOLD24SEP73600PE","GOLD","6660.0","2024-09-24","73600","50.0","1","FUTCOM","PE","MCX_FO"
"MCX_FO|433635","433635","SILVERM25APR94500CE","SILVER","6331.5","2025-04-21","94500","50.0","5","FUTCOM","CE","MCX_FO"
"MCX_FO|433490","433490","SILVER25APR85000CE","SILVER","9982.0","2025-04-24","85000","50.0","30","FUTCOM","CE","MCX_FO"
"MCX_FO|437770","437770","SILVERM25APR84250PE","SILVER","6542.5","2025-04-21","84250","50.0","5","FUTCOM","PE","MCX_FO"
"MCX_FO|435257","435257","NATGASMINI24AUG270PE","NATURALGAS","93.4","2024-08-23","270","5.0","250","FUTCOM","PE","MCX_FO"
"MCX_FO|430240","430240","GOLD24NOV70700PE","GOLD","5118.5","2024-11-26","70700","50.0","1","FUTCOM","PE","MCX_FO"
"MCX_FO|426697","426697","SILVER24AUG75750CE","SILVER","6642.5","2024-08-27","75750","50.0","30","FUTCOM","CE","MCX_FO"
"MCX_FO|434223","434223","SILVERM24NOV100000PE","SILVER","17332.0","2024-11-20","100000","50.0","5","FUTCOM","PE","MCX_FO"
"MCX_FO|435147","435147","NATURALGAS24AUG255PE","NATURALGAS","78.8","2024-08-23","255","5.0","1250","FUTCOM","PE","MCX_FO"
"MCX_FO|436471","436471","GOLDM24SEP73000PE","GOLD","5961.5","2024-09-24","73000","50.0","100","FUTCOM","PE","MCX_FO"
"MCX_FO|437468","437468","GOLDM24SEP69900PE","GOLD","3818.5","2024-09-24","69900","50.0","100","FUTCOM","PE","MCX_FO"
"MCX_FO|426566","426566","GOLD24SEP64400CE","GOLD","4868.5","2024-09-24","64400","50.0","1","FUTCOM","CE","MCX_FO"
"MCX_FO|427412","427412","SILVER24NOV86750PE","SILVER","7987.0","2024-11-26","86750","50.0","30","FUTCOM","PE","MCX_FO"
"MCX_FO|434329","434329","CRUDEOIL24AUG5350CE","CRUDE OIL","1217.3","2024-08-14","5350","10.0","100","FUTCOM","CE","MCX_FO"
"MCX_FO|434027","434027","SILVER25APR103500CE","SILVER","3998.5","2025-04-24","103500","50.0","30","FUTCOM","CE","MCX_FO"
"MCX_FO|428184","428184","GOLD24SEP60000CE","GOLD","8216.0","2024-09-24","60000","50.0","1","FUTCOM","CE","MCX_FO"
"MCX_FO|437431","437431","GOLDM24AUG66800PE","GOLD","1603.0","2024-08-27","66800","50.0","100","FUTCOM","PE","MCX_FO"
"MCX_FO|428984","428984","GOLD25JAN66100PE","GOLD","3807.5","2025-01-27","66100","50.0","1","FUTCOM","PE","MCX_FO"
"MCX_FO|437793","437793","SILVERM25JUN82750PE","SILVER","7670.5","2025-06-19","82750","50.0","5","FUTCOM","PE","MCX_FO"
"MCX_FO|437075","437075","SILVER25JUN91750CE","SILVER","8977.0","2025-06-25","91750","50.0","30","FUTCOM","CE","MCX_FO"
"MCX_FO|434002","434002","SILVER24NOV100250CE","SILVER","1504.0","2024-11-26","100250","50.0","30","FUTCOM","CE","MCX_FO"
"MCX_FO|426535","426535","GOLD24SEP63200CE","GOLD","5695.0","2024-09-24","63200","50.0","1","FUTCOM","CE","MCX_FO"
"MCX_FO|437796","437796","NATURALGAS24OCT225PE","NATURALGAS","0.0","2024-10-24","225","5.0","1250","FUTCOM","PE","MCX_FO"
"MCX_FO|433413","433413","GOLD25JAN76700PE","GOLD","10060.5","2025-01-27","76700","50.0","1","FUTCOM","PE","MCX_FO"
"MCX_FO|428149","428149","SILVER24NOV70000CE","SILVER","14517.5","2024-11-26","70000","50.0","30","FUTCOM","CE","MCX_FO"
"MCX_FO|426947","426947","SILVERM24NOV77250PE","SILVER","3045.5","2024-11-20","77250","50.0","5","FUTCOM","PE","MCX_FO"
"MCX_FO|429983","429983","SILVERM25FEB74250CE","SILVER","14288.5","2025-02-19","74250","50.0","5","FUTCOM","CE","MCX_FO"
"MCX_FO|437716","437716","SILVER25APR81750PE","SILVER","6476.0","2025-04-24","81750","50.0","30","FUTCOM","PE","MCX_FO"
"MCX_FO|430890","430890","SILVER25FEB91000PE","SILVER","10987.0","2025-02-24","91000","50.0","30","FUTCOM","PE","MCX_FO"
"MCX_FO|430021","430021","SILVERM25FEB77250PE","SILVER","3809.5","2025-02-19","77250","50.0","5","FUTCOM","PE","MCX_FO"
"MCX_FO|432998","432998","COPPER24AUG870CE","COPPER","2.33","2024-08-21","870","1.0","2500","FUTCOM","CE","MCX_FO"
"MCX_FO|436547","436547","GOLD25MAY77700PE","GOLD","11217.5","2025-05-27","77700","50.0","1","FUTCOM","PE","MCX_FO"
"MCX_FO|436947","436947","GOLD25MAR78600PE","GOLD","11607.0","2025-03-26","78600","50.0","1","FUTCOM","PE","MCX_FO"
"MCX_FO|431957","431957","GOLD25MAR75200CE","GOLD","3449.0","2025-03-26","75200","50.0","1","FUTCOM","CE","MCX_FO"
"MCX_FO|437386","437386","GOLDM24SEP69800CE","GOLD","2010.0","2024-09-24","69800","50.0","100","FUTCOM","CE","MCX_FO"
"MCX_FO|434859","434859","SILVERM25APR107000PE","SILVER","20742.0","2025-04-21","107000","50.0","5","FUTCOM","PE","MCX_FO"
"MCX_FO|435878","435878","CRUDEOIL24SEP7750CE","CRUDE OIL","0.8","2024-09-17","7750","10.0","100","FUTCOM","CE","MCX_FO"
"MCX_FO|436717","436717","SILVERM25JUN96000CE","SILVER","8010.0","2025-06-19","96000","50.0","5","FUTCOM","CE","MCX_FO"
"MCX_FO|428809","428809","GOLD25JAN65100CE","GOLD","6871.5","2025-01-27","65100","50.0","1","FUTCOM","CE","MCX_FO"
"MCX_FO|430731","430731","GOLD24SEP71200CE","GOLD","1614.0","2024-09-24","71200","50.0","1","FUTCOM","CE","MCX_FO"
"MCX_FO|431736","431736","GOLD24NOV74900CE","GOLD","1601.5","2024-11-26","74900","50.0","1","FUTCOM","CE","MCX_FO"
"MCX_FO|427916","427916","GOLD24NOV61500PE","GOLD","1214.0","2024-11-26","61500","50.0","1","FUTCOM","PE","MCX_FO"
"MCX_FO|436674","436674","SILVER25JUN94250PE","SILVER","13454.0","2025-06-25","94250","50.0","30","FUTCOM","PE","MCX_FO"
"MCX_FO|434157","434157","SILVERM25FEB100250CE","SILVER","3251.5","2025-02-19","100250","50.0","5","FUTCOM","CE","MCX_FO"
"MCX_FO|437332","437332","GOLDM24AUG68600CE","GOLD","1973.5","2024-08-27","68600","50.0","100","FUTCOM","CE","MCX_FO"
"MCX_FO|437471","437471","SILVER25APR84750CE","SILVER","10096.5","2025-04-24","84750","50.0","30","FUTCOM","CE","MCX_FO"
"MCX_FO|435011","435011","CRUDEOILM24AUG5300CE","CRUDE OIL","1264.05","2024-08-14","5300","5.0","10","FUTCOM","CE","MCX_FO"
"MCX_FO|436689","436689","SILVER25JUN103500PE","SILVER","19471.5","2025-06-25","103500","50.0","30","FUTCOM","PE","MCX_FO"
"MCX_FO|426727","426727","SILVER24AUG81500CE","SILVER","2273.5","2024-08-27","81500","50.0","30","FUTCOM","CE","MCX_FO"
"MCX_FO|433795","433795","SILVERM25APR98250CE","SILVER","5182.5","2025-04-21","98250","50.0","5","FUTCOM","CE","MCX_FO"
"MCX_FO|436178","436178","NATGASMINI24SEP290CE","NATURALGAS","0.5","2024-09-23","290","5.0","250","FUTCOM","CE","MCX_FO"
"MCX_FO|436069","436069","COPPER24AUG815PE","COPPER","25.91","2024-08-21","815","1.0","2500","FUTCOM","PE","MCX_FO"
"MCX_FO|426753","426753","SILVER24AUG74250PE","SILVER","763.0","2024-08-27","74250","50.0","30","FUTCOM","PE","MCX_FO"
"MCX_FO|432185","432185","GOLD24NOV75500PE","GOLD","8407.0","2024-11-26","75500","50.0","1","FUTCOM","PE","MCX_FO"
"MCX_FO|431677","431677","SILVERM24NOV92500CE","SILVER","2778.5","2024-11-20","92500","50.0","5","FUTCOM","CE","MCX_FO"
"MCX_FO|427728","427728","SILVERM24NOV71750CE","SILVER","13115.0","2024-11-20","71750","50.0","5","FUTCOM","CE","MCX_FO"
"MCX_FO|435955","435955","CRUDEOILM24SEP5750CE","CRUDE OIL","741.5","2024-09-17","5750","5.0","10","FUTCOM","CE","MCX_FO"
"MCX_FO|437274","437274","CRUDEOIL24OCT5100CE","CRUDE OIL","1287.8","2024-10-17","5100","10.0","100","FUTCOM","CE","MCX_FO"
"MCX_FO|435761","435761","GOLD25MAY71200PE","GOLD","7204.5","2025-05-27","71200","50.0","1","FUTCOM","PE","MCX_FO"
"MCX_FO|428798","428798","GOLD25JAN64000CE","GOLD","7498.5","2025-01-27","64000","50.0","1","FUTCOM","CE","MCX_FO"
"MCX_FO|434606","434606","SILVER25APR109000CE","SILVER","2977.0","2025-04-24","109000","50.0","30","FUTCOM","CE","MCX_FO"
"MCX_FO|429556","429556","GOLD24NOV69200CE","GOLD","3462.5","2024-11-26","69200","50.0","1","FUTCOM","CE","MCX_FO"
"MCX_FO|436231","436231","ZINC24SEP225PE","ZINC","3.33","2024-09-19","225","1.0","5","FUTCOM","PE","MCX_FO"
"MCX_FO|437789","437789","SILVERM25JUN83750PE","SILVER","8124.5","2025-06-19","83750","50.0","5","FUTCOM","PE","MCX_FO"
"MCX_FO|437699","437699","SILVER25JUN83500CE","SILVER","12471.0","2025-06-25","83500","50.0","30","FUTCOM","CE","MCX_FO"
"MCX_FO|437536","437536","SILVERM25JUN87750PE","SILVER","10077.0","2025-06-19","87750","50.0","5","FUTCOM","PE","MCX_FO"
"MCX_FO|435439","435439","CRUDEOIL24AUG5000PE","CRUDE OIL","0.1","2024-08-14","5000","10.0","100","FUTCOM","PE","MCX_FO"
"MCX_FO|435833","435833","CRUDEOIL24SEP6550CE","CRUDE OIL","150.6","2024-09-17","6550","10.0","100","FUTCOM","CE","MCX_FO"
"MCX_FO|437458","437458","GOLDM24SEP66700PE","GOLD","2126.5","2024-09-24","66700","50.0","100","FUTCOM","PE","MCX_FO"
"MCX_FO|435637","435637","ZINC24SEP237.5CE","ZINC","20.25","2024-09-19","237.5","1.0","5","FUTCOM","CE","MCX_FO"
"MCX_FO|437196","437196","CRUDEOILM24OCT7500PE","CRUDE OIL","1099.95","2024-10-17","7500","5.0","10","FUTCOM","PE","MCX_FO"
"MCX_FO|434636","434636","SILVER24AUG101750PE","SILVER","20328.0","2024-08-27","101750","50.0","30","FUTCOM","PE","MCX_FO"
"MCX_FO|434767","434767","SILVERM25APR105500CE","SILVER","3459.0","2025-04-21","105500","50.0","5","FUTCOM","CE","MCX_FO"
"MCX_FO|430989","430989","SILVER25FEB92250CE","SILVER","5748.0","2025-02-24","92250","50.0","30","FUTCOM","CE","MCX_FO"
"MCX_FO|434731","434731","SILVERM24NOV100750CE","SILVER","1255.0","2024-11-20","100750","50.0","5","FUTCOM","CE","MCX_FO"
"MCX_FO|434756","434756","SILVERM25FEB104500CE","SILVER","2447.5","2025-02-19","104500","50.0","5","FUTCOM","CE","MCX_FO"
"MCX_FO|436336","436336","NATURALGAS24AUG135CE","NATURALGAS","40.8","2024-08-23","135","5.0","1250","FUTCOM","CE","MCX_FO"
"MCX_FO|431378","431378","SILVERM24AUG89500CE","SILVER","476.0","2024-08-21","89500","50.0","5","FUTCOM","CE","MCX_FO"
"MCX_FO|427869","427869","SILVERM24AUG69500PE","SILVER","102.5","2024-08-21","69500","50.0","5","FUTCOM","PE","MCX_FO"
"MCX_FO|436475","436475","GOLDM24SEP72600PE","GOLD","5660.5","2024-09-24","72600","50.0","100","FUTCOM","PE","MCX_FO"
"MCX_FO|434122","434122","SILVERM24AUG95250CE","SILVER","127.0","2024-08-21","95250","50.0","5","FUTCOM","CE","MCX_FO"
"MCX_FO|437704","437704","SILVER25JUN82250CE","SILVER","13083.5","2025-06-25","82250","50.0","30","FUTCOM","CE","MCX_FO"
"MCX_FO|436888","436888","SILVERM25JUN107250PE","SILVER","22325.0","2025-06-19","107250","50.0","5","FUTCOM","PE","MCX_FO"
"MCX_FO|430216","430216","SILVER25FEB75500CE","SILVER","13674.5","2025-02-24","75500","50.0","30","FUTCOM","CE","MCX_FO"
"MCX_FO|432060","432060","SILVER24NOV94750CE","SILVER","2480.0","2024-11-26","94750","50.0","30","FUTCOM","CE","MCX_FO"
"MCX_FO|437596","437596","GOLD25MAR68000PE","GOLD","5095.5","2025-03-26","68000","50.0","1","FUTCOM","PE","MCX_FO"
"MCX_FO|427544","427544","GOLD24NOV67700CE","GOLD","4149.0","2024-11-26","67700","50.0","1","FUTCOM","CE","MCX_FO"
"MCX_FO|435447","435447","CRUDEOILM24AUG5100CE","CRUDE OIL","1463.3","2024-08-14","5100","5.0","10","FUTCOM","CE","MCX_FO"
"MCX_FO|427405","427405","SILVERM24NOV86500CE","SILVER","4666.5","2024-11-20","86500","50.0","5","FUTCOM","CE","MCX_FO"
"MCX_FO|437199","437199","CRUDEOILM24OCT7650PE","CRUDE OIL","1241.25","2024-10-17","7650","5.0","10","FUTCOM","PE","MCX_FO"
"MCX_FO|433389","433389","GOLD25MAR76700CE","GOLD","3030.0","2025-03-26","76700","50.0","1","FUTCOM","CE","MCX_FO"
"MCX_FO|434452","434452","GOLD24SEP77100PE","GOLD","9577.5","2024-09-24","77100","50.0","1","FUTCOM","PE","MCX_FO"
"MCX_FO|435195","435195","SILVERM24AUG103250PE","SILVER","21700.0","2024-08-21","103250","50.0","5","FUTCOM","PE","MCX_FO"
"MCX_FO|431986","431986","GOLD25MAR71400PE","GOLD","6905.0","2025-03-26","71400","50.0","1","FUTCOM","PE","MCX_FO"
"MCX_FO|433555","433555","SILVER25APR85250PE","SILVER","8115.0","2025-04-24","85250","50.0","30","FUTCOM","PE","MCX_FO"
"MCX_FO|437119","437119","CRUDEOILM24OCT5600CE","CRUDE OIL","811.6","2024-10-17","5600","5.0","10","FUTCOM","CE","MCX_FO"
"MCX_FO|434718","434718","SILVERM24AUG100250CE","SILVER","27.5","2024-08-21","100250","50.0","5","FUTCOM","CE","MCX_FO"
"MCX_FO|434054","434054","SILVER24AUG96750PE","SILVER","15469.0","2024-08-27","96750","50.0","30","FUTCOM","PE","MCX_FO"
"MCX_FO|435631","435631","GOLDM24AUG69100PE","GOLD","2813.0","2024-08-27","69100","50.0","100","FUTCOM","PE","MCX_FO"
"MCX_FO|435968","435968","CRUDEOILM24SEP7150CE","CRUDE OIL","14.65","2024-09-17","7150","5.0","10","FUTCOM","CE","MCX_FO"
"MCX_FO|427146","427146","GOLD24NOV63800CE","GOLD","6357.0","2024-11-26","63800","50.0","1","FUTCOM","CE","MCX_FO"
"MCX_FO|436636","436636","SILVER25JUN102750CE","SILVER","5627.0","2025-06-25","102750","50.0","30","FUTCOM","CE","MCX_FO"
"MCX_FO|435858","435858","CRUDEOIL24SEP6750CE","CRUDE OIL","80.8","2024-09-17","6750","10.0","100","FUTCOM","CE","MCX_FO"
"MCX_FO|436305","436305","ZINC24OCT262.5PE","ZINC","32.84","2024-10-22","262.5","1.0","5","FUTCOM","PE","MCX_FO"
"MCX_FO|430941","430941","SILVERM25FEB90250PE","SILVER","10009.0","2025-02-19","90250","50.0","5","FUTCOM","PE","MCX_FO"
"MCX_FO|426919","426919","SILVERM24AUG79500PE","SILVER","1421.0","2024-08-21","79500","50.0","5","FUTCOM","PE","MCX_FO"
"MCX_FO|429756","429756","GOLD25JAN70600PE","GOLD","6092.5","2025-01-27","70600","50.0","1","FUTCOM","PE","MCX_FO"
"MCX_FO|437129","437129","CRUDEOILM24OCT6750CE","CRUDE OIL","122.55","2024-10-17","6750","5.0","10","FUTCOM","CE","MCX_FO"
"MCX_FO|431341","431341","SILVER24NOV91000CE","SILVER","3418.5","2024-11-26","91000","50.0","30","FUTCOM","CE","MCX_FO"
"MCX_FO|437107","437107","CRUDEOILM24OCT6200CE","CRUDE OIL","358.7","2024-10-17","6200","5.0","10","FUTCOM","CE","MCX_FO"
"MCX_FO|436692","436692","SILVER25JUN104250PE","SILVER","19997.5","2025-06-25","104250","50.0","30","FUTCOM","PE","MCX_FO"
"MCX_FO|437515","437515","SILVERM25JUN88750CE","SILVER","10656.5","2025-06-19","88750","50.0","5","FUTCOM","CE","MCX_FO"
"MCX_FO|435182","435182","SILVER25APR110250PE","SILVER","24734.5","2025-04-24","110250","50.0","30","FUTCOM","PE","MCX_FO"
"MCX_FO|435064","435064","CRUDEOIL24AUG5100PE","CRUDE OIL","0.1","2024-08-14","5100","10.0","100","FUTCOM","PE","MCX_FO"
"MCX_FO|427738","427738","SILVERM24NOV71500PE","SILVER","1430.5","2024-11-20","71500","50.0","5","FUTCOM","PE","MCX_FO"
"MCX_FO|437185","437185","CRUDEOILM24OCT6950PE","CRUDE OIL","618.5","2024-10-17","6950","5.0","10","FUTCOM","PE","MCX_FO"
"MCX_FO|433523","433523","SILVER24AUG94000PE","SILVER","12800.0","2024-08-27","94000","50.0","30","FUTCOM","PE","MCX_FO"
"MCX_FO|429594","429594","GOLD25JAN69300PE","GOLD","5372.0","2025-01-27","69300","50.0","1","FUTCOM","PE","MCX_FO"
"MCX_FO|433671","433671","SILVERM25APR90750PE","SILVER","9833.0","2025-04-21","90750","50.0","5","FUTCOM","PE","MCX_FO"
"MCX_FO|436990","436990","CRUDEOIL24OCT6550CE","CRUDE OIL","109.9","2024-10-17","6550","10.0","100","FUTCOM","CE","MCX_FO"
"MCX_FO|437612","437612","GOLD25MAY68400PE","GOLD","5743.0","2025-05-27","68400","50.0","1","FUTCOM","PE","MCX_FO"
"MCX_FO|431921","431921","GOLD25MAR71500CE","GOLD","4688.0","2025-03-26","71500","50.0","1","FUTCOM","CE","MCX_FO"
"MCX_FO|437083","437083","SILVER25JUN92000PE","SILVER","12137.0","2025-06-25","92000","50.0","30","FUTCOM","PE","MCX_FO"
"MCX_FO|436019","436019","CRUDEOILM24SEP7150PE","CRUDE OIL","663.8","2024-09-17","7150","5.0","10","FUTCOM","PE","MCX_FO"
"MCX_FO|437843","437843","NATURALGAS24OCT160PE","NATURALGAS","0.0","2024-10-24","160","5.0","1250","FUTCOM","PE","MCX_FO"
"MCX_FO|434324","434324","CRUDEOIL24AUG5600CE","CRUDE OIL","968.3","2024-08-14","5600","10.0","100","FUTCOM","CE","MCX_FO"
"MCX_FO|433626","433626","SILVERM25APR92250CE","SILVER","7117.0","2025-04-21","92250","50.0","5","FUTCOM","CE","MCX_FO"
"MCX_FO|429289","429289","GOLD25JAN68400CE","GOLD","5209.0","2025-01-27","68400","50.0","1","FUTCOM","CE","MCX_FO"
"MCX_FO|433567","433567","SILVER25APR94000PE","SILVER","13047.0","2025-04-24","94000","50.0","30","FUTCOM","PE","MCX_FO"
"MCX_FO|433088","433088","COPPER24AUG825CE","COPPER","4.52","2024-08-21","825","1.0","2500","FUTCOM","CE","MCX_FO"
"MCX_FO|434388","434388","CRUDEOIL24AUG7050PE","CRUDE OIL","549.9","2024-08-14","7050","10.0","100","FUTCOM","PE","MCX_FO"
"MCX_FO|426701","426701","SILVER24AUG74750CE","SILVER","7403.5","2024-08-27","74750","50.0","30","FUTCOM","CE","MCX_FO"
"MCX_FO|429994","429994","SILVERM25FEB81500CE","SILVER","9949.5","2025-02-19","81500","50.0","5","FUTCOM","CE","MCX_FO"
"MCX_FO|427719","427719","SILVER24NOV72000PE","SILVER","1776.0","2024-11-26","72000","50.0","30","FUTCOM","PE","MCX_FO"
"MCX_FO|434164","434164","SILVERM25FEB102000CE","SILVER","2896.0","2025-02-19","102000","50.0","5","FUTCOM","CE","MCX_FO"
"MCX_FO|436640","436640","SILVER25JUN103750CE","SILVER","5385.5","2025-06-25","103750","50.0","30","FUTCOM","CE","MCX_FO"
"MCX_FO|437242","437242","ZINC24OCT227.5PE","ZINC","13.39","2024-10-22","227.5","1.0","5","FUTCOM","PE","MCX_FO"
"MCX_FO|435135","435135","NATURALGAS24AUG200PE","NATURALGAS","30.4","2024-08-23","200","5.0","1250","FUTCOM","PE","MCX_FO"
"MCX_FO|430808","430808","GOLD25JAN72300PE","GOLD","7105.0","2025-01-27","72300","50.0","1","FUTCOM","PE","MCX_FO"
"MCX_FO|437642","437642","GOLDM24SEP66200CE","GOLD","3724.5","2024-09-24","66200","50.0","100","FUTCOM","CE","MCX_FO"
"MCX_FO|433025","433025","COPPER24AUG910PE","COPPER","113.42","2024-08-21","910","1.0","2500","FUTCOM","PE","MCX_FO"
"MCX_FO|428974","428974","GOLD25JAN65800CE","GOLD","6491.5","2025-01-27","65800","50.0","1","FUTCOM","CE","MCX_FO"
"MCX_FO|436194","436194","NATGASMINI24SEP185PE","NATURALGAS","15.45","2024-09-23","185","5.0","250","FUTCOM","PE","MCX_FO"
"MCX_FO|436650","436650","SILVER25JUN106250CE","SILVER","4822.0","2025-06-25","106250","50.0","30","FUTCOM","CE","MCX_FO"
"MCX_FO|435986","435986","CRUDEOILM24AUG7950PE","CRUDE OIL","1375.65","2024-08-14","7950","5.0","10","FUTCOM","PE","MCX_FO"
"MCX_FO|434460","434460","GOLD25JAN78000PE","GOLD","11015.5","2025-01-27","78000","50.0","1","FUTCOM","PE","MCX_FO"
"MCX_FO|436854","436854","NATURALGAS24AUG110PE","NATURALGAS","0.35","2024-08-23","110","5.0","1250","FUTCOM","PE","MCX_FO"
"MCX_FO|437178","437178","CRUDEOILM24OCT6600PE","CRUDE OIL","367.45","2024-10-17","6600","5.0","10","FUTCOM","PE","MCX_FO"
"MCX_FO|436550","436550","GOLDM24AUG75900CE","GOLD","167.5","2024-08-27","75900","50.0","100","FUTCOM","CE","MCX_FO"
"MCX_FO|434559","434559","SILVER24NOV101500CE","SILVER","1336.5","2024-11-26","101500","50.0","30","FUTCOM","CE","MCX_FO"
"MCX_FO|436841","436841","GOLDM24AUG76600PE","GOLD","8913.0","2024-08-27","76600","50.0","100","FUTCOM","PE","MCX_FO"
"MCX_FO|433241","433241","ZINC24AUG282.5PE","ZINC","30.03","2024-08-21","282.5","1.0","5","FUTCOM","PE","MCX_FO"
"MCX_FO|429907","429907","SILVER25FEB87250CE","SILVER","7587.5","2025-02-24","87250","50.0","30","FUTCOM","CE","MCX_FO"
"MCX_FO|431867","431867","SILVERM25FEB97000PE","SILVER","14419.5","2025-02-19","97000","50.0","5","FUTCOM","PE","MCX_FO"
"MCX_FO|437648","437648","GOLDM24SEP65600CE","GOLD","4081.5","2024-09-24","65600","50.0","100","FUTCOM","CE","MCX_FO"
"MCX_FO|426695","426695","SILVER24AUG76250CE","SILVER","6278.0","2024-08-27","76250","50.0","30","FUTCOM","CE","MCX_FO"
"MCX_FO|435399","435399","ZINC24SEP285CE","ZINC","2.92","2024-09-19","285","1.0","5","FUTCOM","CE","MCX_FO"
"MCX_FO|426981","426981","SILVERM24NOV84000PE","SILVER","6040.5","2024-11-20","84000","50.0","5","FUTCOM","PE","MCX_FO"
"MCX_FO|436757","436757","SILVERM25JUN98500PE","SILVER","16326.5","2025-06-19","98500","50.0","5","FUTCOM","PE","MCX_FO"
"MCX_FO|426907","426907","SILVERM24AUG73250PE","SILVER","397.5","2024-08-21","73250","50.0","5","FUTCOM","PE","MCX_FO"
"MCX_FO|430898","430898","SILVERM24AUG86750CE","SILVER","1059.5","2024-08-21","86750","50.0","5","FUTCOM","CE","MCX_FO"
"MCX_FO|430854","430854","SILVER24NOV89250CE","SILVER","3947.5","2024-11-26","89250","50.0","30","FUTCOM","CE","MCX_FO"
"MCX_FO|434395","434395","CRUDEOIL24AUG7400PE","CRUDE OIL","825.9","2024-08-14","7400","10.0","100","FUTCOM","PE","MCX_FO"
"MCX_FO|426657","426657","GOLD24SEP61000PE","GOLD","593.0","2024-09-24","61000","50.0","1","FUTCOM","PE","MCX_FO"
"MCX_FO|434066","434066","SILVER24NOV97750PE","SILVER","15806.0","2024-11-26","97750","50.0","30","FUTCOM","PE","MCX_FO"
"MCX_FO|430016","430016","SILVERM25FEB78500PE","SILVER","4261.0","2025-02-19","78500","50.0","5","FUTCOM","PE","MCX_FO"
"MCX_FO|436799","436799","SILVERM25JUN105750PE","SILVER","21247.0","2025-06-19","105750","50.0","5","FUTCOM","PE","MCX_FO"
"MCX_FO|433982","433982","SILVER24AUG97250CE","SILVER","131.5","2024-08-27","97250","50.0","30","FUTCOM","CE","MCX_FO"
"MCX_FO|436678","436678","SILVER25JUN100750PE","SILVER","17588.5","2025-06-25","100750","50.0","30","FUTCOM","PE","MCX_FO"
"MCX_FO|429967","429967","SILVERM25FEB78250CE","SILVER","11765.0","2025-02-19","78250","50.0","5","FUTCOM","CE","MCX_FO"
"MCX_FO|434335","434335","CRUDEOIL24AUG6900CE","CRUDE OIL","35.2","2024-08-14","6900","10.0","100","FUTCOM","CE","MCX_FO"
"MCX_FO|435548","435548","GOLDM24AUG71600PE","GOLD","4550.5","2024-08-27","71600","50.0","100","FUTCOM","PE","MCX_FO"
"MCX_FO|433571","433571","SILVER25APR95000PE","SILVER","13680.5","2025-04-24","95000","50.0","30","FUTCOM","PE","MCX_FO"
"MCX_FO|433904","433904","GOLD24SEP76700PE","GOLD","9227.0","2024-09-24","76700","50.0","1","FUTCOM","PE","MCX_FO"
"MCX_FO|429328","429328","GOLD24NOV67800PE","GOLD","3525.5","2024-11-26","67800","50.0","1","FUTCOM","PE","MCX_FO"
"MCX_FO|437771","437771","SILVERM25APR84000PE","SILVER","6430.0","2025-04-21","84000","50.0","5","FUTCOM","PE","MCX_FO"
"MCX_FO|427969","427969","GOLD24SEP60800CE","GOLD","7547.5","2024-09-24","60800","50.0","1","FUTCOM","CE","MCX_FO"
"MCX_FO|434342","434342","CRUDEOIL24AUG7250CE","CRUDE OIL","3.5","2024-08-14","7250","10.0","100","FUTCOM","CE","MCX_FO"
"MCX_FO|436983","436983","CRUDEOIL24OCT5550CE","CRUDE OIL","847.3","2024-10-17","5550","10.0","100","FUTCOM","CE","MCX_FO"
"MCX_FO|427177","427177","GOLD24NOV65000CE","GOLD","5612.5","2024-11-26","65000","50.0","1","FUTCOM","CE","MCX_FO"
"MCX_FO|434645","434645","SILVER24NOV101250PE","SILVER","18695.5","2024-11-26","101250","50.0","30","FUTCOM","PE","MCX_FO"
"MCX_FO|429333","429333","GOLD24NOV68300PE","GOLD","3777.0","2024-11-26","68300","50.0","1","FUTCOM","PE","MCX_FO"
"MCX_FO|437844","437844","NATURALGAS24OCT155PE","NATURALGAS","0.0","2024-10-24","155","5.0","1250","FUTCOM","PE","MCX_FO"
"MCX_FO|435440","435440","CRUDEOIL24AUG4950PE","CRUDE OIL","0.1","2024-08-14","4950","10.0","100","FUTCOM","PE","MCX_FO"
"MCX_FO|430925","430925","SILVERM24AUG86500PE","SILVER","6144.5","2024-08-21","86500","50.0","5","FUTCOM","PE","MCX_FO"
"MCX_FO|435510","435510","GOLDM24AUG70400CE","GOLD","1042.0","2024-08-27","70400","50.0","100","FUTCOM","CE","MCX_FO"
"MCX_FO|436135","436135","NATURALGAS24SEP185PE","NATURALGAS","15.0","2024-09-23","185","5.0","1250","FUTCOM","PE","MCX_FO"
"MCX_FO|434216","434216","SILVERM24NOV98250PE","SILVER","15879.5","2024-11-20","98250","50.0","5","FUTCOM","PE","MCX_FO"
"MCX_FO|437228","437228","SILVERM25JUN91250CE","SILVER","9671.5","2025-06-19","91250","50.0","5","FUTCOM","CE","MCX_FO"
"MCX_FO|435949","435949","CRUDEOILM24SEP6050CE","CRUDE OIL","469.45","2024-09-17","6050","5.0","10","FUTCOM","CE","MCX_FO"
"MCX_FO|431083","431083","GOLD24SEP72500CE","GOLD","1252.5","2024-09-24","72500","50.0","1","FUTCOM","CE","MCX_FO"
"MCX_FO|431024","431024","SILVERM25FEB92750PE","SILVER","11559.0","2025-02-19","92750","50.0","5","FUTCOM","PE","MCX_FO"
"MCX_FO|430939","430939","SILVERM25FEB89750PE","SILVER","9712.0","2025-02-19","89750","50.0","5","FUTCOM","PE","MCX_FO"
"MCX_FO|430668","430668","SILVER24AUG85750PE","SILVER","5963.0","2024-08-27","85750","50.0","30","FUTCOM","PE","MCX_FO"
"MCX_FO|435066","435066","CRUDEOILM24AUG5150PE","CRUDE OIL","0.05","2024-08-14","5150","5.0","10","FUTCOM","PE","MCX_FO"
"MCX_FO|431996","431996","GOLD25MAR70400PE","GOLD","6342.5","2025-03-26","70400","50.0","1","FUTCOM","PE","MCX_FO"
"MCX_FO|436524","436524","ZINC24SEP287.5PE","ZINC","38.63","2024-09-19","287.5","1.0","5","FUTCOM","PE","MCX_FO"
"MCX_FO|428990","428990","GOLD25JAN66200PE","GOLD","3851.5","2025-01-27","66200","50.0","1","FUTCOM","PE","MCX_FO"
"MCX_FO|433426","433426","GOLD25MAR77300PE","GOLD","10680.5","2025-03-26","77300","50.0","1","FUTCOM","PE","MCX_FO"
"MCX_FO|434239","434239","SILVERM25APR100750PE","SILVER","16157.5","2025-04-21","100750","50.0","5","FUTCOM","PE","MCX_FO"
"MCX_FO|434949","434949","CRUDEOILM24AUG6250PE","CRUDE OIL","66.3","2024-08-14","6250","5.0","10","FUTCOM","PE","MCX_FO"
"MCX_FO|433629","433629","SILVERM25APR93000CE","SILVER","6846.5","2025-04-21","93000","50.0","5","FUTCOM","CE","MCX_FO"
"MCX_FO|436931","436931","NATGASMINI24AUG100PE","NATURALGAS","0.05","2024-08-23","100","5.0","250","FUTCOM","PE","MCX_FO"
"MCX_FO|426634","426634","GOLD24SEP63300PE","GOLD","1105.0","2024-09-24","63300","50.0","1","FUTCOM","PE","MCX_FO"
"MCX_FO|426953","426953","SILVERM24NOV75750PE","SILVER","2544.5","2024-11-20","75750","50.0","5","FUTCOM","PE","MCX_FO"
"MCX_FO|430889","430889","SILVER25FEB90750PE","SILVER","10834.5","2025-02-24","90750","50.0","30","FUTCOM","PE","MCX_FO"
"MCX_FO|426762","426762","SILVER24AUG72000PE","SILVER","412.5","2024-08-27","72000","50.0","30","FUTCOM","PE","MCX_FO"
"MCX_FO|427239","427239","GOLD24NOV65800PE","GOLD","2621.0","2024-11-26","65800","50.0","1","FUTCOM","PE","MCX_FO"
"MCX_FO|435132","435132","NATURALGAS24AUG215PE","NATURALGAS","39.9","2024-08-23","215","5.0","1250","FUTCOM","PE","MCX_FO"
"MCX_FO|434244","434244","SILVERM25APR102000PE","SILVER","17040.5","2025-04-21","102000","50.0","5","FUTCOM","PE","MCX_FO"
"MCX_FO|426904","426904","SILVERM24AUG74000PE","SILVER","501.5","2024-08-21","74000","50.0","5","FUTCOM","PE","MCX_FO"
"MCX_FO|430042","430042","SILVERM25FEB81000PE","SILVER","5258.5","2025-02-19","81000","50.0","5","FUTCOM","PE","MCX_FO"
"MCX_FO|430887","430887","SILVER25FEB90250PE","SILVER","10532.5","2025-02-24","90250","50.0","30","FUTCOM","PE","MCX_FO"
"MCX_FO|434866","434866","SILVERM25APR108750PE","SILVER","22096.0","2025-04-21","108750","50.0","5","FUTCOM","PE","MCX_FO"
"MCX_FO|435736","435736","GOLD25MAY73400CE","GOLD","4833.0","2025-05-27","73400","50.0","1","FUTCOM","CE","MCX_FO"
"MCX_FO|435856","435856","CRUDEOIL24SEP5400CE","CRUDE OIL","1081.1","2024-09-17","5400","10.0","100","FUTCOM","CE","MCX_FO"
"MCX_FO|433469","433469","SILVER25APR90250CE","SILVER","7807.0","2025-04-24","90250","50.0","30","FUTCOM","CE","MCX_FO"
"MCX_FO|436956","436956","CRUDEOIL24OCT6500PE","CRUDE OIL","218.2","2024-10-17","6500","10.0","100","FUTCOM","PE","MCX_FO"
"MCX_FO|436512","436512","GOLDM24SEP75000PE","GOLD","7555.5","2024-09-24","75000","50.0","100","FUTCOM","PE","MCX_FO"
"MCX_FO|426790","426790","SILVERM24AUG77500CE","SILVER","5207.5","2024-08-21","77500","50.0","5","FUTCOM","CE","MCX_FO"
"MCX_FO|436472","436472","GOLDM24SEP72900PE","GOLD","5885.5","2024-09-24","72900","50.0","100","FUTCOM","PE","MCX_FO"
"MCX_FO|434426","434426","GOLD25JAN77800CE","GOLD","2108.0","2025-01-27","77800","50.0","1","FUTCOM","CE","MCX_FO"
"MCX_FO|436866","436866","SILVER25JUN107000PE","SILVER","21969.5","2025-06-25","107000","50.0","30","FUTCOM","PE","MCX_FO"
"MCX_FO|435889","435889","CRUDEOIL24SEP6300PE","CRUDE OIL","95.6","2024-09-17","6300","10.0","100","FUTCOM","PE","MCX_FO"
"MCX_FO|436027","436027","CRUDEOILM24SEP7550PE","CRUDE OIL","1046.8","2024-09-17","7550","5.0","10","FUTCOM","PE","MCX_FO"
"MCX_FO|427253","427253","SILVER24NOV78250CE","SILVER","8868.5","2024-11-26","78250","50.0","30","FUTCOM","CE","MCX_FO"
"MCX_FO|435784","435784","GOLD25MAY73200PE","GOLD","8351.5","2025-05-27","73200","50.0","1","FUTCOM","PE","MCX_FO"
"MCX_FO|426856","426856","SILVERM24NOV75000CE","SILVER","10770.0","2024-11-20","75000","50.0","5","FUTCOM","CE","MCX_FO"
"MCX_FO|427677","427677","SILVERM24AUG70750CE","SILVER","10807.0","2024-08-21","70750","50.0","5","FUTCOM","CE","MCX_FO"
"MCX_FO|434650","434650","SILVER24NOV102500PE","SILVER","19761.5","2024-11-26","102500","50.0","30","FUTCOM","PE","MCX_FO"
"MCX_FO|437696","437696","SILVER25JUN84250CE","SILVER","12114.5","2025-06-25","84250","50.0","30","FUTCOM","CE","MCX_FO"
"MCX_FO|426779","426779","SILVER24AUG82000PE","SILVER","2652.5","2024-08-27","82000","50.0","30","FUTCOM","PE","MCX_FO"
"MCX_FO|427216","427216","GOLD24NOV62200PE","GOLD","1395.0","2024-11-26","62200","50.0","1","FUTCOM","PE","MCX_FO"
"MCX_FO|435841","435841","CRUDEOIL24SEP6150CE","CRUDE OIL","391.9","2024-09-17","6150","10.0","100","FUTCOM","CE","MCX_FO"
"MCX_FO|437234","437234","SILVERM25JUN91000PE","SILVER","11819.0","2025-06-19","91000","50.0","5","FUTCOM","PE","MCX_FO"
"MCX_FO|436367","436367","CRUDEOIL24SEP8100CE","CRUDE OIL","0.1","2024-09-17","8100","10.0","100","FUTCOM","CE","MCX_FO"
"MCX_FO|436360","436360","NATGASMINI24SEP140CE","NATURALGAS","48.35","2024-09-23","140","5.0","250","FUTCOM","CE","MCX_FO"
"MCX_FO|434358","434358","CRUDEOIL24AUG6400PE","CRUDE OIL","123.0","2024-08-14","6400","10.0","100","FUTCOM","PE","MCX_FO"
"MCX_FO|426803","426803","SILVERM24AUG74250CE","SILVER","7698.5","2024-08-21","74250","50.0","5","FUTCOM","CE","MCX_FO"
"MCX_FO|433751","433751","SILVER25FEB99250CE","SILVER","3806.0","2025-02-24","99250","50.0","30","FUTCOM","CE","MCX_FO"
"MCX_FO|431568","431568","SILVERM25FEB94750PE","SILVER","12871.0","2025-02-19","94750","50.0","5","FUTCOM","PE","MCX_FO"
"MCX_FO|436563","436563","GOLDM24SEP76200PE","GOLD","8573.5","2024-09-24","76200","50.0","100","FUTCOM","PE","MCX_FO"
"MCX_FO|436212","436212","NATGASMINI24SEP310PE","NATURALGAS","121.6","2024-09-23","310","5.0","250","FUTCOM","PE","MCX_FO"
"MCX_FO|429563","429563","GOLD25JAN69600CE","GOLD","4684.5","2025-01-27","69600","50.0","1","FUTCOM","CE","MCX_FO"
"MCX_FO|436772","436772","SILVERM25JUN94750PE","SILVER","13991.5","2025-06-19","94750","50.0","5","FUTCOM","PE","MCX_FO"
"MCX_FO|437214","437214","CRUDEOIL24OCT5200PE","CRUDE OIL","0.1","2024-10-17","5200","10.0","100","FUTCOM","PE","MCX_FO"
"MCX_FO|434637","434637","SILVER24AUG102000PE","SILVER","20574.0","2024-08-27","102000","50.0","30","FUTCOM","PE","MCX_FO"
"MCX_FO|437111","437111","CRUDEOILM24OCT6000CE","CRUDE OIL","489.4","2024-10-17","6000","5.0","10","FUTCOM","CE","MCX_FO"
"MCX_FO|430787","430787","GOLD24SEP71900PE","GOLD","5391.0","2024-09-24","71900","50.0","1","FUTCOM","PE","MCX_FO"
"MCX_FO|432202","432202","GOLD25MAR75600PE","GOLD","9517.5","2025-03-26","75600","50.0","1","FUTCOM","PE","MCX_FO"
"MCX_FO|427331","427331","SILVER24NOV82000PE","SILVER","5394.5","2024-11-26","82000","50.0","30","FUTCOM","PE","MCX_FO"
"MCX_FO|431991","431991","GOLD25MAR70900PE","GOLD","6620.5","2025-03-26","70900","50.0","1","FUTCOM","PE","MCX_FO"
"MCX_FO|428393","428393","GOLD24NOV59000CE","GOLD","9867.5","2024-11-26","59000","50.0","1","FUTCOM","CE","MCX_FO"
"MCX_FO|427674","427674","SILVER24NOV73250PE","SILVER","2094.0","2024-11-26","73250","50.0","30","FUTCOM","PE","MCX_FO"
"MCX_FO|434093","434093","SILVER25APR101500PE","SILVER","18097.0","2025-04-24","101500","50.0","30","FUTCOM","PE","MCX_FO"
"MCX_FO|436423","436423","GOLDM24SEP72800CE","GOLD","1098.5","2024-09-24","72800","50.0","100","FUTCOM","CE","MCX_FO"
"MCX_FO|427373","427373","GOLD24SEP66300PE","GOLD","2159.0","2024-09-24","66300","50.0","1","FUTCOM","PE","MCX_FO"
"MCX_FO|437071","437071","SILVER25JUN92750CE","SILVER","8614.5","2025-06-25","92750","50.0","30","FUTCOM","CE","MCX_FO"
"MCX_FO|436115","436115","NATURALGAS24SEP280CE","NATURALGAS","0.5","2024-09-23","280","5.0","1250","FUTCOM","CE","MCX_FO"
"MCX_FO|430802","430802","GOLD24NOV72300PE","GOLD","6131.5","2024-11-26","72300","50.0","1","FUTCOM","PE","MCX_FO"
"MCX_FO|427274","427274","SILVER24NOV80250CE","SILVER","7752.0","2024-11-26","80250","50.0","30","FUTCOM","CE","MCX_FO"
"MCX_FO|426757","426757","SILVER24AUG73250PE","SILVER","587.0","2024-08-27","73250","50.0","30","FUTCOM","PE","MCX_FO"
"MCX_FO|432142","432142","GOLD24NOV75400CE","GOLD","1487.5","2024-11-26","75400","50.0","1","FUTCOM","CE","MCX_FO"
"MCX_FO|431597","431597","GOLD24NOV74600CE","GOLD","1673.0","2024-11-26","74600","50.0","1","FUTCOM","CE","MCX_FO"
"MCX_FO|434167","434167","SILVERM25APR101250CE","SILVER","4395.5","2025-04-21","101250","50.0","5","FUTCOM","CE","MCX_FO"
"MCX_FO|430942","430942","SILVERM25FEB90500PE","SILVER","10159.5","2025-02-19","90500","50.0","5","FUTCOM","PE","MCX_FO"
"MCX_FO|433599","433599","SILVERM24NOV96000CE","SILVER","2005.0","2024-11-20","96000","50.0","5","FUTCOM","CE","MCX_FO"
"MCX_FO|436186","436186","NATGASMINI24SEP225PE","NATURALGAS","42.7","2024-09-23","225","5.0","250","FUTCOM","PE","MCX_FO"
"MCX_FO|429735","429735","GOLD24SEP69600PE","GOLD","3872.0","2024-09-24","69600","50.0","1","FUTCOM","PE","MCX_FO"
"MCX_FO|436079","436079","NATGASMINI24SEP240PE","NATURALGAS","55.4","2024-09-23","240","5.0","250","FUTCOM","PE","MCX_FO"
"MCX_FO|429397","429397","SILVER24NOV87750PE","SILVER","8600.0","2024-11-26","87750","50.0","30","FUTCOM","PE","MCX_FO"
"MCX_FO|429390","429390","SILVER24NOV87500CE","SILVER","4540.0","2024-11-26","87500","50.0","30","FUTCOM","CE","MCX_FO"
"MCX_FO|435290","435290","SILVER24AUG104250PE","SILVER","22792.0","2024-08-27","104250","50.0","30","FUTCOM","PE","MCX_FO"
"MCX_FO|437636","437636","GOLDM24AUG65500CE","GOLD","3340.5","2024-08-27","65500","50.0","100","FUTCOM","CE","MCX_FO"
"MCX_FO|435951","435951","CRUDEOILM24SEP5950CE","CRUDE OIL","556.15","2024-09-17","5950","5.0","10","FUTCOM","CE","MCX_FO"
"MCX_FO|437741","437741","SILVERM25APR84250CE","SILVER","10560.0","2025-04-21","84250","50.0","5","FUTCOM","CE","MCX_FO"
"MCX_FO|433486","433486","SILVER25APR86000CE","SILVER","9534.5","2025-04-24","86000","50.0","30","FUTCOM","CE","MCX_FO"
"MCX_FO|430869","430869","SILVER24AUG86250PE","SILVER","6324.5","2024-08-27","86250","50.0","30","FUTCOM","PE","MCX_FO"
"MCX_FO|429208","429208","GOLD25JAN67900PE","GOLD","4650.5","2025-01-27","67900","50.0","1","FUTCOM","PE","MCX_FO"
"MCX_FO|437039","437039","CRUDEOIL24OCT5350PE","CRUDE OIL","0.4","2024-10-17","5350","10.0","100","FUTCOM","PE","MCX_FO"
"MCX_FO|427294","427294","SILVER24NOV85250CE","SILVER","5401.5","2024-11-26","85250","50.0","30","FUTCOM","CE","MCX_FO"
"MCX_FO|427887","427887","SILVERM24NOV71000PE","SILVER","1327.0","2024-11-20","71000","50.0","5","FUTCOM","PE","MCX_FO"
"MCX_FO|427886","427886","SILVERM24NOV71250PE","SILVER","1378.0","2024-11-20","71250","50.0","5","FUTCOM","PE","MCX_FO"
"MCX_FO|435937","435937","CRUDEOILM24SEP6650CE","CRUDE OIL","105.8","2024-09-17","6650","5.0","10","FUTCOM","CE","MCX_FO"
"MCX_FO|434972","434972","CRUDEOILM24AUG6850PE","CRUDE OIL","307.7","2024-08-14","6850","5.0","10","FUTCOM","PE","MCX_FO"
"MCX_FO|427153","427153","GOLD24NOV63100CE","GOLD","6817.5","2024-11-26","63100","50.0","1","FUTCOM","CE","MCX_FO"
"MCX_FO|435086","435086","SILVER25APR109500CE","SILVER","2897.0","2025-04-24","109500","50.0","30","FUTCOM","CE","MCX_FO"
"MCX_FO|426936","426936","SILVERM24AUG83750PE","SILVER","4219.5","2024-08-21","83750","50.0","5","FUTCOM","PE","MCX_FO"
"MCX_FO|437875","437875","NATGASMINI24OCT190CE","NATURALGAS","0.0","2024-10-24","190","5.0","250","FUTCOM","CE","MCX_FO"
"MCX_FO|431154","431154","GOLD24SEP73000PE","GOLD","4684.5","2024-09-24","73000","50.0","1","FUTCOM","PE","MCX_FO"
"MCX_FO|435816","435816","GOLD25MAY74900PE","GOLD","9390.0","2025-05-27","74900","50.0","1","FUTCOM","PE","MCX_FO"
"MCX_FO|437638","437638","GOLDM24AUG65300CE","GOLD","3472.5","2024-08-27","65300","50.0","100","FUTCOM","CE","MCX_FO"
"MCX_FO|433889","433889","GOLD25MAR77900CE","GOLD","2726.5","2025-03-26","77900","50.0","1","FUTCOM","CE","MCX_FO"
"MCX_FO|434938","434938","CRUDEOILM24AUG7650CE","CRUDE OIL","0.05","2024-08-14","7650","5.0","10","FUTCOM","CE","MCX_FO"
"MCX_FO|432211","432211","GOLD25MAR76500PE","GOLD","10126.0","2025-03-26","76500","50.0","1","FUTCOM","PE","MCX_FO"
"MCX_FO|426867","426867","SILVERM24NOV80500CE","SILVER","7416.0","2024-11-20","80500","50.0","5","FUTCOM","CE","MCX_FO"
"MCX_FO|428611","428611","SILVERM24AUG67750CE","SILVER","13672.5","2024-08-21","67750","50.0","5","FUTCOM","CE","MCX_FO"
"MCX_FO|436205","436205","NATGASMINI24SEP275PE","NATURALGAS","87.7","2024-09-23","275","5.0","250","FUTCOM","PE","MCX_FO"
"MCX_FO|433007","433007","COPPER24AUG890CE","COPPER","0.09","2024-08-21","890","1.0","2500","FUTCOM","CE","MCX_FO"
"MCX_FO|426773","426773","SILVER24AUG80500PE","SILVER","1975.5","2024-08-27","80500","50.0","30","FUTCOM","PE","MCX_FO"
"MCX_FO|433648","433648","SILVERM25APR97750CE","SILVER","5324.5","2025-04-21","97750","50.0","5","FUTCOM","CE","MCX_FO"
"MCX_FO|435700","435700","GOLD25MAY72300PE","GOLD","7825.5","2025-05-27","72300","50.0","1","FUTCOM","PE","MCX_FO"
"MCX_FO|436531","436531","GOLDM24SEP70300CE","GOLD","1828.0","2024-09-24","70300","50.0","100","FUTCOM","CE","MCX_FO"
"MCX_FO|430923","430923","SILVERM24AUG86000PE","SILVER","5433.5","2024-08-21","86000","50.0","5","FUTCOM","PE","MCX_FO"
"MCX_FO|436394","436394","CRUDEOILM24AUG8200CE","CRUDE OIL","0.05","2024-08-14","8200","5.0","10","FUTCOM","CE","MCX_FO"
"MCX_FO|427695","427695","SILVER24AUG71250CE","SILVER","10346.0","2024-08-27","71250","50.0","30","FUTCOM","CE","MCX_FO"
"MCX_FO|426946","426946","SILVERM24NOV77500PE","SILVER","3135.0","2024-11-20","77500","50.0","5","FUTCOM","PE","MCX_FO"
"MCX_FO|435771","435771","GOLD25MAY70200PE","GOLD","6663.0","2025-05-27","70200","50.0","1","FUTCOM","PE","MCX_FO"
"MCX_FO|437562","437562","COPPER24SEP765CE","COPPER","45.97","2024-09-19","765","1.0","2500","FUTCOM","CE","MCX_FO"
"MCX_FO|432014","432014","GOLD25MAR74500PE","GOLD","8795.5","2025-03-26","74500","50.0","1","FUTCOM","PE","MCX_FO"
"MCX_FO|436620","436620","SILVER25JUN95250CE","SILVER","7762.0","2025-06-25","95250","50.0","30","FUTCOM","CE","MCX_FO"
"MCX_FO|435325","435325","SILVERM25FEB107500PE","SILVER","22479.0","2025-02-19","107500","50.0","5","FUTCOM","PE","MCX_FO"
"MCX_FO|427418","427418","GOLD24NOV67200CE","GOLD","4398.0","2024-11-26","67200","50.0","1","FUTCOM","CE","MCX_FO"
"MCX_FO|428386","428386","GOLD24SEP58800CE","GOLD","9259.0","2024-09-24","58800","50.0","1","FUTCOM","CE","MCX_FO"
"MCX_FO|437885","437885","NATGASMINI24OCT235CE","NATURALGAS","0.0","2024-10-24","235","5.0","250","FUTCOM","CE","MCX_FO"
"MCX_FO|430018","430018","SILVERM25FEB78000PE","SILVER","4076.5","2025-02-19","78000","50.0","5","FUTCOM","PE","MCX_FO"
"MCX_FO|428407","428407","GOLD24NOV57600CE","GOLD","11029.5","2024-11-26","57600","50.0","1","FUTCOM","CE","MCX_FO"
"MCX_FO|433459","433459","SILVER24AUG94500CE","SILVER","442.5","2024-08-27","94500","50.0","30","FUTCOM","CE","MCX_FO"
"MCX_FO|432445","432445","GOLD25MAR69900PE","GOLD","6071.0","2025-03-26","69900","50.0","1","FUTCOM","PE","MCX_FO"
"MCX_FO|436266","436266","COPPER24OCT835PE","COPPER","47.19","2024-10-22","835","1.0","2500","FUTCOM","PE","MCX_FO"
"MCX_FO|429710","429710","GOLD25JAN71000CE","GOLD","4124.0","2025-01-27","71000","50.0","1","FUTCOM","CE","MCX_FO"
"MCX_FO|437802","437802","NATURALGAS24OCT215CE","NATURALGAS","0.0","2024-10-24","215","5.0","1250","FUTCOM","CE","MCX_FO"
"MCX_FO|435813","435813","GOLD25MAY75300CE","GOLD","4214.0","2025-05-27","75300","50.0","1","FUTCOM","CE","MCX_FO"
"MCX_FO|432168","432168","GOLD25MAR76400CE","GOLD","3110.5","2025-03-26","76400","50.0","1","FUTCOM","CE","MCX_FO"
"MCX_FO|436516","436516","GOLDM24SEP75400PE","GOLD","7890.0","2024-09-24","75400","50.0","100","FUTCOM","PE","MCX_FO"
"MCX_FO|428156","428156","GOLD24NOV60800CE","GOLD","8458.0","2024-11-26","60800","50.0","1","FUTCOM","CE","MCX_FO"
"MCX_FO|434843","434843","SILVERM25FEB104750PE","SILVER","20253.5","2025-02-19","104750","50.0","5","FUTCOM","PE","MCX_FO"
"MCX_FO|428777","428777","GOLD25JAN61400CE","GOLD","9125.0","2025-01-27","61400","50.0","1","FUTCOM","CE","MCX_FO"
"MCX_FO|436371","436371","GOLD25MAY76700CE","GOLD","3801.5","2025-05-27","76700","50.0","1","FUTCOM","CE","MCX_FO"
"MCX_FO|433660","433660","SILVERM24AUG94250PE","SILVER","12905.0","2024-08-21","94250","50.0","5","FUTCOM","PE","MCX_FO"
"MCX_FO|434802","434802","SILVERM24AUG99750PE","SILVER","18240.5","2024-08-21","99750","50.0","5","FUTCOM","PE","MCX_FO"
"MCX_FO|429880","429880","SILVER25FEB77500CE","SILVER","12454.0","2025-02-24","77500","50.0","30","FUTCOM","CE","MCX_FO"
"MCX_FO|431399","431399","SILVERM25FEB93250PE","SILVER","11881.0","2025-02-19","93250","50.0","5","FUTCOM","PE","MCX_FO"
"MCX_FO|436713","436713","SILVERM25JUN97000CE","SILVER","7693.5","2025-06-19","97000","50.0","5","FUTCOM","CE","MCX_FO"
"MCX_FO|437067","437067","SILVER25JUN93750CE","SILVER","8264.5","2025-06-25","93750","50.0","30","FUTCOM","CE","MCX_FO"
"MCX_FO|435720","435720","GOLD25MAY70300CE","GOLD","5999.0","2025-05-27","70300","50.0","1","FUTCOM","CE","MCX_FO"
"MCX_FO|435902","435902","CRUDEOIL24SEP5650PE","CRUDE OIL","3.4","2024-09-17","5650","10.0","100","FUTCOM","PE","MCX_FO"
"MCX_FO|429902","429902","SILVER25FEB86000CE","SILVER","8113.5","2025-02-24","86000","50.0","30","FUTCOM","CE","MCX_FO"
"MCX_FO|431397","431397","SILVERM24NOV90500PE","SILVER","10015.5","2024-11-20","90500","50.0","5","FUTCOM","PE","MCX_FO"
"MCX_FO|436827","436827","GOLDM24AUG76700CE","GOLD","122.5","2024-08-27","76700","50.0","100","FUTCOM","CE","MCX_FO"
"MCX_FO|430848","430848","SILVER24AUG87250CE","SILVER","1194.5","2024-08-27","87250","50.0","30","FUTCOM","CE","MCX_FO"
"MCX_FO|437813","437813","NATURALGAS24OCT160CE","NATURALGAS","0.0","2024-10-24","160","5.0","1250","FUTCOM","CE","MCX_FO"
"MCX_FO|437664","437664","GOLDM24SEP66300PE","GOLD","1955.5","2024-09-24","66300","50.0","100","FUTCOM","PE","MCX_FO"
"MCX_FO|436123","436123","NATURALGAS24SEP320CE","NATURALGAS","0.1","2024-09-23","320","5.0","1250","FUTCOM","CE","MCX_FO"
"MCX_FO|435329","435329","SILVERM25APR110000PE","SILVER","23079.5","2025-04-21","110000","50.0","5","FUTCOM","PE","MCX_FO"
"MCX_FO|427209","427209","GOLD24NOV62900PE","GOLD","1594.0","2024-11-26","62900","50.0","1","FUTCOM","PE","MCX_FO"
"MCX_FO|436879","436879","SILVERM25JUN107750CE","SILVER","4924.5","2025-06-19","107750","50.0","5","FUTCOM","CE","MCX_FO"
"MCX_FO|432435","432435","GOLD25MAR69800CE","GOLD","5364.0","2025-03-26","69800","50.0","1","FUTCOM","CE","MCX_FO"
"MCX_FO|428773","428773","GOLD25JAN61800CE","GOLD","8861.5","2025-01-27","61800","50.0","1","FUTCOM","CE","MCX_FO"
"MCX_FO|427346","427346","SILVER24NOV85750PE","SILVER","7396.5","2024-11-26","85750","50.0","30","FUTCOM","PE","MCX_FO"
"MCX_FO|437363","437363","GOLDM24SEP68100CE","GOLD","2729.5","2024-09-24","68100","50.0","100","FUTCOM","CE","MCX_FO"
"MCX_FO|426654","426654","GOLD24SEP61300PE","GOLD","647.0","2024-09-24","61300","50.0","1","FUTCOM","PE","MCX_FO"
"MCX_FO|427198","427198","GOLD24NOV64000PE","GOLD","1944.5","2024-11-26","64000","50.0","1","FUTCOM","PE","MCX_FO"
"MCX_FO|434005","434005","SILVER25FEB100250CE","SILVER","3581.0","2025-02-24","100250","50.0","30","FUTCOM","CE","MCX_FO"
"MCX_FO|436730","436730","SILVERM25JUN101000CE","SILVER","6533.5","2025-06-19","101000","50.0","5","FUTCOM","CE","MCX_FO"
"MCX_FO|436064","436064","CRUDEOILM24AUG8000CE","CRUDE OIL","0.05","2024-08-14","8000","5.0","10","FUTCOM","CE","MCX_FO"
"MCX_FO|437389","437389","GOLDM24SEP70100CE","GOLD","1899.5","2024-09-24","70100","50.0","100","FUTCOM","CE","MCX_FO"
"MCX_FO|433978","433978","SILVER24AUG96250CE","SILVER","168.5","2024-08-27","96250","50.0","30","FUTCOM","CE","MCX_FO"
"MCX_FO|428418","428418","GOLD24SEP58900PE","GOLD","304.5","2024-09-24","58900","50.0","1","FUTCOM","PE","MCX_FO"
"MCX_FO|435821","435821","GOLD25MAY75400PE","GOLD","9706.0","2025-05-27","75400","50.0","1","FUTCOM","PE","MCX_FO"
"MCX_FO|434719","434719","SILVERM24AUG100500CE","SILVER","25.5","2024-08-21","100500","50.0","5","FUTCOM","CE","MCX_FO"
"MCX_FO|434048","434048","SILVER24AUG95250PE","SILVER","14044.5","2024-08-27","95250","50.0","30","FUTCOM","PE","MCX_FO"
"MCX_FO|431909","431909","GOLD25MAR72700CE","GOLD","4252.5","2025-03-26","72700","50.0","1","FUTCOM","CE","MCX_FO"
"MCX_FO|437873","437873","NATGASMINI24OCT200CE","NATURALGAS","0.0","2024-10-24","200","5.0","250","FUTCOM","CE","MCX_FO"
"MCX_FO|436777","436777","SILVERM25JUN100250PE","SILVER","17467.5","2025-06-19","100250","50.0","5","FUTCOM","PE","MCX_FO"
"MCX_FO|429949","429949","SILVER25FEB85250PE","SILVER","7744.5","2025-02-24","85250","50.0","30","FUTCOM","PE","MCX_FO"
"MCX_FO|430851","430851","SILVER24NOV88500CE","SILVER","4193.0","2024-11-26","88500","50.0","30","FUTCOM","CE","MCX_FO"
"MCX_FO|434153","434153","SILVERM25FEB99250CE","SILVER","3471.5","2025-02-19","99250","50.0","5","FUTCOM","CE","MCX_FO"
"MCX_FO|430036","430036","SILVERM25FEB73500PE","SILVER","2639.0","2025-02-19","73500","50.0","5","FUTCOM","PE","MCX_FO"
"MCX_FO|436775","436775","SILVERM25JUN94000PE","SILVER","13543.5","2025-06-19","94000","50.0","5","FUTCOM","PE","MCX_FO"
"MCX_FO|437369","437369","GOLDM24SEP67500CE","GOLD","3021.5","2024-09-24","67500","50.0","100","FUTCOM","CE","MCX_FO"
"MCX_FO|427744","427744","SILVERM24AUG69750CE","SILVER","11748.0","2024-08-21","69750","50.0","5","FUTCOM","CE","MCX_FO"
"MCX_FO|437054","437054","CRUDEOIL24OCT7150PE","CRUDE OIL","738.6","2024-10-17","7150","10.0","100","FUTCOM","PE","MCX_FO"
"MCX_FO|429693","429693","GOLD24NOV69900CE","GOLD","3172.0","2024-11-26","69900","50.0","1","FUTCOM","CE","MCX_FO"
"MCX_FO|437103","437103","CRUDEOILM24OCT6400CE","CRUDE OIL","252.15","2024-10-17","6400","5.0","10","FUTCOM","CE","MCX_FO"
"MCX_FO|426906","426906","SILVERM24AUG73500PE","SILVER","430.0","2024-08-21","73500","50.0","5","FUTCOM","PE","MCX_FO"
"MCX_FO|435490","435490","GOLDM24AUG72400CE","GOLD","571.5","2024-08-27","72400","50.0","100","FUTCOM","CE","MCX_FO"
"MCX_FO|430991","430991","SILVER24AUG88000PE","SILVER","7321.5","2024-08-27","88000","50.0","30","FUTCOM","PE","MCX_FO"
"MCX_FO|427698","427698","SILVER24AUG70500CE","SILVER","11022.0","2024-08-27","70500","50.0","30","FUTCOM","CE","MCX_FO"
"MCX_FO|437505","437505","SILVER25JUN86500PE","SILVER","9191.5","2025-06-25","86500","50.0","30","FUTCOM","PE","MCX_FO"
"MCX_FO|428775","428775","GOLD25JAN61600CE","GOLD","8993.0","2025-01-27","61600","50.0","1","FUTCOM","CE","MCX_FO"
"MCX_FO|427270","427270","SILVER24NOV74000CE","SILVER","11576.0","2024-11-26","74000","50.0","30","FUTCOM","CE","MCX_FO"
"MCX_FO|429865","429865","SILVER25FEB81500CE","SILVER","10242.5","2025-02-24","81500","50.0","30","FUTCOM","CE","MCX_FO"
"MCX_FO|435974","435974","CRUDEOILM24SEP7450CE","CRUDE OIL","3.2","2024-09-17","7450","5.0","10","FUTCOM","CE","MCX_FO"
"MCX_FO|434455","434455","GOLD24NOV77400PE","GOLD","9893.5","2024-11-26","77400","50.0","1","FUTCOM","PE","MCX_FO"
"MCX_FO|437486","437486","SILVER25JUN86750CE","SILVER","10983.5","2025-06-25","86750","50.0","30","FUTCOM","CE","MCX_FO"
"MCX_FO|428814","428814","GOLD25JAN62700PE","GOLD","2481.5","2025-01-27","62700","50.0","1","FUTCOM","PE","MCX_FO"
"MCX_FO|435304","435304","SILVERM24AUG104000CE","SILVER","8.0","2024-08-21","104000","50.0","5","FUTCOM","CE","MCX_FO"
"MCX_FO|435241","435241","NATGASMINI24AUG215PE","NATURALGAS","39.85","2024-08-23","215","5.0","250","FUTCOM","PE","MCX_FO"
"MCX_FO|435517","435517","GOLDM24AUG72800CE","GOLD","502.5","2024-08-27","72800","50.0","100","FUTCOM","CE","MCX_FO"
"MCX_FO|435789","435789","GOLD25MAY73700PE","GOLD","8651.0","2025-05-27","73700","50.0","1","FUTCOM","PE","MCX_FO"
"MCX_FO|437729","437729","SILVER25JUN84000PE","SILVER","7989.0","2025-06-25","84000","50.0","30","FUTCOM","PE","MCX_FO"
"MCX_FO|437296","437296","GOLD25MAR68100PE","GOLD","5144.5","2025-03-26","68100","50.0","1","FUTCOM","PE","MCX_FO"
"MCX_FO|436224","436224","COPPER24SEP790PE","COPPER","20.25","2024-09-19","790","1.0","2500","FUTCOM","PE","MCX_FO"
"MCX_FO|433750","433750","SILVER24NOV96750CE","SILVER","2076.0","2024-11-26","96750","50.0","30","FUTCOM","CE","MCX_FO"
"MCX_FO|428268","428268","GOLD24SEP59400CE","GOLD","8732.0","2024-09-24","59400","50.0","1","FUTCOM","CE","MCX_FO"
"MCX_FO|428417","428417","GOLD24SEP59000PE","GOLD","315.0","2024-09-24","59000","50.0","1","FUTCOM","PE","MCX_FO"
"MCX_FO|434562","434562","SILVER24NOV102250CE","SILVER","1244.0","2024-11-26","102250","50.0","30","FUTCOM","CE","MCX_FO"
"MCX_FO|428847","428847","GOLD25JAN63900PE","GOLD","2909.5","2025-01-27","63900","50.0","1","FUTCOM","PE","MCX_FO"
"MCX_FO|437568","437568","GOLD25MAR67700CE","GOLD","6299.0","2025-03-26","67700","50.0","1","FUTCOM","CE","MCX_FO"
"MCX_FO|436851","436851","GOLDM24SEP77100PE","GOLD","9362.0","2024-09-24","77100","50.0","100","FUTCOM","PE","MCX_FO"
"MCX_FO|432156","432156","GOLD25JAN76200CE","GOLD","2487.0","2025-01-27","76200","50.0","1","FUTCOM","CE","MCX_FO"
"MCX_FO|437652","437652","GOLDM24AUG66200PE","GOLD","1354.0","2024-08-27","66200","50.0","100","FUTCOM","PE","MCX_FO"
"MCX_FO|431516","431516","SILVER24AUG90500PE","SILVER","9736.0","2024-08-27","90500","50.0","30","FUTCOM","PE","MCX_FO"
"MCX_FO|428169","428169","GOLD24NOV60500PE","GOLD","984.5","2024-11-26","60500","50.0","1","FUTCOM","PE","MCX_FO"
"MCX_FO|431121","431121","GOLD25JAN73400CE","GOLD","3285.5","2025-01-27","73400","50.0","1","FUTCOM","CE","MCX_FO"
"MCX_FO|431361","431361","SILVER24NOV91250PE","SILVER","10913.5","2024-11-26","91250","50.0","30","FUTCOM","PE","MCX_FO"
"MCX_FO|434712","434712","SILVERM24AUG98750CE","SILVER","44.5","2024-08-21","98750","50.0","5","FUTCOM","CE","MCX_FO"
"MCX_FO|436342","436342","CRUDEOILM24SEP8100CE","CRUDE OIL","0.05","2024-09-17","8100","5.0","10","FUTCOM","CE","MCX_FO"
"MCX_FO|433617","433617","SILVERM25APR87250CE","SILVER","9144.0","2025-04-21","87250","50.0","5","FUTCOM","CE","MCX_FO"
"MCX_FO|437232","437232","SILVERM25JUN91500PE","SILVER","12098.5","2025-06-19","91500","50.0","5","FUTCOM","PE","MCX_FO"
"MCX_FO|435945","435945","CRUDEOILM24SEP6250CE","CRUDE OIL","314.6","2024-09-17","6250","5.0","10","FUTCOM","CE","MCX_FO"
"MCX_FO|437231","437231","SILVERM25JUN91750PE","SILVER","12240.0","2025-06-19","91750","50.0","5","FUTCOM","PE","MCX_FO"
"MCX_FO|434919","434919","CRUDEOILM24AUG6700CE","CRUDE OIL","78.25","2024-08-14","6700","5.0","10","FUTCOM","CE","MCX_FO"
"MCX_FO|429984","429984","SILVERM25FEB74000CE","SILVER","14457.0","2025-02-19","74000","50.0","5","FUTCOM","CE","MCX_FO"
"MCX_FO|437453","437453","GOLDM24SEP67200PE","GOLD","2353.0","2024-09-24","67200","50.0","100","FUTCOM","PE","MCX_FO"
"MCX_FO|434962","434962","CRUDEOILM24AUG5600PE","CRUDE OIL","0.05","2024-08-14","5600","5.0","10","FUTCOM","PE","MCX_FO"
"MCX_FO|437609","437609","GOLD25MAR66700PE","GOLD","4481.5","2025-03-26","66700","50.0","1","FUTCOM","PE","MCX_FO"
"MCX_FO|436532","436532","GOLDM24SEP70600PE","GOLD","4262.5","2024-09-24","70600","50.0","100","FUTCOM","PE","MCX_FO"
"MCX_FO|433385","433385","GOLD25JAN77000CE","GOLD","2291.0","2025-01-27","77000","50.0","1","FUTCOM","CE","MCX_FO"
"MCX_FO|436274","436274","COPPER24OCT870PE","COPPER","69.9","2024-10-22","870","1.0","2500","FUTCOM","PE","MCX_FO"
"MCX_FO|429942","429942","SILVER25FEB83500PE","SILVER","6873.0","2025-02-24","83500","50.0","30","FUTCOM","PE","MCX_FO"
"MCX_FO|437805","437805","NATURALGAS24OCT200CE","NATURALGAS","0.0","2024-10-24","200","5.0","1250","FUTCOM","CE","MCX_FO"
"MCX_FO|433691","433691","SILVERM25APR85750PE","SILVER","7238.5","2025-04-21","85750","50.0","5","FUTCOM","PE","MCX_FO"
"MCX_FO|437290","437290","GOLD25MAY68900CE","GOLD","6593.0","2025-05-27","68900","50.0","1","FUTCOM","CE","MCX_FO"
"MCX_FO|435246","435246","NATGASMINI24AUG190PE","NATURALGAS","22.05","2024-08-23","190","5.0","250","FUTCOM","PE","MCX_FO"
"MCX_FO|435559","435559","GOLDM24AUG70500PE","GOLD","3737.5","2024-08-27","70500","50.0","100","FUTCOM","PE","MCX_FO"
"MCX_FO|433772","433772","SILVER24NOV96500PE","SILVER","14813.0","2024-11-26","96500","50.0","30","FUTCOM","PE","MCX_FO"
"MCX_FO|437500","437500","SILVER25JUN87750PE","SILVER","9825.5","2025-06-25","87750","50.0","30","FUTCOM","PE","MCX_FO"
"MCX_FO|429921","429921","SILVER25FEB80000PE","SILVER","5302.0","2025-02-24","80000","50.0","30","FUTCOM","PE","MCX_FO"
"MCX_FO|431343","431343","SILVER24NOV91500CE","SILVER","3278.5","2024-11-26","91500","50.0","30","FUTCOM","CE","MCX_FO"
"MCX_FO|435520","435520","GOLDM24AUG73100CE","GOLD","455.0","2024-08-27","73100","50.0","100","FUTCOM","CE","MCX_FO"
"MCX_FO|433411","433411","GOLD25JAN76500PE","GOLD","9916.5","2025-01-27","76500","50.0","1","FUTCOM","PE","MCX_FO"
"MCX_FO|432066","432066","SILVER25FEB97500CE","SILVER","4229.5","2025-02-24","97500","50.0","30","FUTCOM","CE","MCX_FO"
"MCX_FO|433712","433712","SILVERM25APR96750PE","SILVER","13462.0","2025-04-21","96750","50.0","5","FUTCOM","PE","MCX_FO"
"MCX_FO|436515","436515","GOLDM24SEP75300PE","GOLD","7806.0","2024-09-24","75300","50.0","100","FUTCOM","PE","MCX_FO"
"MCX_FO|437385","437385","GOLDM24SEP69700CE","GOLD","2048.0","2024-09-24","69700","50.0","100","FUTCOM","CE","MCX_FO"
"MCX_FO|431913","431913","GOLD25MAR72300CE","GOLD","4394.0","2025-03-26","72300","50.0","1","FUTCOM","CE","MCX_FO"
"MCX_FO|436662","436662","SILVER25JUN97250PE","SILVER","15304.0","2025-06-25","97250","50.0","30","FUTCOM","PE","MCX_FO"
"MCX_FO|434322","434322","CRUDEOIL24AUG5700CE","CRUDE OIL","868.8","2024-08-14","5700","10.0","100","FUTCOM","CE","MCX_FO"
"MCX_FO|435213","435213","NATGASMINI24AUG205CE","NATURALGAS","2.15","2024-08-23","205","5.0","250","FUTCOM","CE","MCX_FO"
"MCX_FO|433551","433551","SILVER25APR86250PE","SILVER","8620.0","2025-04-24","86250","50.0","30","FUTCOM","PE","MCX_FO"
"MCX_FO|436176","436176","NATGASMINI24SEP280CE","NATURALGAS","0.75","2024-09-23","280","5.0","250","FUTCOM","CE","MCX_FO"
"MCX_FO|436083","436083","COPPER24AUG805CE","COPPER","10.42","2024-08-21","805","1.0","2500","FUTCOM","CE","MCX_FO"
"MCX_FO|429911","429911","SILVER25FEB88250CE","SILVER","7186.5","2025-02-24","88250","50.0","30","FUTCOM","CE","MCX_FO"
"MCX_FO|437191","437191","CRUDEOILM24OCT7250PE","CRUDE OIL","871.95","2024-10-17","7250","5.0","10","FUTCOM","PE","MCX_FO"
"MCX_FO|428402","428402","GOLD24NOV58100CE","GOLD","10608.5","2024-11-26","58100","50.0","1","FUTCOM","CE","MCX_FO"
"MCX_FO|429936","429936","SILVER25FEB76000PE","SILVER","3791.0","2025-02-24","76000","50.0","30","FUTCOM","PE","MCX_FO"
"MCX_FO|436286","436286","ZINC24OCT252.5CE","ZINC","15.67","2024-10-22","252.5","1.0","5","FUTCOM","CE","MCX_FO"
"MCX_FO|433511","433511","SILVER25APR96500CE","SILVER","5739.5","2025-04-24","96500","50.0","30","FUTCOM","CE","MCX_FO"
"MCX_FO|434689","434689","SILVER25APR108000PE","SILVER","22963.0","2025-04-24","108000","50.0","30","FUTCOM","PE","MCX_FO"
"MCX_FO|433492","433492","SILVER25APR91750CE","SILVER","7261.5","2025-04-24","91750","50.0","30","FUTCOM","CE","MCX_FO"
"MCX_FO|431180","431180","GOLD25JAN72700PE","GOLD","7354.5","2025-01-27","72700","50.0","1","FUTCOM","PE","MCX_FO"
"MCX_FO|435679","435679","ZINC24AUG232.5CE","ZINC","19.93","2024-08-21","232.5","1.0","5","FUTCOM","CE","MCX_FO"
"MCX_FO|427883","427883","SILVER24AUG69500PE","SILVER","187.0","2024-08-27","69500","50.0","30","FUTCOM","PE","MCX_FO"
"MCX_FO|433803","433803","SILVERM25APR100250CE","SILVER","4645.5","2025-04-21","100250","50.0","5","FUTCOM","CE","MCX_FO"
"MCX_FO|432017","432017","GOLD25MAR74800PE","GOLD","8990.0","2025-03-26","74800","50.0","1","FUTCOM","PE","MCX_FO"
"MCX_FO|429286","429286","GOLD24NOV68800CE","GOLD","3637.0","2024-11-26","68800","50.0","1","FUTCOM","CE","MCX_FO"
"MCX_FO|431717","431717","SILVERM24AUG91250PE","SILVER","10124.5","2024-08-21","91250","50.0","5","FUTCOM","PE","MCX_FO"
"MCX_FO|430012","430012","SILVERM25FEB86000CE","SILVER","7781.0","2025-02-19","86000","50.0","5","FUTCOM","CE","MCX_FO"
"MCX_FO|434249","434249","SILVERM25APR103250PE","SILVER","17941.0","2025-04-21","103250","50.0","5","FUTCOM","PE","MCX_FO"
"MCX_FO|430359","430359","GOLD24NOV71200CE","GOLD","2681.5","2024-11-26","71200","50.0","1","FUTCOM","CE","MCX_FO"
"MCX_FO|427187","427187","GOLD24NOV66000CE","GOLD","5036.0","2024-11-26","66000","50.0","1","FUTCOM","CE","MCX_FO"
"MCX_FO|437182","437182","CRUDEOILM24OCT6800PE","CRUDE OIL","503.85","2024-10-17","6800","5.0","10","FUTCOM","PE","MCX_FO"
"MCX_FO|436149","436149","NATURALGAS24SEP300PE","NATURALGAS","112.7","2024-09-23","300","5.0","1250","FUTCOM","PE","MCX_FO"
"MCX_FO|434288","434288","COPPER24AUG995CE","COPPER","0.01","2024-08-21","995","1.0","2500","FUTCOM","CE","MCX_FO"
"MCX_FO|437166","437166","CRUDEOILM24OCT5850PE","CRUDE OIL","61.75","2024-10-17","5850","5.0","10","FUTCOM","PE","MCX_FO"
"MCX_FO|429682","429682","GOLD24SEP69300CE","GOLD","2281.5","2024-09-24","69300","50.0","1","FUTCOM","CE","MCX_FO"
"MCX_FO|431822","431822","GOLD24SEP75400PE","GOLD","8116.5","2024-09-24","75400","50.0","1","FUTCOM","PE","MCX_FO"
"MCX_FO|427315","427315","SILVER24NOV75250PE","SILVER","2679.5","2024-11-26","75250","50.0","30","FUTCOM","PE","MCX_FO"
"MCX_FO|428837","428837","GOLD25JAN60400PE","GOLD","1779.5","2025-01-27","60400","50.0","1","FUTCOM","PE","MCX_FO"
"MCX_FO|427266","427266","SILVER24NOV75000CE","SILVER","10898.5","2024-11-26","75000","50.0","30","FUTCOM","CE","MCX_FO"
"MCX_FO|435254","435254","NATGASMINI24AUG255PE","NATURALGAS","78.5","2024-08-23","255","5.0","250","FUTCOM","PE","MCX_FO"
"MCX_FO|427970","427970","GOLD24SEP60700CE","GOLD","7629.5","2024-09-24","60700","50.0","1","FUTCOM","CE","MCX_FO"
"MCX_FO|427400","427400","SILVER24AUG85000PE","SILVER","4758.0","2024-08-27","85000","50.0","30","FUTCOM","PE","MCX_FO"
"MCX_FO|436810","436810","GOLD25MAY78400CE","GOLD","3346.5","2025-05-27","78400","50.0","1","FUTCOM","CE","MCX_FO"
"MCX_FO|429587","429587","GOLD24NOV68900PE","GOLD","4091.5","2024-11-26","68900","50.0","1","FUTCOM","PE","MCX_FO"
"MCX_FO|431193","431193","GOLD25JAN74000PE","GOLD","8192.5","2025-01-27","74000","50.0","1","FUTCOM","PE","MCX_FO"
"MCX_FO|437026","437026","CRUDEOIL24OCT6000PE","CRUDE OIL","35.1","2024-10-17","6000","10.0","100","FUTCOM","PE","MCX_FO"
"MCX_FO|431947","431947","GOLD25MAR74200CE","GOLD","3754.0","2025-03-26","74200","50.0","1","FUTCOM","CE","MCX_FO"
"MCX_FO|437412","437412","GOLDM24AUG68700PE","GOLD","2574.5","2024-08-27","68700","50.0","100","FUTCOM","PE","MCX_FO"
"MCX_FO|437481","437481","SILVER25JUN88000CE","SILVER","10450.5","2025-06-25","88000","50.0","30","FUTCOM","CE","MCX_FO"
"MCX_FO|436925","436925","NATGASMINI24SEP115CE","NATURALGAS","71.55","2024-09-23","115","5.0","250","FUTCOM","CE","MCX_FO"
"MCX_FO|430050","430050","SILVERM25FEB83000PE","SILVER","6146.5","2025-02-19","83000","50.0","5","FUTCOM","PE","MCX_FO"
"MCX_FO|427172","427172","GOLD24NOV64500CE","GOLD","5916.0","2024-11-26","64500","50.0","1","FUTCOM","CE","MCX_FO"
"MCX_FO|437283","437283","GOLD25MAY69600CE","GOLD","6290.5","2025-05-27","69600","50.0","1","FUTCOM","CE","MCX_FO"
"MCX_FO|431904","431904","GOLD24NOV75100CE","GOLD","1555.0","2024-11-26","75100","50.0","1","FUTCOM","CE","MCX_FO"
"MCX_FO|426811","426811","SILVERM24AUG72250CE","SILVER","9433.5","2024-08-21","72250","50.0","5","FUTCOM","CE","MCX_FO"
"MCX_FO|437545","437545","CRUDEOILM24SEP5200PE","CRUDE OIL","0.05","2024-09-17","5200","5.0","10","FUTCOM","PE","MCX_FO"
"MCX_FO|434597","434597","SILVER25APR106750CE","SILVER","3362.5","2025-04-24","106750","50.0","30","FUTCOM","CE","MCX_FO"
"MCX_FO|432120","432120","SILVERM24NOV93500PE","SILVER","12161.0","2024-11-20","93500","50.0","5","FUTCOM","PE","MCX_FO"
"MCX_FO|433360","433360","COPPER24AUG945CE","COPPER","0.01","2024-08-21","945","1.0","2500","FUTCOM","CE","MCX_FO"
"MCX_FO|426721","426721","SILVER24AUG80000CE","SILVER","2982.5","2024-08-27","80000","50.0","30","FUTCOM","CE","MCX_FO"
"MCX_FO|430045","430045","SILVERM25FEB81750PE","SILVER","5582.5","2025-02-19","81750","50.0","5","FUTCOM","PE","MCX_FO"
"MCX_FO|432001","432001","GOLD25MAR73200PE","GOLD","7976.5","2025-03-26","73200","50.0","1","FUTCOM","PE","MCX_FO"
"MCX_FO|437439","437439","GOLDM24SEP68600PE","GOLD","3063.0","2024-09-24","68600","50.0","100","FUTCOM","PE","MCX_FO"
"MCX_FO|429278","429278","GOLD24NOV68000CE","GOLD","4004.5","2024-11-26","68000","50.0","1","FUTCOM","CE","MCX_FO"
"MCX_FO|436477","436477","GOLDM24SEP72400PE","GOLD","5512.5","2024-09-24","72400","50.0","100","FUTCOM","PE","MCX_FO"
"MCX_FO|437072","437072","SILVER25JUN92500CE","SILVER","8704.0","2025-06-25","92500","50.0","30","FUTCOM","CE","MCX_FO"
"MCX_FO|434857","434857","SILVERM25APR106500PE","SILVER","20360.5","2025-04-21","106500","50.0","5","FUTCOM","PE","MCX_FO"
"MCX_FO|437436","437436","GOLDM24SEP68900PE","GOLD","3229.0","2024-09-24","68900","50.0","100","FUTCOM","PE","MCX_FO"
"MCX_FO|434940","434940","CRUDEOILM24AUG7750CE","CRUDE OIL","0.05","2024-08-14","7750","5.0","10","FUTCOM","CE","MCX_FO"
"MCX_FO|430752","430752","GOLD24NOV72200CE","GOLD","2345.5","2024-11-26","72200","50.0","1","FUTCOM","CE","MCX_FO"
"MCX_FO|436449","436449","GOLDM24SEP73700CE","GOLD","901.5","2024-09-24","73700","50.0","100","FUTCOM","CE","MCX_FO"
"MCX_FO|434199","434199","SILVERM24AUG96000PE","SILVER","14580.0","2024-08-21","96000","50.0","5","FUTCOM","PE","MCX_FO"
"MCX_FO|426932","426932","SILVERM24AUG82750PE","SILVER","3609.0","2024-08-21","82750","50.0","5","FUTCOM","PE","MCX_FO"
"MCX_FO|427559","427559","GOLD24SEP67100PE","GOLD","2521.0","2024-09-24","67100","50.0","1","FUTCOM","PE","MCX_FO"
"MCX_FO|434943","434943","CRUDEOILM24AUG6550PE","CRUDE OIL","198.75","2024-08-14","6550","5.0","10","FUTCOM","PE","MCX_FO"
"MCX_FO|427318","427318","SILVER24NOV74500PE","SILVER","2448.5","2024-11-26","74500","50.0","30","FUTCOM","PE","MCX_FO"
"MCX_FO|436428","436428","GOLDM24SEP72300CE","GOLD","1222.0","2024-09-24","72300","50.0","100","FUTCOM","CE","MCX_FO"
"MCX_FO|437629","437629","GOLDM24AUG66200CE","GOLD","2902.0","2024-08-27","66200","50.0","100","FUTCOM","CE","MCX_FO"
"MCX_FO|432442","432442","GOLD25MAR69100CE","GOLD","5663.0","2025-03-26","69100","50.0","1","FUTCOM","CE","MCX_FO"
"MCX_FO|429945","429945","SILVER25FEB84250PE","SILVER","7239.5","2025-02-24","84250","50.0","30","FUTCOM","PE","MCX_FO"
"MCX_FO|430983","430983","SILVER24AUG88750CE","SILVER","894.0","2024-08-27","88750","50.0","30","FUTCOM","CE","MCX_FO"
"MCX_FO|436846","436846","GOLDM24SEP76600PE","GOLD","8921.5","2024-09-24","76600","50.0","100","FUTCOM","PE","MCX_FO"
"MCX_FO|433789","433789","SILVER25APR101000PE","SILVER","17740.0","2025-04-24","101000","50.0","30","FUTCOM","PE","MCX_FO"
"MCX_FO|427322","427322","SILVER24NOV73500PE","SILVER","2162.0","2024-11-26","73500","50.0","30","FUTCOM","PE","MCX_FO"
"MCX_FO|430803","430803","GOLD24NOV72400PE","GOLD","6197.5","2024-11-26","72400","50.0","1","FUTCOM","PE","MCX_FO"
"MCX_FO|436812","436812","GOLD25MAY78600CE","GOLD","3296.0","2025-05-27","78600","50.0","1","FUTCOM","CE","MCX_FO"
"MCX_FO|432057","432057","SILVER24AUG92500CE","SILVER","251.0","2024-08-27","92500","50.0","30","FUTCOM","CE","MCX_FO"
"MCX_FO|433994","433994","SILVER24NOV98250CE","SILVER","1811.0","2024-11-26","98250","50.0","30","FUTCOM","CE","MCX_FO"
"MCX_FO|431454","431454","GOLD24SEP74100PE","GOLD","7054.0","2024-09-24","74100","50.0","1","FUTCOM","PE","MCX_FO"
"MCX_FO|437061","437061","CRUDEOIL24OCT7500PE","CRUDE OIL","1074.8","2024-10-17","7500","10.0","100","FUTCOM","PE","MCX_FO"
"MCX_FO|429749","429749","GOLD24NOV70500PE","GOLD","4998.5","2024-11-26","70500","50.0","1","FUTCOM","PE","MCX_FO"
"MCX_FO|435623","435623","GOLDM24AUG69900PE","GOLD","3325.0","2024-08-27","69900","50.0","100","FUTCOM","PE","MCX_FO"
"MCX_FO|429964","429964","SILVERM25FEB79250CE","SILVER","11184.0","2025-02-19","79250","50.0","5","FUTCOM","CE","MCX_FO"
"MCX_FO|427972","427972","GOLD24SEP60500CE","GOLD","7795.5","2024-09-24","60500","50.0","1","FUTCOM","CE","MCX_FO"
"MCX_FO|436694","436694","SILVER25JUN104750PE","SILVER","20351.0","2025-06-25","104750","50.0","30","FUTCOM","PE","MCX_FO"
"MCX_FO|436605","436605","SILVER25JUN99000CE","SILVER","6619.5","2025-06-25","99000","50.0","30","FUTCOM","CE","MCX_FO"
"MCX_FO|430846","430846","SILVER24AUG86750CE","SILVER","1311.5","2024-08-27","86750","50.0","30","FUTCOM","CE","MCX_FO"
"MCX_FO|437383","437383","GOLDM24SEP69500CE","GOLD","2126.0","2024-09-24","69500","50.0","100","FUTCOM","CE","MCX_FO"
"MCX_FO|431915","431915","GOLD25MAR72100CE","GOLD","4466.0","2025-03-26","72100","50.0","1","FUTCOM","CE","MCX_FO"
"MCX_FO|436503","436503","GOLDM24SEP74100PE","GOLD","6820.5","2024-09-24","74100","50.0","100","FUTCOM","PE","MCX_FO"
"MCX_FO|434729","434729","SILVERM24AUG103000CE","SILVER","11.0","2024-08-21","103000","50.0","5","FUTCOM","CE","MCX_FO"
"MCX_FO|426678","426678","GOLD24SEP65600PE","GOLD","1871.0","2024-09-24","65600","50.0","1","FUTCOM","PE","MCX_FO"
"MCX_FO|426886","426886","SILVERM24NOV85250CE","SILVER","5163.5","2024-11-20","85250","50.0","5","FUTCOM","CE","MCX_FO"
"MCX_FO|437732","437732","SILVER25JUN83250PE","SILVER","7645.5","2025-06-25","83250","50.0","30","FUTCOM","PE","MCX_FO"
"MCX_FO|426975","426975","SILVERM24NOV82500PE","SILVER","5271.0","2024-11-20","82500","50.0","5","FUTCOM","PE","MCX_FO"
"MCX_FO|437908","437908","NATGASMINI24OCT175PE","NATURALGAS","0.0","2024-10-24","175","5.0","250","FUTCOM","PE","MCX_FO"
"MCX_FO|431878","431878","GOLD25MAR72800PE","GOLD","7731.5","2025-03-26","72800","50.0","1","FUTCOM","PE","MCX_FO"
"MCX_FO|435403","435403","ZINC24SEP257.5PE","ZINC","16.36","2024-09-19","257.5","1.0","5","FUTCOM","PE","MCX_FO"
"MCX_FO|433658","433658","SILVERM24AUG93750PE","SILVER","12432.5","2024-08-21","93750","50.0","5","FUTCOM","PE","MCX_FO"
"MCX_FO|435643","435643","ZINC24SEP235PE","ZINC","6.0","2024-09-19","235","1.0","5","FUTCOM","PE","MCX_FO"
"MCX_FO|426740","426740","SILVER24AUG77500PE","SILVER","1607.5","2024-08-27","77500","50.0","30","FUTCOM","PE","MCX_FO"
"MCX_FO|437246","437246","CRUDEOILM24OCT5250PE","CRUDE OIL","5.3","2024-10-17","5250","5.0","10","FUTCOM","PE","MCX_FO"
"MCX_FO|434633","434633","SILVER24AUG101000PE","SILVER","19592.0","2024-08-27","101000","50.0","30","FUTCOM","PE","MCX_FO"
"MCX_FO|429340","429340","GOLD25JAN68300PE","GOLD","4850.5","2025-01-27","68300","50.0","1","FUTCOM","PE","MCX_FO"
"MCX_FO|433053","433053","ZINC24AUG272.5PE","ZINC","20.3","2024-08-21","272.5","1.0","5","FUTCOM","PE","MCX_FO"
"MCX_FO|427028","427028","GOLD24NOV64300CE","GOLD","6040.0","2024-11-26","64300","50.0","1","FUTCOM","CE","MCX_FO"
"MCX_FO|430357","430357","GOLD24SEP70500CE","GOLD","625.5","2024-09-24","70500","50.0","1","FUTCOM","CE","MCX_FO"
"MCX_FO|427298","427298","SILVER24NOV79500PE","SILVER","4254.0","2024-11-26","79500","50.0","30","FUTCOM","PE","MCX_FO"
"MCX_FO|433607","433607","SILVERM25APR89750CE","SILVER","8080.5","2025-04-21","89750","50.0","5","FUTCOM","CE","MCX_FO"
"MCX_FO|435412","435412","ZINC24SEP282.5PE","ZINC","34.42","2024-09-19","282.5","1.0","5","FUTCOM","PE","MCX_FO"
"MCX_FO|427314","427314","SILVER24NOV75500PE","SILVER","2760.0","2024-11-26","75500","50.0","30","FUTCOM","PE","MCX_FO"
"MCX_FO|437747","437747","SILVERM25APR82750CE","SILVER","11326.0","2025-04-21","82750","50.0","5","FUTCOM","CE","MCX_FO"
"MCX_FO|437621","437621","GOLD25MAY67500PE","GOLD","5310.0","2025-05-27","67500","50.0","1","FUTCOM","PE","MCX_FO"
"MCX_FO|437432","437432","GOLDM24AUG66700PE","GOLD","1559.5","2024-08-27","66700","50.0","100","FUTCOM","PE","MCX_FO"
"MCX_FO|426728","426728","SILVER24AUG81750CE","SILVER","3032.5","2024-08-27","81750","50.0","30","FUTCOM","CE","MCX_FO"
"MCX_FO|433798","433798","SILVERM25APR99000CE","SILVER","4975.5","2025-04-21","99000","50.0","5","FUTCOM","CE","MCX_FO"
"MCX_FO|426748","426748","SILVER24AUG75500PE","SILVER","1035.5","2024-08-27","75500","50.0","30","FUTCOM","PE","MCX_FO"
"MCX_FO|429337","429337","GOLD24NOV68700PE","GOLD","3985.0","2024-11-26","68700","50.0","1","FUTCOM","PE","MCX_FO"
"MCX_FO|434552","434552","SILVER24AUG102500CE","SILVER","32.5","2024-08-27","102500","50.0","30","FUTCOM","CE","MCX_FO"
"MCX_FO|432159","432159","GOLD25MAR75500CE","GOLD","3361.5","2025-03-26","75500","50.0","1","FUTCOM","CE","MCX_FO"
"MCX_FO|431376","431376","SILVERM24AUG89000CE","SILVER","532.5","2024-08-21","89000","50.0","5","FUTCOM","CE","MCX_FO"
"MCX_FO|431805","431805","GOLD24SEP75800CE","GOLD","619.0","2024-09-24","75800","50.0","1","FUTCOM","CE","MCX_FO"
"MCX_FO|434138","434138","SILVERM24NOV97250CE","SILVER","1777.5","2024-11-20","97250","50.0","5","FUTCOM","CE","MCX_FO"
"MCX_FO|433318","433318","ZINC24AUG287.5PE","ZINC","34.98","2024-08-21","287.5","1.0","5","FUTCOM","PE","MCX_FO"
"MCX_FO|437287","437287","GOLD25MAY69200CE","GOLD","6462.0","2025-05-27","69200","50.0","1","FUTCOM","CE","MCX_FO"
"MCX_FO|436899","436899","NATGASMINI24SEP120PE","NATURALGAS","0.3","2024-09-23","120","5.0","250","FUTCOM","PE","MCX_FO"
"MCX_FO|427700","427700","SILVER24AUG70000CE","SILVER","11479.5","2024-08-27","70000","50.0","30","FUTCOM","CE","MCX_FO"
"MCX_FO|427396","427396","SILVER24NOV86250CE","SILVER","5004.5","2024-11-26","86250","50.0","30","FUTCOM","CE","MCX_FO"
"MCX_FO|432440","432440","GOLD25MAR69300CE","GOLD","5576.5","2025-03-26","69300","50.0","1","FUTCOM","CE","MCX_FO"
"MCX_FO|433991","433991","SILVER24NOV97500CE","SILVER","1939.5","2024-11-26","97500","50.0","30","FUTCOM","CE","MCX_FO"
"MCX_FO|435499","435499","GOLDM24AUG71500CE","GOLD","755.5","2024-08-27","71500","50.0","100","FUTCOM","CE","MCX_FO"
"MCX_FO|431974","431974","GOLD25MAR72600PE","GOLD","7611.0","2025-03-26","72600","50.0","1","FUTCOM","PE","MCX_FO"
"MCX_FO|434807","434807","SILVERM24AUG101000PE","SILVER","19473.0","2024-08-21","101000","50.0","5","FUTCOM","PE","MCX_FO"
"MCX_FO|429982","429982","SILVERM25FEB74500CE","SILVER","14121.5","2025-02-19","74500","50.0","5","FUTCOM","CE","MCX_FO"
"MCX_FO|431918","431918","GOLD25MAR71800CE","GOLD","4576.0","2025-03-26","71800","50.0","1","FUTCOM","CE","MCX_FO"
"MCX_FO|429006","429006","GOLD25JAN66700CE","GOLD","6025.0","2025-01-27","66700","50.0","1","FUTCOM","CE","MCX_FO"
"MCX_FO|428433","428433","GOLD24NOV58300PE","GOLD","593.5","2024-11-26","58300","50.0","1","FUTCOM","PE","MCX_FO"
"MCX_FO|430893","430893","SILVER25FEB91750PE","SILVER","11450.5","2025-02-24","91750","50.0","30","FUTCOM","PE","MCX_FO"
"MCX_FO|436159","436159","NATGASMINI24SEP210CE","NATURALGAS","8.6","2024-09-23","210","5.0","250","FUTCOM","CE","MCX_FO"
"MCX_FO|433763","433763","SILVER25APR100250CE","SILVER","4739.0","2025-04-24","100250","50.0","30","FUTCOM","CE","MCX_FO"
"MCX_FO|427278","427278","SILVER24NOV81250CE","SILVER","7232.5","2024-11-26","81250","50.0","30","FUTCOM","CE","MCX_FO"
"MCX_FO|428811","428811","GOLD25JAN65300CE","GOLD","6761.5","2025-01-27","65300","50.0","1","FUTCOM","CE","MCX_FO"
"MCX_FO|434547","434547","SILVER24AUG101250CE","SILVER","46.0","2024-08-27","101250","50.0","30","FUTCOM","CE","MCX_FO"
"MCX_FO|430877","430877","SILVER24NOV88750PE","SILVER","9235.0","2024-11-26","88750","50.0","30","FUTCOM","PE","MCX_FO"
"MCX_FO|431340","431340","SILVER24AUG89750CE","SILVER","731.0","2024-08-27","89750","50.0","30","FUTCOM","CE","MCX_FO"
"MCX_FO|434840","434840","SILVERM25FEB104000PE","SILVER","19659.0","2025-02-19","104000","50.0","5","FUTCOM","PE","MCX_FO"
"MCX_FO|431018","431018","SILVERM24AUG88500PE","SILVER","7737.0","2024-08-21","88500","50.0","5","FUTCOM","PE","MCX_FO"
"MCX_FO|426828","426828","SILVERM24AUG81750CE","SILVER","2748.0","2024-08-21","81750","50.0","5","FUTCOM","CE","MCX_FO"
"MCX_FO|432208","432208","GOLD25MAR76200PE","GOLD","9921.5","2025-03-26","76200","50.0","1","FUTCOM","PE","MCX_FO"
"MCX_FO|427731","427731","SILVERM24AUG70250PE","SILVER","138.0","2024-08-21","70250","50.0","5","FUTCOM","PE","MCX_FO"
"MCX_FO|433702","433702","SILVERM25APR94250PE","SILVER","11886.0","2025-04-21","94250","50.0","5","FUTCOM","PE","MCX_FO"
"MCX_FO|433713","433713","SILVERM25APR97000PE","SILVER","13624.5","2025-04-21","97000","50.0","5","FUTCOM","PE","MCX_FO"
"MCX_FO|431865","431865","SILVERM25FEB96500PE","SILVER","14069.0","2025-02-19","96500","50.0","5","FUTCOM","PE","MCX_FO"
"MCX_FO|427166","427166","GOLD24NOV61800CE","GOLD","7721.0","2024-11-26","61800","50.0","1","FUTCOM","CE","MCX_FO"
"MCX_FO|437633","437633","GOLDM24AUG65800CE","GOLD","3148.0","2024-08-27","65800","50.0","100","FUTCOM","CE","MCX_FO"
"MCX_FO|434830","434830","SILVERM24NOV104000PE","SILVER","20784.0","2024-11-20","104000","50.0","5","FUTCOM","PE","MCX_FO"
"MCX_FO|436734","436734","SILVERM25JUN102000CE","SILVER","6268.5","2025-06-19","102000","50.0","5","FUTCOM","CE","MCX_FO"
"MCX_FO|430046","430046","SILVERM25FEB82000PE","SILVER","5692.5","2025-02-19","82000","50.0","5","FUTCOM","PE","MCX_FO"
"MCX_FO|426710","426710","SILVER24AUG72500CE","SILVER","9251.5","2024-08-27","72500","50.0","30","FUTCOM","CE","MCX_FO"
"MCX_FO|433699","433699","SILVERM25APR93500PE","SILVER","11430.5","2025-04-21","93500","50.0","5","FUTCOM","PE","MCX_FO"
"MCX_FO|434021","434021","SILVER25APR102000CE","SILVER","4326.5","2025-04-24","102000","50.0","30","FUTCOM","CE","MCX_FO"
"MCX_FO|434353","434353","CRUDEOIL24AUG7800CE","CRUDE OIL","0.1","2024-08-14","7800","10.0","100","FUTCOM","CE","MCX_FO"
"MCX_FO|427347","427347","SILVER24NOV86000PE","SILVER","7542.0","2024-11-26","86000","50.0","30","FUTCOM","PE","MCX_FO"
"MCX_FO|437719","437719","SILVER25APR81000PE","SILVER","6151.0","2025-04-24","81000","50.0","30","FUTCOM","PE","MCX_FO"
"MCX_FO|434598","434598","SILVER25APR107000CE","SILVER","3317.5","2025-04-24","107000","50.0","30","FUTCOM","CE","MCX_FO"
"MCX_FO|433524","433524","SILVER24AUG94250PE","SILVER","13108.5","2024-08-27","94250","50.0","30","FUTCOM","PE","MCX_FO"
"MCX_FO|433700","433700","SILVERM25APR93750PE","SILVER","11581.5","2025-04-21","93750","50.0","5","FUTCOM","PE","MCX_FO"
"MCX_FO|434198","434198","SILVERM24AUG95750PE","SILVER","14339.0","2024-08-21","95750","50.0","5","FUTCOM","PE","MCX_FO"
"MCX_FO|437692","437692","SILVER25JUN85250CE","SILVER","11651.5","2025-06-25","85250","50.0","30","FUTCOM","CE","MCX_FO"
"MCX_FO|431158","431158","GOLD24SEP73400PE","GOLD","6505.0","2024-09-24","73400","50.0","1","FUTCOM","PE","MCX_FO"
"MCX_FO|435965","435965","CRUDEOILM24SEP7000CE","CRUDE OIL","28.55","2024-09-17","7000","5.0","10","FUTCOM","CE","MCX_FO"
"MCX_FO|435291","435291","SILVER24NOV105750PE","SILVER","22603.5","2024-11-26","105750","50.0","30","FUTCOM","PE","MCX_FO"
"MCX_FO|431525","431525","SILVER25FEB94500PE","SILVER","13223.5","2025-02-24","94500","50.0","30","FUTCOM","PE","MCX_FO"
"MCX_FO|434945","434945","CRUDEOILM24AUG6450PE","CRUDE OIL","148.1","2024-08-14","6450","5.0","10","FUTCOM","PE","MCX_FO"
"MCX_FO|433249","433249","COPPER24AUG920PE","COPPER","123.36","2024-08-21","920","1.0","2500","FUTCOM","PE","MCX_FO"
"MCX_FO|428983","428983","GOLD25JAN66000PE","GOLD","3763.5","2025-01-27","66000","50.0","1","FUTCOM","PE","MCX_FO"
"MCX_FO|434748","434748","SILVERM25FEB102500CE","SILVER","2801.0","2025-02-19","102500","50.0","5","FUTCOM","CE","MCX_FO"
"MCX_FO|437682","437682","SILVER25APR82250CE","SILVER","11296.0","2025-04-24","82250","50.0","30","FUTCOM","CE","MCX_FO"
"MCX_FO|435634","435634","NATURALGAS24AUG320PE","NATURALGAS","143.4","2024-08-23","320","5.0","1250","FUTCOM","PE","MCX_FO"
"MCX_FO|433844","433844","COPPER24AUG970CE","COPPER","0.01","2024-08-21","970","1.0","2500","FUTCOM","CE","MCX_FO"
"MCX_FO|435096","435096","NATGASMINI24AUG240PE","NATURALGAS","63.75","2024-08-23","240","5.0","250","FUTCOM","PE","MCX_FO"
"MCX_FO|431819","431819","GOLD24SEP75100PE","GOLD","7866.5","2024-09-24","75100","50.0","1","FUTCOM","PE","MCX_FO"
"MCX_FO|437354","437354","GOLDM24SEP69000CE","GOLD","2329.0","2024-09-24","69000","50.0","100","FUTCOM","CE","MCX_FO"
"MCX_FO|433578","433578","SILVER25APR96750PE","SILVER","14819.5","2025-04-24","96750","50.0","30","FUTCOM","PE","MCX_FO"
"MCX_FO|437846","437846","NATURALGAS24OCT230PE","NATURALGAS","0.0","2024-10-24","230","5.0","1250","FUTCOM","PE","MCX_FO"
"MCX_FO|437579","437579","GOLD25MAR66600CE","GOLD","6834.5","2025-03-26","66600","50.0","1","FUTCOM","CE","MCX_FO"
"MCX_FO|429885","429885","SILVER25FEB76250CE","SILVER","13208.0","2025-02-24","76250","50.0","30","FUTCOM","CE","MCX_FO"
"MCX_FO|437567","437567","GOLD25MAR67800CE","GOLD","6252.0","2025-03-26","67800","50.0","1","FUTCOM","CE","MCX_FO"
"MCX_FO|426474","426474","GOLD24SEP63500PE","GOLD","1161.0","2024-09-24","63500","50.0","1","FUTCOM","PE","MCX_FO"
"MCX_FO|431782","431782","SILVERM24AUG91500PE","SILVER","9000.0","2024-08-21","91500","50.0","5","FUTCOM","PE","MCX_FO"
"MCX_FO|428147","428147","SILVERM24NOV70250PE","SILVER","1182.5","2024-11-20","70250","50.0","5","FUTCOM","PE","MCX_FO"
"MCX_FO|427227","427227","GOLD24NOV64600PE","GOLD","2155.5","2024-11-26","64600","50.0","1","FUTCOM","PE","MCX_FO"
"MCX_FO|435912","435912","CRUDEOIL24SEP6900PE","CRUDE OIL","451.2","2024-09-17","6900","10.0","100","FUTCOM","PE","MCX_FO"
"MCX_FO|436785","436785","SILVERM25JUN102250PE","SILVER","18809.0","2025-06-19","102250","50.0","5","FUTCOM","PE","MCX_FO"
"MCX_FO|435694","435694","GOLDM24AUG69000PE","GOLD","1321.5","2024-08-27","69000","50.0","100","FUTCOM","PE","MCX_FO"
"MCX_FO|427895","427895","SILVER24AUG69250CE","SILVER","12175.0","2024-08-27","69250","50.0","30","FUTCOM","CE","MCX_FO"
"MCX_FO|426873","426873","SILVERM24NOV82000CE","SILVER","6641.0","2024-11-20","82000","50.0","5","FUTCOM","CE","MCX_FO"
"MCX_FO|437701","437701","SILVER25JUN83000CE","SILVER","12713.0","2025-06-25","83000","50.0","30","FUTCOM","CE","MCX_FO"
"MCX_FO|434061","434061","SILVER24AUG98500PE","SILVER","17154.5","2024-08-27","98500","50.0","30","FUTCOM","PE","MCX_FO"
"MCX_FO|435944","435944","CRUDEOILM24SEP6300CE","CRUDE OIL","280.7","2024-09-17","6300","5.0","10","FUTCOM","CE","MCX_FO"
"MCX_FO|426481","426481","SILVERM24NOV79500CE","SILVER","7966.0","2024-11-20","79500","50.0","5","FUTCOM","CE","MCX_FO"
"MCX_FO|431596","431596","GOLD24NOV74500CE","GOLD","1697.5","2024-11-26","74500","50.0","1","FUTCOM","CE","MCX_FO"
"MCX_FO|433988","433988","SILVER24AUG98750CE","SILVER","89.5","2024-08-27","98750","50.0","30","FUTCOM","CE","MCX_FO"
"MCX_FO|433375","433375","GOLD24NOV76500CE","GOLD","1260.5","2024-11-26","76500","50.0","1","FUTCOM","CE","MCX_FO"
"MCX_FO|435319","435319","SILVERM24AUG103500PE","SILVER","21948.0","2024-08-21","103500","50.0","5","FUTCOM","PE","MCX_FO"
"MCX_FO|427398","427398","SILVER24AUG84500PE","SILVER","4044.0","2024-08-27","84500","50.0","30","FUTCOM","PE","MCX_FO"
"MCX_FO|433777","433777","SILVER25APR98000PE","SILVER","15656.5","2025-04-24","98000","50.0","30","FUTCOM","PE","MCX_FO"
"MCX_FO|435594","435594","GOLDM24AUG75300CE","GOLD","210.0","2024-08-27","75300","50.0","100","FUTCOM","CE","MCX_FO"
"MCX_FO|435719","435719","GOLD25MAY70400CE","GOLD","5958.5","2025-05-27","70400","50.0","1","FUTCOM","CE","MCX_FO"
"MCX_FO|437479","437479","SILVER25JUN88500CE","SILVER","10243.0","2025-06-25","88500","50.0","30","FUTCOM","CE","MCX_FO"
"MCX_FO|435497","435497","GOLDM24AUG71700CE","GOLD","711.0","2024-08-27","71700","50.0","100","FUTCOM","CE","MCX_FO"
"MCX_FO|436874","436874","SILVERM25JUN106500CE","SILVER","5192.0","2025-06-19","106500","50.0","5","FUTCOM","CE","MCX_FO"
"MCX_FO|434154","434154","SILVERM25FEB99500CE","SILVER","3415.5","2025-02-19","99500","50.0","5","FUTCOM","CE","MCX_FO"
"MCX_FO|437914","437914","NATGASMINI24OCT230PE","NATURALGAS","0.0","2024-10-24","230","5.0","250","FUTCOM","PE","MCX_FO"
"MCX_FO|435583","435583","GOLDM24AUG74400PE","GOLD","6890.5","2024-08-27","74400","50.0","100","FUTCOM","PE","MCX_FO"
"MCX_FO|437637","437637","GOLDM24AUG65400CE","GOLD","3406.0","2024-08-27","65400","50.0","100","FUTCOM","CE","MCX_FO"
"MCX_FO|429395","429395","SILVER24NOV87250PE","SILVER","8290.5","2024-11-26","87250","50.0","30","FUTCOM","PE","MCX_FO"
"MCX_FO|431458","431458","GOLD24NOV74400PE","GOLD","7590.0","2024-11-26","74400","50.0","1","FUTCOM","PE","MCX_FO"
"MCX_FO|434844","434844","SILVERM25FEB105000PE","SILVER","20453.0","2025-02-19","105000","50.0","5","FUTCOM","PE","MCX_FO"
"MCX_FO|428836","428836","GOLD25JAN60500PE","GOLD","1807.0","2025-01-27","60500","50.0","1","FUTCOM","PE","MCX_FO"
"MCX_FO|437289","437289","GOLD25MAY69000CE","GOLD","6549.5","2025-05-27","69000","50.0","1","FUTCOM","CE","MCX_FO"
"MCX_FO|434759","434759","SILVERM25FEB105250CE","SILVER","2325.0","2025-02-19","105250","50.0","5","FUTCOM","CE","MCX_FO"
"MCX_FO|429694","429694","GOLD24NOV70000CE","GOLD","3132.0","2024-11-26","70000","50.0","1","FUTCOM","CE","MCX_FO"
"MCX_FO|429558","429558","GOLD24NOV69400CE","GOLD","3377.5","2024-11-26","69400","50.0","1","FUTCOM","CE","MCX_FO"
"MCX_FO|436142","436142","NATURALGAS24SEP265PE","NATURALGAS","78.85","2024-09-23","265","5.0","1250","FUTCOM","PE","MCX_FO"
"MCX_FO|435973","435973","CRUDEOILM24SEP7400CE","CRUDE OIL","4.2","2024-09-17","7400","5.0","10","FUTCOM","CE","MCX_FO"
"MCX_FO|436397","436397","NATGASMINI24AUG125CE","NATURALGAS","50.9","2024-08-23","125","5.0","250","FUTCOM","CE","MCX_FO"
"MCX_FO|435774","435774","GOLD25MAY69900PE","GOLD","6504.5","2025-05-27","69900","50.0","1","FUTCOM","PE","MCX_FO"
"MCX_FO|437132","437132","CRUDEOILM24OCT6900CE","CRUDE OIL","86.35","2024-10-17","6900","5.0","10","FUTCOM","CE","MCX_FO"
"MCX_FO|427563","427563","GOLD24NOV67300PE","GOLD","3284.5","2024-11-26","67300","50.0","1","FUTCOM","PE","MCX_FO"
"MCX_FO|435046","435046","CRUDEOIL24AUG5150CE","CRUDE OIL","1416.5","2024-08-14","5150","10.0","100","FUTCOM","CE","MCX_FO"
"MCX_FO|433627","433627","SILVERM25APR92500CE","SILVER","7026.0","2025-04-21","92500","50.0","5","FUTCOM","CE","MCX_FO"
"MCX_FO|435795","435795","GOLD25MAY74300PE","GOLD","9017.0","2025-05-27","74300","50.0","1","FUTCOM","PE","MCX_FO"
"MCX_FO|433633","433633","SILVERM25APR94000CE","SILVER","6499.5","2025-04-21","94000","50.0","5","FUTCOM","CE","MCX_FO"
"MCX_FO|431377","431377","SILVERM24AUG89250CE","SILVER","605.5","2024-08-21","89250","50.0","5","FUTCOM","CE","MCX_FO"
"MCX_FO|434983","434983","CRUDEOILM24AUG7400PE","CRUDE OIL","828.15","2024-08-14","7400","5.0","10","FUTCOM","PE","MCX_FO"
"MCX_FO|427368","427368","GOLD24NOV67100CE","GOLD","4449.0","2024-11-26","67100","50.0","1","FUTCOM","CE","MCX_FO"
"MCX_FO|435802","435802","ZINC24SEP227.5PE","ZINC","3.89","2024-09-19","227.5","1.0","5","FUTCOM","PE","MCX_FO"
"MCX_FO|437902","437902","NATGASMINI24OCT205PE","NATURALGAS","0.0","2024-10-24","205","5.0","250","FUTCOM","PE","MCX_FO"
"MCX_FO|432116","432116","SILVERM24AUG92250PE","SILVER","11035.0","2024-08-21","92250","50.0","5","FUTCOM","PE","MCX_FO"
"MCX_FO|435324","435324","SILVERM24NOV106000PE","SILVER","22566.5","2024-11-20","106000","50.0","5","FUTCOM","PE","MCX_FO"
"MCX_FO|434098","434098","SILVER25APR102750PE","SILVER","19001.0","2025-04-24","102750","50.0","30","FUTCOM","PE","MCX_FO"
"MCX_FO|433496","433496","SILVER25APR92750CE","SILVER","6916.0","2025-04-24","92750","50.0","30","FUTCOM","CE","MCX_FO"
"MCX_FO|434728","434728","SILVERM24AUG102750CE","SILVER","12.0","2024-08-21","102750","50.0","5","FUTCOM","CE","MCX_FO"
"MCX_FO|434218","434218","SILVERM24NOV98750PE","SILVER","16290.5","2024-11-20","98750","50.0","5","FUTCOM","PE","MCX_FO"
"MCX_FO|435143","435143","NATURALGAS24AUG160PE","NATURALGAS","6.15","2024-08-23","160","5.0","1250","FUTCOM","PE","MCX_FO"
"MCX_FO|433782","433782","SILVER25APR99250PE","SILVER","16512.0","2025-04-24","99250","50.0","30","FUTCOM","PE","MCX_FO"
"MCX_FO|429956","429956","SILVER25FEB87000PE","SILVER","8671.0","2025-02-24","87000","50.0","30","FUTCOM","PE","MCX_FO"
"MCX_FO|432059","432059","SILVER24NOV94500CE","SILVER","2535.0","2024-11-26","94500","50.0","30","FUTCOM","CE","MCX_FO"
"MCX_FO|437907","437907","NATGASMINI24OCT180PE","NATURALGAS","0.0","2024-10-24","180","5.0","250","FUTCOM","PE","MCX_FO"
"MCX_FO|435488","435488","GOLDM24AUG72500CE","GOLD","553.5","2024-08-27","72500","50.0","100","FUTCOM","CE","MCX_FO"
"MCX_FO|435905","435905","CRUDEOIL24SEP5500PE","CRUDE OIL","1.1","2024-09-17","5500","10.0","100","FUTCOM","PE","MCX_FO"
"MCX_FO|435900","435900","CRUDEOIL24SEP5750PE","CRUDE OIL","6.6","2024-09-17","5750","10.0","100","FUTCOM","PE","MCX_FO"
"MCX_FO|431912","431912","GOLD25MAR72400CE","GOLD","4358.0","2025-03-26","72400","50.0","1","FUTCOM","CE","MCX_FO"
"MCX_FO|427311","427311","SILVER24NOV76250PE","SILVER","3009.0","2024-11-26","76250","50.0","30","FUTCOM","PE","MCX_FO"
"MCX_FO|437015","437015","CRUDEOIL24SEP5350PE","CRUDE OIL","0.3","2024-09-17","5350","10.0","100","FUTCOM","PE","MCX_FO"
"MCX_FO|431110","431110","GOLD24NOV73900CE","GOLD","1850.5","2024-11-26","73900","50.0","1","FUTCOM","CE","MCX_FO"
"MCX_FO|434233","434233","SILVERM25FEB100750PE","SILVER","17153.0","2025-02-19","100750","50.0","5","FUTCOM","PE","MCX_FO"
"MCX_FO|436161","436161","NATGASMINI24SEP200CE","NATURALGAS","11.6","2024-09-23","200","5.0","250","FUTCOM","CE","MCX_FO"
"MCX_FO|436072","436072","CRUDEOIL24AUG8050PE","CRUDE OIL","1472.3","2024-08-14","8050","10.0","100","FUTCOM","PE","MCX_FO"
"MCX_FO|437028","437028","CRUDEOIL24OCT5900PE","CRUDE OIL","21.1","2024-10-17","5900","10.0","100","FUTCOM","PE","MCX_FO"
"MCX_FO|433905","433905","GOLD24SEP76800PE","GOLD","9314.5","2024-09-24","76800","50.0","1","FUTCOM","PE","MCX_FO"
"MCX_FO|437607","437607","GOLD25MAR66900PE","GOLD","4573.0","2025-03-26","66900","50.0","1","FUTCOM","PE","MCX_FO"
"MCX_FO|426898","426898","SILVERM24AUG75500PE","SILVER","771.0","2024-08-21","75500","50.0","5","FUTCOM","PE","MCX_FO"
"MCX_FO|435882","435882","CRUDEOIL24AUG7900PE","CRUDE OIL","1322.9","2024-08-14","7900","10.0","100","FUTCOM","PE","MCX_FO"
"MCX_FO|437606","437606","GOLD25MAR67000PE","GOLD","4619.0","2025-03-26","67000","50.0","1","FUTCOM","PE","MCX_FO"
"MCX_FO|433883","433883","GOLD25JAN77300CE","GOLD","2221.0","2025-01-27","77300","50.0","1","FUTCOM","CE","MCX_FO"
"MCX_FO|426955","426955","SILVERM24NOV75250PE","SILVER","2390.0","2024-11-20","75250","50.0","5","FUTCOM","PE","MCX_FO"
"MCX_FO|427262","427262","SILVER24NOV76000CE","SILVER","10246.0","2024-11-26","76000","50.0","30","FUTCOM","CE","MCX_FO"
"MCX_FO|433550","433550","SILVER25APR86500PE","SILVER","8749.0","2025-04-24","86500","50.0","30","FUTCOM","PE","MCX_FO"
"MCX_FO|437755","437755","SILVERM25JUN85000CE","SILVER","12287.0","2025-06-19","85000","50.0","5","FUTCOM","CE","MCX_FO"
"MCX_FO|434134","434134","SILVERM24AUG98250CE","SILVER","52.0","2024-08-21","98250","50.0","5","FUTCOM","CE","MCX_FO"
"MCX_FO|436878","436878","SILVERM25JUN107500CE","SILVER","4977.0","2025-06-19","107500","50.0","5","FUTCOM","CE","MCX_FO"
"MCX_FO|436127","436127","NATURALGAS24SEP225PE","NATURALGAS","42.8","2024-09-23","225","5.0","1250","FUTCOM","PE","MCX_FO"
"MCX_FO|434914","434914","CRUDEOILM24AUG5500CE","CRUDE OIL","1064.85","2024-08-14","5500","5.0","10","FUTCOM","CE","MCX_FO"
"MCX_FO|426551","426551","GOLD24SEP61600CE","GOLD","6902.5","2024-09-24","61600","50.0","1","FUTCOM","CE","MCX_FO"
"MCX_FO|437456","437456","GOLDM24SEP66900PE","GOLD","2215.5","2024-09-24","66900","50.0","100","FUTCOM","PE","MCX_FO"
"MCX_FO|429268","429268","GOLD24SEP67600CE","GOLD","3033.5","2024-09-24","67600","50.0","1","FUTCOM","CE","MCX_FO"
"MCX_FO|436715","436715","SILVERM25JUN96500CE","SILVER","7850.5","2025-06-19","96500","50.0","5","FUTCOM","CE","MCX_FO"
"MCX_FO|431152","431152","GOLD24SEP72800PE","GOLD","6048.5","2024-09-24","72800","50.0","1","FUTCOM","PE","MCX_FO"
"MCX_FO|429700","429700","GOLD24NOV70600CE","GOLD","2900.0","2024-11-26","70600","50.0","1","FUTCOM","CE","MCX_FO"
"MCX_FO|434749","434749","SILVERM25FEB102750CE","SILVER","2754.5","2025-02-19","102750","50.0","5","FUTCOM","CE","MCX_FO"
"MCX_FO|436254","436254","COPPER24OCT825CE","COPPER","34.23","2024-10-22","825","1.0","2500","FUTCOM","CE","MCX_FO"
"MCX_FO|430743","430743","GOLD24NOV71300CE","GOLD","2646.0","2024-11-26","71300","50.0","1","FUTCOM","CE","MCX_FO"
"MCX_FO|437635","437635","GOLDM24AUG65600CE","GOLD","3275.5","2024-08-27","65600","50.0","100","FUTCOM","CE","MCX_FO"
"MCX_FO|433882","433882","GOLD24NOV77200CE","GOLD","1132.0","2024-11-26","77200","50.0","1","FUTCOM","CE","MCX_FO"
"MCX_FO|429900","429900","SILVER25FEB85500CE","SILVER","8332.0","2025-02-24","85500","50.0","30","FUTCOM","CE","MCX_FO"
"MCX_FO|426962","426962","SILVERM24NOV73500PE","SILVER","1900.0","2024-11-20","73500","50.0","5","FUTCOM","PE","MCX_FO"
"MCX_FO|433977","433977","SILVER24AUG96000CE","SILVER","150.5","2024-08-27","96000","50.0","30","FUTCOM","CE","MCX_FO"
"MCX_FO|433906","433906","GOLD24NOV76900PE","GOLD","9493.5","2024-11-26","76900","50.0","1","FUTCOM","PE","MCX_FO"
"MCX_FO|436935","436935","COPPER24OCT810CE","COPPER","41.26","2024-10-22","810","1.0","2500","FUTCOM","CE","MCX_FO"
"MCX_FO|428399","428399","GOLD24NOV58400CE","GOLD","10359.0","2024-11-26","58400","50.0","1","FUTCOM","CE","MCX_FO"
"MCX_FO|436871","436871","SILVER25JUN108250PE","SILVER","22887.0","2025-06-25","108250","50.0","30","FUTCOM","PE","MCX_FO"
"MCX_FO|433614","433614","SILVERM25APR88000CE","SILVER","8814.0","2025-04-21","88000","50.0","5","FUTCOM","CE","MCX_FO"
"MCX_FO|435253","435253","NATGASMINI24AUG250PE","NATURALGAS","73.55","2024-08-23","250","5.0","250","FUTCOM","PE","MCX_FO"
"MCX_FO|436944","436944","GOLD25MAY78900CE","GOLD","3222.0","2025-05-27","78900","50.0","1","FUTCOM","CE","MCX_FO"
"MCX_FO|430982","430982","SILVER24AUG88500CE","SILVER","543.5","2024-08-27","88500","50.0","30","FUTCOM","CE","MCX_FO"
"MCX_FO|430288","430288","GOLD25JAN71400PE","GOLD","6559.5","2025-01-27","71400","50.0","1","FUTCOM","PE","MCX_FO"
"MCX_FO|431799","431799","GOLD24SEP75200CE","GOLD","708.0","2024-09-24","75200","50.0","1","FUTCOM","CE","MCX_FO"
"MCX_FO|434464","434464","GOLD25MAR78100PE","GOLD","11247.0","2025-03-26","78100","50.0","1","FUTCOM","PE","MCX_FO"
"MCX_FO|429946","429946","SILVER25FEB84500PE","SILVER","7364.0","2025-02-24","84500","50.0","30","FUTCOM","PE","MCX_FO"
"MCX_FO|432288","432288","SILVER25FEB98000CE","SILVER","4104.5","2025-02-24","98000","50.0","30","FUTCOM","CE","MCX_FO"
"MCX_FO|426889","426889","SILVERM24AUG77750PE","SILVER","1359.5","2024-08-21","77750","50.0","5","FUTCOM","PE","MCX_FO"
"MCX_FO|434394","434394","CRUDEOIL24AUG7350PE","CRUDE OIL","776.6","2024-08-14","7350","10.0","100","FUTCOM","PE","MCX_FO"
"MCX_FO|437356","437356","GOLDM24SEP68800CE","GOLD","2414.5","2024-09-24","68800","50.0","100","FUTCOM","CE","MCX_FO"
"MCX_FO|435977","435977","CRUDEOILM24SEP7600CE","CRUDE OIL","1.35","2024-09-17","7600","5.0","10","FUTCOM","CE","MCX_FO"
"MCX_FO|436374","436374","GOLD25MAY76600PE","GOLD","10483.0","2025-05-27","76600","50.0","1","FUTCOM","PE","MCX_FO"
"MCX_FO|429273","429273","GOLD24SEP68100CE","GOLD","2796.5","2024-09-24","68100","50.0","1","FUTCOM","CE","MCX_FO"
"MCX_FO|426656","426656","GOLD24SEP61100PE","GOLD","610.5","2024-09-24","61100","50.0","1","FUTCOM","PE","MCX_FO"
"MCX_FO|437173","437173","CRUDEOILM24OCT5500PE","CRUDE OIL","17.0","2024-10-17","5500","5.0","10","FUTCOM","PE","MCX_FO"
"MCX_FO|437062","437062","CRUDEOIL24OCT7550PE","CRUDE OIL","1123.6","2024-10-17","7550","10.0","100","FUTCOM","PE","MCX_FO"
"MCX_FO|434213","434213","SILVERM24NOV97500PE","SILVER","15269.5","2024-11-20","97500","50.0","5","FUTCOM","PE","MCX_FO"
"MCX_FO|437245","437245","CRUDEOILM24SEP5250PE","CRUDE OIL","0.05","2024-09-17","5250","5.0","10","FUTCOM","PE","MCX_FO"
"MCX_FO|436997","436997","CRUDEOIL24OCT6900CE","CRUDE OIL","30.0","2024-10-17","6900","10.0","100","FUTCOM","CE","MCX_FO"
"MCX_FO|436980","436980","CRUDEOIL24OCT5700CE","CRUDE OIL","703.9","2024-10-17","5700","10.0","100","FUTCOM","CE","MCX_FO"
"MCX_FO|435364","435364","COPPER24SEP855CE","COPPER","7.47","2024-09-19","855","1.0","2500","FUTCOM","CE","MCX_FO"
"MCX_FO|437867","437867","CRUDEOILM24OCT5100CE","CRUDE OIL","0.0","2024-10-17","5100","5.0","10","FUTCOM","CE","MCX_FO"
"MCX_FO|427217","427217","GOLD24NOV62100PE","GOLD","1368.0","2024-11-26","62100","50.0","1","FUTCOM","PE","MCX_FO"
"MCX_FO|431930","431930","GOLD25MAR70600CE","GOLD","5037.0","2025-03-26","70600","50.0","1","FUTCOM","CE","MCX_FO"
"MCX_FO|436359","436359","NATGASMINI24AUG130CE","NATURALGAS","46.0","2024-08-23","130","5.0","250","FUTCOM","CE","MCX_FO"
"MCX_FO|436668","436668","SILVER25JUN95750PE","SILVER","14366.0","2025-06-25","95750","50.0","30","FUTCOM","PE","MCX_FO"
"MCX_FO|429554","429554","GOLD24NOV69000CE","GOLD","3549.0","2024-11-26","69000","50.0","1","FUTCOM","CE","MCX_FO"
"MCX_FO|435120","435120","NATURALGAS24AUG270CE","NATURALGAS","0.45","2024-08-23","270","5.0","1250","FUTCOM","CE","MCX_FO"
"MCX_FO|434023","434023","SILVER25APR102500CE","SILVER","4214.5","2025-04-24","102500","50.0","30","FUTCOM","CE","MCX_FO"
"MCX_FO|435368","435368","COPPER24SEP910CE","COPPER","1.53","2024-09-19","910","1.0","2500","FUTCOM","CE","MCX_FO"
"MCX_FO|435891","435891","CRUDEOIL24SEP6200PE","CRUDE OIL","65.6","2024-09-17","6200","10.0","100","FUTCOM","PE","MCX_FO"
"MCX_FO|437112","437112","CRUDEOILM24OCT5950CE","CRUDE OIL","525.6","2024-10-17","5950","5.0","10","FUTCOM","CE","MCX_FO"
"MCX_FO|433302","433302","COPPER24AUG935PE","COPPER","138.27","2024-08-21","935","1.0","2500","FUTCOM","PE","MCX_FO"
"MCX_FO|436347","436347","NATGASMINI24SEP145CE","NATURALGAS","44.05","2024-09-23","145","5.0","250","FUTCOM","CE","MCX_FO"
"MCX_FO|436120","436120","NATURALGAS24SEP305CE","NATURALGAS","0.2","2024-09-23","305","5.0","1250","FUTCOM","CE","MCX_FO"
"MCX_FO|426733","426733","SILVER24AUG83000CE","SILVER","1655.0","2024-08-27","83000","50.0","30","FUTCOM","CE","MCX_FO"
"MCX_FO|435062","435062","CRUDEOILM24AUG5200PE","CRUDE OIL","0.05","2024-08-14","5200","5.0","10","FUTCOM","PE","MCX_FO"
"MCX_FO|433676","433676","SILVERM25APR89500PE","SILVER","9146.0","2025-04-21","89500","50.0","5","FUTCOM","PE","MCX_FO"
"MCX_FO|437077","437077","SILVER25JUN93500PE","SILVER","13008.5","2025-06-25","93500","50.0","30","FUTCOM","PE","MCX_FO"
"MCX_FO|434740","434740","SILVERM24NOV103000CE","SILVER","995.5","2024-11-20","103000","50.0","5","FUTCOM","CE","MCX_FO"
"MCX_FO|426693","426693","SILVER24AUG76750CE","SILVER","5923.5","2024-08-27","76750","50.0","30","FUTCOM","CE","MCX_FO"
"MCX_FO|434977","434977","CRUDEOILM24AUG7100PE","CRUDE OIL","533.9","2024-08-14","7100","5.0","10","FUTCOM","PE","MCX_FO"
"MCX_FO|436786","436786","SILVERM25JUN102500PE","SILVER","18979.5","2025-06-19","102500","50.0","5","FUTCOM","PE","MCX_FO"
"MCX_FO|434653","434653","SILVER24NOV103250PE","SILVER","20408.5","2024-11-26","103250","50.0","30","FUTCOM","PE","MCX_FO"
"MCX_FO|427196","427196","GOLD24SEP66100PE","GOLD","2074.0","2024-09-24","66100","50.0","1","FUTCOM","PE","MCX_FO"
"MCX_FO|432002","432002","GOLD25MAR73300PE","GOLD","8038.0","2025-03-26","73300","50.0","1","FUTCOM","PE","MCX_FO"
"MCX_FO|433515","433515","SILVER25APR97500CE","SILVER","5456.5","2025-04-24","97500","50.0","30","FUTCOM","CE","MCX_FO"
"MCX_FO|434682","434682","SILVER25APR106250PE","SILVER","21614.5","2025-04-24","106250","50.0","30","FUTCOM","PE","MCX_FO"
"MCX_FO|434861","434861","SILVERM25APR107500PE","SILVER","21126.0","2025-04-21","107500","50.0","5","FUTCOM","PE","MCX_FO"
"MCX_FO|437672","437672","GOLDM24SEP65500PE","GOLD","1640.5","2024-09-24","65500","50.0","100","FUTCOM","PE","MCX_FO"
"MCX_FO|436187","436187","NATGASMINI24SEP220PE","NATURALGAS","38.7","2024-09-23","220","5.0","250","FUTCOM","PE","MCX_FO"
"MCX_FO|432167","432167","GOLD25MAR76300CE","GOLD","3137.5","2025-03-26","76300","50.0","1","FUTCOM","CE","MCX_FO"
"MCX_FO|436711","436711","SILVERM25JUN97500CE","SILVER","7539.5","2025-06-19","97500","50.0","5","FUTCOM","CE","MCX_FO"
"MCX_FO|431919","431919","GOLD25MAR71700CE","GOLD","4613.0","2025-03-26","71700","50.0","1","FUTCOM","CE","MCX_FO"
"MCX_FO|437294","437294","GOLD25MAR68300PE","GOLD","5243.0","2025-03-26","68300","50.0","1","FUTCOM","PE","MCX_FO"
"MCX_FO|429747","429747","GOLD24NOV70300PE","GOLD","4880.0","2024-11-26","70300","50.0","1","FUTCOM","PE","MCX_FO"
"MCX_FO|429209","429209","GOLD25JAN68000PE","GOLD","4700.0","2025-01-27","68000","50.0","1","FUTCOM","PE","MCX_FO"
"MCX_FO|435552","435552","GOLDM24AUG71200PE","GOLD","4246.5","2024-08-27","71200","50.0","100","FUTCOM","PE","MCX_FO"
"MCX_FO|435931","435931","CRUDEOIL24SEP7850PE","CRUDE OIL","1344.2","2024-09-17","7850","10.0","100","FUTCOM","PE","MCX_FO"
"MCX_FO|434806","434806","SILVERM24AUG100750PE","SILVER","19226.5","2024-08-21","100750","50.0","5","FUTCOM","PE","MCX_FO"
"MCX_FO|434020","434020","SILVER25APR101750CE","SILVER","4383.0","2025-04-24","101750","50.0","30","FUTCOM","CE","MCX_FO"
"MCX_FO|432411","432411","GOLD25MAR70200PE","GOLD","6233.5","2025-03-26","70200","50.0","1","FUTCOM","PE","MCX_FO"
"MCX_FO|434967","434967","CRUDEOILM24AUG5350PE","CRUDE OIL","0.05","2024-08-14","5350","5.0","10","FUTCOM","PE","MCX_FO"
"MCX_FO|426633","426633","GOLD24SEP63400PE","GOLD","1133.0","2024-09-24","63400","50.0","1","FUTCOM","PE","MCX_FO"
"MCX_FO|428401","428401","GOLD24NOV58200CE","GOLD","10525.0","2024-11-26","58200","50.0","1","FUTCOM","CE","MCX_FO"
"MCX_FO|436116","436116","NATURALGAS24SEP285CE","NATURALGAS","0.4","2024-09-23","285","5.0","1250","FUTCOM","CE","MCX_FO"
"MCX_FO|431348","431348","SILVER25FEB93500CE","SILVER","5350.0","2025-02-24","93500","50.0","30","FUTCOM","CE","MCX_FO"
"MCX_FO|428769","428769","GOLD25JAN62200CE","GOLD","8603.0","2025-01-27","62200","50.0","1","FUTCOM","CE","MCX_FO"
"MCX_FO|433026","433026","GOLD25MAR68400CE","GOLD","5975.0","2025-03-26","68400","50.0","1","FUTCOM","CE","MCX_FO"
"MCX_FO|437884","437884","NATGASMINI24OCT230CE","NATURALGAS","0.0","2024-10-24","230","5.0","250","FUTCOM","CE","MCX_FO"
"MCX_FO|427156","427156","GOLD24NOV62800CE","GOLD","7020.5","2024-11-26","62800","50.0","1","FUTCOM","CE","MCX_FO"
"MCX_FO|437034","437034","CRUDEOIL24OCT5600PE","CRUDE OIL","3.2","2024-10-17","5600","10.0","100","FUTCOM","PE","MCX_FO"
"MCX_FO|435008","435008","GOLD24SEP77300PE","GOLD","9754.0","2024-09-24","77300","50.0","1","FUTCOM","PE","MCX_FO"
"MCX_FO|433880","433880","GOLD24NOV77000CE","GOLD","1167.5","2024-11-26","77000","50.0","1","FUTCOM","CE","MCX_FO"
"MCX_FO|426702","426702","SILVER24AUG74500CE","SILVER","7600.0","2024-08-27","74500","50.0","30","FUTCOM","CE","MCX_FO"
"MCX_FO|436933","436933","NATGASMINI24SEP110PE","NATURALGAS","0.1","2024-09-23","110","5.0","250","FUTCOM","PE","MCX_FO"
"MCX_FO|434069","434069","SILVER24NOV98500PE","SILVER","16412.5","2024-11-26","98500","50.0","30","FUTCOM","PE","MCX_FO"
"MCX_FO|434658","434658","SILVER24NOV104500PE","SILVER","21499.0","2024-11-26","104500","50.0","30","FUTCOM","PE","MCX_FO"
"MCX_FO|437344","437344","GOLDM24AUG67400CE","GOLD","2236.0","2024-08-27","67400","50.0","100","FUTCOM","CE","MCX_FO"
"MCX_FO|436528","436528","GOLDM24SEP70600CE","GOLD","1725.0","2024-09-24","70600","50.0","100","FUTCOM","CE","MCX_FO"
"MCX_FO|433483","433483","SILVER25APR86750CE","SILVER","9209.5","2025-04-24","86750","50.0","30","FUTCOM","CE","MCX_FO"
"MCX_FO|436388","436388","CRUDEOIL24SEP8150PE","CRUDE OIL","1640.7","2024-09-17","8150","10.0","100","FUTCOM","PE","MCX_FO"
"MCX_FO|434180","434180","SILVERM25APR104500CE","SILVER","3662.0","2025-04-21","104500","50.0","5","FUTCOM","CE","MCX_FO"
"MCX_FO|434567","434567","SILVER24NOV103500CE","SILVER","1102.5","2024-11-26","103500","50.0","30","FUTCOM","CE","MCX_FO"
"MCX_FO|434827","434827","SILVERM24NOV103250PE","SILVER","20124.0","2024-11-20","103250","50.0","5","FUTCOM","PE","MCX_FO"
"MCX_FO|437284","437284","GOLD25MAY69500CE","GOLD","6333.0","2025-05-27","69500","50.0","1","FUTCOM","CE","MCX_FO"
"MCX_FO|437043","437043","CRUDEOIL24OCT6600PE","CRUDE OIL","281.1","2024-10-17","6600","10.0","100","FUTCOM","PE","MCX_FO"
"MCX_FO|426941","426941","SILVERM24NOV78750PE","SILVER","3606.5","2024-11-20","78750","50.0","5","FUTCOM","PE","MCX_FO"
"MCX_FO|430984","430984","SILVER24NOV90000CE","SILVER","3713.0","2024-11-26","90000","50.0","30","FUTCOM","CE","MCX_FO"
"MCX_FO|436551","436551","GOLDM24AUG76000CE","GOLD","58.5","2024-08-27","76000","50.0","100","FUTCOM","CE","MCX_FO"
"MCX_FO|435695","435695","GOLDM24AUG68900PE","GOLD","2692.5","2024-08-27","68900","50.0","100","FUTCOM","PE","MCX_FO"
"MCX_FO|434309","434309","CRUDEOIL24AUG6350CE","CRUDE OIL","233.1","2024-08-14","6350","10.0","100","FUTCOM","CE","MCX_FO"
"MCX_FO|430732","430732","GOLD24SEP71300CE","GOLD","1583.5","2024-09-24","71300","50.0","1","FUTCOM","CE","MCX_FO"
"MCX_FO|433816","433816","SILVERM25APR99750PE","SILVER","15465.0","2025-04-21","99750","50.0","5","FUTCOM","PE","MCX_FO"
"MCX_FO|435798","435798","GOLD25MAY74600PE","GOLD","9202.5","2025-05-27","74600","50.0","1","FUTCOM","PE","MCX_FO"
"MCX_FO|427252","427252","SILVER24NOV78500CE","SILVER","8723.5","2024-11-26","78500","50.0","30","FUTCOM","CE","MCX_FO"
"MCX_FO|435587","435587","GOLDM24AUG74800PE","GOLD","7249.0","2024-08-27","74800","50.0","100","FUTCOM","PE","MCX_FO"
"MCX_FO|431188","431188","GOLD25JAN73500PE","GOLD","7865.0","2025-01-27","73500","50.0","1","FUTCOM","PE","MCX_FO"
"MCX_FO|435561","435561","GOLDM24AUG70300PE","GOLD","3597.5","2024-08-27","70300","50.0","100","FUTCOM","PE","MCX_FO"
"MCX_FO|436815","436815","GOLD25MAY78100PE","GOLD","11489.5","2025-05-27","78100","50.0","1","FUTCOM","PE","MCX_FO"
"MCX_FO|435766","435766","GOLD25MAY70700PE","GOLD","6931.0","2025-05-27","70700","50.0","1","FUTCOM","PE","MCX_FO"
"MCX_FO|428780","428780","GOLD25JAN61100CE","GOLD","9325.5","2025-01-27","61100","50.0","1","FUTCOM","CE","MCX_FO"
"MCX_FO|433029","433029","ZINC24AUG255CE","ZINC","5.25","2024-08-21","255","1.0","5","FUTCOM","CE","MCX_FO"
"MCX_FO|435234","435234","NATGASMINI24AUG305CE","NATURALGAS","0.05","2024-08-23","305","5.0","250","FUTCOM","CE","MCX_FO"
"MCX_FO|427201","427201","GOLD24NOV63700PE","GOLD","1844.5","2024-11-26","63700","50.0","1","FUTCOM","PE","MCX_FO"
"MCX_FO|427712","427712","SILVER24AUG70250PE","SILVER","240.0","2024-08-27","70250","50.0","30","FUTCOM","PE","MCX_FO"
"MCX_FO|437803","437803","NATURALGAS24OCT210CE","NATURALGAS","0.0","2024-10-24","210","5.0","1250","FUTCOM","CE","MCX_FO"
"MCX_FO|431829","431829","GOLD24NOV75000PE","GOLD","8031.5","2024-11-26","75000","50.0","1","FUTCOM","PE","MCX_FO"
"MCX_FO|434879","434879","ZINC24AUG297.5CE","ZINC","0.01","2024-08-21","297.5","1.0","5","FUTCOM","CE","MCX_FO"
"MCX_FO|435491","435491","GOLDM24AUG72300CE","GOLD","590.0","2024-08-27","72300","50.0","100","FUTCOM","CE","MCX_FO"
"MCX_FO|435791","435791","GOLD25MAY73900PE","GOLD","8772.5","2025-05-27","73900","50.0","1","FUTCOM","PE","MCX_FO"
"MCX_FO|427235","427235","GOLD24NOV65400PE","GOLD","2459.5","2024-11-26","65400","50.0","1","FUTCOM","PE","MCX_FO"
"MCX_FO|436093","436093","COPPER24SEP800PE","COPPER","25.02","2024-09-19","800","1.0","2500","FUTCOM","PE","MCX_FO"
"MCX_FO|428766","428766","GOLD25JAN62500CE","GOLD","8412.5","2025-01-27","62500","50.0","1","FUTCOM","CE","MCX_FO"
"MCX_FO|435250","435250","NATGASMINI24AUG170PE","NATURALGAS","10.25","2024-08-23","170","5.0","250","FUTCOM","PE","MCX_FO"
"MCX_FO|426689","426689","SILVER24AUG77750CE","SILVER","5249.5","2024-08-27","77750","50.0","30","FUTCOM","CE","MCX_FO"
"MCX_FO|431905","431905","GOLD24NOV75200CE","GOLD","1532.5","2024-11-26","75200","50.0","1","FUTCOM","CE","MCX_FO"
"MCX_FO|436681","436681","SILVER25JUN101500PE","SILVER","18095.0","2025-06-25","101500","50.0","30","FUTCOM","PE","MCX_FO"
"MCX_FO|428799","428799","GOLD25JAN64100CE","GOLD","7440.0","2025-01-27","64100","50.0","1","FUTCOM","CE","MCX_FO"
"MCX_FO|436296","436296","ZINC24OCT275CE","ZINC","8.95","2024-10-22","275","1.0","5","FUTCOM","CE","MCX_FO"
"MCX_FO|435394","435394","ZINC24SEP272.5CE","ZINC","5.29","2024-09-19","272.5","1.0","5","FUTCOM","CE","MCX_FO"
"MCX_FO|435538","435538","GOLDM24AUG74900CE","GOLD","243.0","2024-08-27","74900","50.0","100","FUTCOM","CE","MCX_FO"
"MCX_FO|436177","436177","NATGASMINI24SEP285CE","NATURALGAS","0.65","2024-09-23","285","5.0","250","FUTCOM","CE","MCX_FO"
"MCX_FO|427366","427366","GOLD24NOV66900CE","GOLD","4552.0","2024-11-26","66900","50.0","1","FUTCOM","CE","MCX_FO"
"MCX_FO|435358","435358","COPPER24SEP885CE","COPPER","3.29","2024-09-19","885","1.0","2500","FUTCOM","CE","MCX_FO"
"MCX_FO|432994","432994","COPPER24AUG875CE","COPPER","0.26","2024-08-21","875","1.0","2500","FUTCOM","CE","MCX_FO"
"MCX_FO|433707","433707","SILVERM25APR95500PE","SILVER","12663.0","2025-04-21","95500","50.0","5","FUTCOM","PE","MCX_FO"
"MCX_FO|427273","427273","SILVER24NOV80000CE","SILVER","7886.0","2024-11-26","80000","50.0","30","FUTCOM","CE","MCX_FO"
"MCX_FO|429687","429687","GOLD24SEP69800CE","GOLD","2089.0","2024-09-24","69800","50.0","1","FUTCOM","CE","MCX_FO"
"MCX_FO|428748","428748","SILVERM24NOV68250PE","SILVER","853.0","2024-11-20","68250","50.0","5","FUTCOM","PE","MCX_FO"
"MCX_FO|431738","431738","GOLD25JAN75100CE","GOLD","2779.0","2025-01-27","75100","50.0","1","FUTCOM","CE","MCX_FO"
"MCX_FO|431686","431686","SILVERM24NOV92000PE","SILVER","11066.5","2024-11-20","92000","50.0","5","FUTCOM","PE","MCX_FO"
"MCX_FO|435613","435613","COPPER24SEP835PE","COPPER","46.42","2024-09-19","835","1.0","2500","FUTCOM","PE","MCX_FO"
"MCX_FO|428736","428736","SILVERM24NOV69250CE","SILVER","15082.0","2024-11-20","69250","50.0","5","FUTCOM","CE","MCX_FO"
"MCX_FO|430599","430599","SILVER25FEB88750PE","SILVER","9651.0","2025-02-24","88750","50.0","30","FUTCOM","PE","MCX_FO"
"MCX_FO|437057","437057","CRUDEOIL24OCT7300PE","CRUDE OIL","881.0","2024-10-17","7300","10.0","100","FUTCOM","PE","MCX_FO"
"MCX_FO|433502","433502","SILVER25APR94250CE","SILVER","6423.0","2025-04-24","94250","50.0","30","FUTCOM","CE","MCX_FO"
"MCX_FO|435903","435903","CRUDEOIL24SEP5600PE","CRUDE OIL","2.4","2024-09-17","5600","10.0","100","FUTCOM","PE","MCX_FO"
"MCX_FO|433715","433715","SILVERM25APR97500PE","SILVER","13952.0","2025-04-21","97500","50.0","5","FUTCOM","PE","MCX_FO"
"MCX_FO|435442","435442","ZINC24SEP247.5PE","ZINC","10.99","2024-09-19","247.5","1.0","5","FUTCOM","PE","MCX_FO"
"MCX_FO|426644","426644","GOLD24SEP62300PE","GOLD","854.0","2024-09-24","62300","50.0","1","FUTCOM","PE","MCX_FO"
"MCX_FO|435174","435174","SILVER24NOV105000PE","SILVER","21939.5","2024-11-26","105000","50.0","30","FUTCOM","PE","MCX_FO"
"MCX_FO|435714","435714","GOLD25MAY70900CE","GOLD","5757.5","2025-05-27","70900","50.0","1","FUTCOM","CE","MCX_FO"
"MCX_FO|434819","434819","SILVERM24NOV101250PE","SILVER","18392.5","2024-11-20","101250","50.0","5","FUTCOM","PE","MCX_FO"
"MCX_FO|436577","436577","NATGASMINI24SEP125PE","NATURALGAS","0.5","2024-09-23","125","5.0","250","FUTCOM","PE","MCX_FO"
"MCX_FO|428741","428741","SILVERM24AUG67500PE","SILVER","43.0","2024-08-21","67500","50.0","5","FUTCOM","PE","MCX_FO"
"MCX_FO|437502","437502","SILVER25JUN87250PE","SILVER","9569.0","2025-06-25","87250","50.0","30","FUTCOM","PE","MCX_FO"
"MCX_FO|432106","432106","SILVERM25FEB98000CE","SILVER","3764.0","2025-02-19","98000","50.0","5","FUTCOM","CE","MCX_FO"
"MCX_FO|433575","433575","SILVER25APR96000PE","SILVER","14326.5","2025-04-24","96000","50.0","30","FUTCOM","PE","MCX_FO"
"MCX_FO|433354","433354","SILVERM25APR91750CE","SILVER","7301.5","2025-04-21","91750","50.0","5","FUTCOM","CE","MCX_FO"
"MCX_FO|433678","433678","SILVERM25APR89000PE","SILVER","8878.5","2025-04-21","89000","50.0","5","FUTCOM","PE","MCX_FO"
"MCX_FO|433677","433677","SILVERM25APR89250PE","SILVER","9011.5","2025-04-21","89250","50.0","5","FUTCOM","PE","MCX_FO"
"MCX_FO|433979","433979","SILVER24AUG96500CE","SILVER","158.5","2024-08-27","96500","50.0","30","FUTCOM","CE","MCX_FO"
"MCX_FO|433006","433006","COPPER24AUG885CE","COPPER","0.13","2024-08-21","885","1.0","2500","FUTCOM","CE","MCX_FO"
"MCX_FO|435432","435432","CRUDEOIL24AUG5000CE","CRUDE OIL","1565.9","2024-08-14","5000","10.0","100","FUTCOM","CE","MCX_FO"
"MCX_FO|431363","431363","SILVER24NOV91750PE","SILVER","11264.0","2024-11-26","91750","50.0","30","FUTCOM","PE","MCX_FO"
"MCX_FO|435756","435756","GOLD25MAY71700PE","GOLD","7483.5","2025-05-27","71700","50.0","1","FUTCOM","PE","MCX_FO"
"MCX_FO|436900","436900","GOLD24NOV77600CE","GOLD","1063.5","2024-11-26","77600","50.0","1","FUTCOM","CE","MCX_FO"
"MCX_FO|435607","435607","GOLDM24AUG75800PE","GOLD","8164.5","2024-08-27","75800","50.0","100","FUTCOM","PE","MCX_FO"
"MCX_FO|429761","429761","GOLD25JAN71100PE","GOLD","6382.5","2025-01-27","71100","50.0","1","FUTCOM","PE","MCX_FO"
"MCX_FO|437918","437918","NATGASMINI24OCT250PE","NATURALGAS","0.0","2024-10-24","250","5.0","250","FUTCOM","PE","MCX_FO"
"MCX_FO|430845","430845","SILVER24AUG86500CE","SILVER","835.5","2024-08-27","86500","50.0","30","FUTCOM","CE","MCX_FO"
"MCX_FO|432016","432016","GOLD25MAR74700PE","GOLD","8925.0","2025-03-26","74700","50.0","1","FUTCOM","PE","MCX_FO"
"MCX_FO|433625","433625","SILVERM25APR92000CE","SILVER","7208.5","2025-04-21","92000","50.0","5","FUTCOM","CE","MCX_FO"
"MCX_FO|434456","434456","GOLD24NOV77500PE","GOLD","9974.0","2024-11-26","77500","50.0","1","FUTCOM","PE","MCX_FO"
"MCX_FO|434660","434660","SILVER25FEB103750PE","SILVER","19930.0","2025-02-24","103750","50.0","30","FUTCOM","PE","MCX_FO"
"MCX_FO|431810","431810","GOLD25JAN75300CE","GOLD","2724.0","2025-01-27","75300","50.0","1","FUTCOM","CE","MCX_FO"
"MCX_FO|435252","435252","NATGASMINI24AUG245PE","NATURALGAS","68.65","2024-08-23","245","5.0","250","FUTCOM","PE","MCX_FO"
"MCX_FO|437760","437760","SILVERM25JUN83750CE","SILVER","12872.5","2025-06-19","83750","50.0","5","FUTCOM","CE","MCX_FO"
"MCX_FO|437224","437224","SILVER25JUN90500PE","SILVER","11294.0","2025-06-25","90500","50.0","30","FUTCOM","PE","MCX_FO"
"MCX_FO|437223","437223","SILVER25JUN90750PE","SILVER","11432.5","2025-06-25","90750","50.0","30","FUTCOM","PE","MCX_FO"
"MCX_FO|429866","429866","SILVER25FEB81250CE","SILVER","10371.5","2025-02-24","81250","50.0","30","FUTCOM","CE","MCX_FO"
"MCX_FO|431558","431558","SILVERM24AUG89750PE","SILVER","8798.0","2024-08-21","89750","50.0","5","FUTCOM","PE","MCX_FO"
"MCX_FO|437291","437291","GOLD25MAY68800CE","GOLD","6637.5","2025-05-27","68800","50.0","1","FUTCOM","CE","MCX_FO"
"MCX_FO|429206","429206","GOLD25JAN67700PE","GOLD","4552.0","2025-01-27","67700","50.0","1","FUTCOM","PE","MCX_FO"
"MCX_FO|436693","436693","SILVER25JUN104500PE","SILVER","20174.0","2025-06-25","104500","50.0","30","FUTCOM","PE","MCX_FO"
"MCX_FO|427360","427360","GOLD24SEP66400CE","GOLD","3657.0","2024-09-24","66400","50.0","1","FUTCOM","CE","MCX_FO"
"MCX_FO|435684","435684","NATGASMINI24AUG335CE","NATURALGAS","0.05","2024-08-23","335","5.0","250","FUTCOM","CE","MCX_FO"
"MCX_FO|427409","427409","SILVER24AUG85250CE","SILVER","1717.0","2024-08-27","85250","50.0","30","FUTCOM","CE","MCX_FO"
"MCX_FO|433016","433016","COPPER24AUG850PE","COPPER","54.96","2024-08-21","850","1.0","2500","FUTCOM","PE","MCX_FO"
"MCX_FO|433310","433310","ZINC24AUG285CE","ZINC","0.02","2024-08-21","285","1.0","5","FUTCOM","CE","MCX_FO"
"MCX_FO|437078","437078","SILVER25JUN93250PE","SILVER","12861.0","2025-06-25","93250","50.0","30","FUTCOM","PE","MCX_FO"
"MCX_FO|436671","436671","SILVER25JUN95000PE","SILVER","13907.0","2025-06-25","95000","50.0","30","FUTCOM","PE","MCX_FO"
"MCX_FO|437836","437836","NATURALGAS24OCT195PE","NATURALGAS","0.0","2024-10-24","195","5.0","1250","FUTCOM","PE","MCX_FO"
"MCX_FO|436869","436869","SILVER25JUN107750PE","SILVER","22518.5","2025-06-25","107750","50.0","30","FUTCOM","PE","MCX_FO"
"MCX_FO|426668","426668","GOLD24SEP64600PE","GOLD","1504.5","2024-09-24","64600","50.0","1","FUTCOM","PE","MCX_FO"
"MCX_FO|434205","434205","SILVERM24AUG97500PE","SILVER","16035.5","2024-08-21","97500","50.0","5","FUTCOM","PE","MCX_FO"
"MCX_FO|437131","437131","CRUDEOILM24OCT6850CE","CRUDE OIL","97.3","2024-10-17","6850","5.0","10","FUTCOM","CE","MCX_FO"
"MCX_FO|436001","436001","CRUDEOILM24SEP6000PE","CRUDE OIL","23.35","2024-09-17","6000","5.0","10","FUTCOM","PE","MCX_FO"
"MCX_FO|437533","437533","SILVERM25JUN88500PE","SILVER","10467.0","2025-06-19","88500","50.0","5","FUTCOM","PE","MCX_FO"
"MCX_FO|435670","435670","ZINC24AUG235PE","ZINC","0.32","2024-08-21","235","1.0","5","FUTCOM","PE","MCX_FO"
"MCX_FO|432265","432265","SILVER25FEB97750PE","SILVER","15458.5","2025-02-24","97750","50.0","30","FUTCOM","PE","MCX_FO"
"MCX_FO|436606","436606","SILVER25JUN98750CE","SILVER","6691.0","2025-06-25","98750","50.0","30","FUTCOM","CE","MCX_FO"
"MCX_FO|436837","436837","GOLDM24AUG76200PE","GOLD","8537.0","2024-08-27","76200","50.0","100","FUTCOM","PE","MCX_FO"
"MCX_FO|434147","434147","SILVERM24NOV99500CE","SILVER","1423.5","2024-11-20","99500","50.0","5","FUTCOM","CE","MCX_FO"
"MCX_FO|437512","437512","SILVERM25JUN89500CE","SILVER","10352.5","2025-06-19","89500","50.0","5","FUTCOM","CE","MCX_FO"
"MCX_FO|436778","436778","SILVERM25JUN100500PE","SILVER","17633.0","2025-06-19","100500","50.0","5","FUTCOM","PE","MCX_FO"
"MCX_FO|428296","428296","GOLD24NOV59300PE","GOLD","753.5","2024-11-26","59300","50.0","1","FUTCOM","PE","MCX_FO"
"MCX_FO|436632","436632","SILVER25JUN101750CE","SILVER","5878.0","2025-06-25","101750","50.0","30","FUTCOM","CE","MCX_FO"
"MCX_FO|435045","435045","CRUDEOIL24AUG5200CE","CRUDE OIL","1366.7","2024-08-14","5200","10.0","100","FUTCOM","CE","MCX_FO"
"MCX_FO|435942","435942","CRUDEOILM24SEP6400CE","CRUDE OIL","219.4","2024-09-17","6400","5.0","10","FUTCOM","CE","MCX_FO"
"MCX_FO|427935","427935","SILVER24NOV70750PE","SILVER","1493.0","2024-11-26","70750","50.0","30","FUTCOM","PE","MCX_FO"
"MCX_FO|434360","434360","CRUDEOIL24AUG6300PE","CRUDE OIL","91.5","2024-08-14","6300","10.0","100","FUTCOM","PE","MCX_FO"
"MCX_FO|436771","436771","SILVERM25JUN95000PE","SILVER","14142.5","2025-06-19","95000","50.0","5","FUTCOM","PE","MCX_FO"
"MCX_FO|434585","434585","SILVER25FEB106750CE","SILVER","2383.0","2025-02-24","106750","50.0","30","FUTCOM","CE","MCX_FO"
"MCX_FO|435928","435928","CRUDEOIL24SEP7700PE","CRUDE OIL","1196.4","2024-09-17","7700","10.0","100","FUTCOM","PE","MCX_FO"
"MCX_FO|426845","426845","SILVERM24NOV77750CE","SILVER","8993.0","2024-11-20","77750","50.0","5","FUTCOM","CE","MCX_FO"
"MCX_FO|436498","436498","GOLDM24SEP73600PE","GOLD","6424.5","2024-09-24","73600","50.0","100","FUTCOM","PE","MCX_FO"
"MCX_FO|427271","427271","SILVER24NOV73750CE","SILVER","11749.0","2024-11-26","73750","50.0","30","FUTCOM","CE","MCX_FO"
"MCX_FO|434833","434833","SILVERM25FEB102250PE","SILVER","18295.0","2025-02-19","102250","50.0","5","FUTCOM","PE","MCX_FO"
"MCX_FO|430004","430004","SILVERM25FEB84000CE","SILVER","8696.0","2025-02-19","84000","50.0","5","FUTCOM","CE","MCX_FO"
"MCX_FO|435260","435260","NATGASMINI24AUG285PE","NATURALGAS","108.3","2024-08-23","285","5.0","250","FUTCOM","PE","MCX_FO"
"MCX_FO|433594","433594","SILVERM24NOV94750CE","SILVER","2257.0","2024-11-20","94750","50.0","5","FUTCOM","CE","MCX_FO"
"MCX_FO|426984","426984","SILVERM24NOV84750PE","SILVER","6447.5","2024-11-20","84750","50.0","5","FUTCOM","PE","MCX_FO"
"MCX_FO|430778","430778","GOLD24SEP71000PE","GOLD","2815.0","2024-09-24","71000","50.0","1","FUTCOM","PE","MCX_FO"
"MCX_FO|431179","431179","GOLD25JAN72600PE","GOLD","7291.5","2025-01-27","72600","50.0","1","FUTCOM","PE","MCX_FO"
"MCX_FO|437671","437671","GOLDM24SEP65600PE","GOLD","1678.0","2024-09-24","65600","50.0","100","FUTCOM","PE","MCX_FO"
"MCX_FO|426927","426927","SILVERM24AUG81500PE","SILVER","2323.5","2024-08-21","81500","50.0","5","FUTCOM","PE","MCX_FO"
"MCX_FO|431565","431565","SILVERM24NOV91750PE","SILVER","10888.0","2024-11-20","91750","50.0","5","FUTCOM","PE","MCX_FO"
"MCX_FO|430282","430282","GOLD24SEP70400PE","GOLD","4372.0","2024-09-24","70400","50.0","1","FUTCOM","PE","MCX_FO"
"MCX_FO|431542","431542","SILVERM24NOV91500CE","SILVER","3040.0","2024-11-20","91500","50.0","5","FUTCOM","CE","MCX_FO"
"MCX_FO|431096","431096","GOLD24NOV72500CE","GOLD","2251.0","2024-11-26","72500","50.0","1","FUTCOM","CE","MCX_FO"
"MCX_FO|429733","429733","GOLD24SEP69400PE","GOLD","3752.0","2024-09-24","69400","50.0","1","FUTCOM","PE","MCX_FO"
"MCX_FO|427143","427143","GOLD24SEP66200CE","GOLD","3768.5","2024-09-24","66200","50.0","1","FUTCOM","CE","MCX_FO"
"MCX_FO|428155","428155","GOLD24SEP60200CE","GOLD","8047.0","2024-09-24","60200","50.0","1","FUTCOM","CE","MCX_FO"
"MCX_FO|433510","433510","SILVER25APR96250CE","SILVER","5812.5","2025-04-24","96250","50.0","30","FUTCOM","CE","MCX_FO"
"MCX_FO|437006","437006","CRUDEOIL24OCT7350CE","CRUDE OIL","3.4","2024-10-17","7350","10.0","100","FUTCOM","CE","MCX_FO"
"MCX_FO|427727","427727","SILVERM24NOV72000CE","SILVER","12925.5","2024-11-20","72000","50.0","5","FUTCOM","CE","MCX_FO"
"MCX_FO|433804","433804","SILVERM25APR100500CE","SILVER","4582.0","2025-04-21","100500","50.0","5","FUTCOM","CE","MCX_FO"
"MCX_FO|430886","430886","SILVER25FEB90000PE","SILVER","10383.0","2025-02-24","90000","50.0","30","FUTCOM","PE","MCX_FO"
"MCX_FO|428850","428850","GOLD25JAN64200PE","GOLD","3023.5","2025-01-27","64200","50.0","1","FUTCOM","PE","MCX_FO"
"MCX_FO|426576","426576","GOLD24SEP65400CE","GOLD","4236.5","2024-09-24","65400","50.0","1","FUTCOM","CE","MCX_FO"
"MCX_FO|434135","434135","SILVERM24AUG98500CE","SILVER","48.0","2024-08-21","98500","50.0","5","FUTCOM","CE","MCX_FO"
"MCX_FO|437429","437429","GOLDM24AUG67000PE","GOLD","442.5","2024-08-27","67000","50.0","100","FUTCOM","PE","MCX_FO"
"MCX_FO|433774","433774","SILVER25FEB99250PE","SILVER","16537.0","2025-02-24","99250","50.0","30","FUTCOM","PE","MCX_FO"
"MCX_FO|427343","427343","SILVER24NOV85000PE","SILVER","6969.0","2024-11-26","85000","50.0","30","FUTCOM","PE","MCX_FO"
"MCX_FO|427170","427170","GOLD24NOV64200CE","GOLD","6102.5","2024-11-26","64200","50.0","1","FUTCOM","CE","MCX_FO"
"MCX_FO|429150","429150","SILVER24AUG67750PE","SILVER","99.0","2024-08-27","67750","50.0","30","FUTCOM","PE","MCX_FO"
"MCX_FO|437414","437414","GOLDM24AUG68500PE","GOLD","1088.0","2024-08-27","68500","50.0","100","FUTCOM","PE","MCX_FO"
"MCX_FO|428860","428860","GOLD25JAN65200PE","GOLD","3422.5","2025-01-27","65200","50.0","1","FUTCOM","PE","MCX_FO"
"MCX_FO|427344","427344","SILVER24NOV85250PE","SILVER","7110.0","2024-11-26","85250","50.0","30","FUTCOM","PE","MCX_FO"
"MCX_FO|437906","437906","NATGASMINI24OCT185PE","NATURALGAS","0.0","2024-10-24","185","5.0","250","FUTCOM","PE","MCX_FO"
"MCX_FO|430003","430003","SILVERM25FEB83750CE","SILVER","8816.0","2025-02-19","83750","50.0","5","FUTCOM","CE","MCX_FO"
"MCX_FO|433388","433388","GOLD25MAR76600CE","GOLD","3056.5","2025-03-26","76600","50.0","1","FUTCOM","CE","MCX_FO"
"MCX_FO|435818","435818","GOLD25MAY75100PE","GOLD","9515.5","2025-05-27","75100","50.0","1","FUTCOM","PE","MCX_FO"
"MCX_FO|432267","432267","SILVERM25FEB98250PE","SILVER","15310.5","2025-02-19","98250","50.0","5","FUTCOM","PE","MCX_FO"
"MCX_FO|428430","428430","GOLD24NOV58600PE","GOLD","638.5","2024-11-26","58600","50.0","1","FUTCOM","PE","MCX_FO"
"MCX_FO|426801","426801","SILVERM24AUG74750CE","SILVER","7286.0","2024-08-21","74750","50.0","5","FUTCOM","CE","MCX_FO"
"MCX_FO|430793","430793","GOLD24NOV71400PE","GOLD","5550.5","2024-11-26","71400","50.0","1","FUTCOM","PE","MCX_FO"
"MCX_FO|437272","437272","CRUDEOIL24SEP5150CE","CRUDE OIL","1328.0","2024-09-17","5150","10.0","100","FUTCOM","CE","MCX_FO"
"MCX_FO|436438","436438","GOLDM24SEP71300CE","GOLD","1501.5","2024-09-24","71300","50.0","100","FUTCOM","CE","MCX_FO"
"MCX_FO|437572","437572","GOLD25MAR67300CE","GOLD","6490.0","2025-03-26","67300","50.0","1","FUTCOM","CE","MCX_FO"
"MCX_FO|434003","434003","SILVER25FEB99750CE","SILVER","3692.0","2025-02-24","99750","50.0","30","FUTCOM","CE","MCX_FO"
"MCX_FO|428278","428278","GOLD24NOV59200CE","GOLD","9706.0","2024-11-26","59200","50.0","1","FUTCOM","CE","MCX_FO"
"MCX_FO|433665","433665","SILVERM24NOV95500PE","SILVER","13683.0","2024-11-20","95500","50.0","5","FUTCOM","PE","MCX_FO"
"MCX_FO|436003","436003","CRUDEOILM24SEP5900PE","CRUDE OIL","13.45","2024-09-17","5900","5.0","10","FUTCOM","PE","MCX_FO"
"MCX_FO|431524","431524","SILVER25FEB94250PE","SILVER","13057.5","2025-02-24","94250","50.0","30","FUTCOM","PE","MCX_FO"
"MCX_FO|428435","428435","GOLD24NOV58100PE","GOLD","565.0","2024-11-26","58100","50.0","1","FUTCOM","PE","MCX_FO"
"MCX_FO|434631","434631","SILVER24AUG100500PE","SILVER","19102.5","2024-08-27","100500","50.0","30","FUTCOM","PE","MCX_FO"
"MCX_FO|434755","434755","SILVERM25FEB104250CE","SILVER","2489.0","2025-02-19","104250","50.0","5","FUTCOM","CE","MCX_FO"
"MCX_FO|437897","437897","NATGASMINI24OCT295CE","NATURALGAS","0.0","2024-10-24","295","5.0","250","FUTCOM","CE","MCX_FO"
"MCX_FO|426814","426814","SILVERM24AUG78250CE","SILVER","4703.0","2024-08-21","78250","50.0","5","FUTCOM","CE","MCX_FO"
"MCX_FO|437334","437334","GOLDM24AUG68400CE","GOLD","2355.0","2024-08-27","68400","50.0","100","FUTCOM","CE","MCX_FO"
"MCX_FO|431008","431008","SILVERM24NOV89500CE","SILVER","3625.0","2024-11-20","89500","50.0","5","FUTCOM","CE","MCX_FO"
"MCX_FO|434143","434143","SILVERM24NOV98500CE","SILVER","1572.5","2024-11-20","98500","50.0","5","FUTCOM","CE","MCX_FO"
"MCX_FO|436511","436511","GOLDM24SEP74900PE","GOLD","7472.5","2024-09-24","74900","50.0","100","FUTCOM","PE","MCX_FO"
"MCX_FO|437806","437806","NATURALGAS24OCT195CE","NATURALGAS","0.0","2024-10-24","195","5.0","1250","FUTCOM","CE","MCX_FO"
"MCX_FO|428817","428817","GOLD25JAN62400PE","GOLD","2381.5","2025-01-27","62400","50.0","1","FUTCOM","PE","MCX_FO"
"MCX_FO|436548","436548","GOLD25MAY77800PE","GOLD","11285.0","2025-05-27","77800","50.0","1","FUTCOM","PE","MCX_FO"
"MCX_FO|427256","427256","SILVER24NOV77500CE","SILVER","9313.5","2024-11-26","77500","50.0","30","FUTCOM","CE","MCX_FO"
"MCX_FO|426957","426957","SILVERM24NOV74750PE","SILVER","2242.5","2024-11-20","74750","50.0","5","FUTCOM","PE","MCX_FO"
"MCX_FO|428790","428790","GOLD25JAN63200CE","GOLD","7977.5","2025-01-27","63200","50.0","1","FUTCOM","CE","MCX_FO"
"MCX_FO|435383","435383","COPPER24SEP915PE","COPPER","114.71","2024-09-19","915","1.0","2500","FUTCOM","PE","MCX_FO"
"MCX_FO|429985","429985","SILVERM25FEB73750CE","SILVER","14626.0","2025-02-19","73750","50.0","5","FUTCOM","CE","MCX_FO"
"MCX_FO|431001","431001","SILVER25FEB92500PE","SILVER","11922.5","2025-02-24","92500","50.0","30","FUTCOM","PE","MCX_FO"
"MCX_FO|427267","427267","SILVER24NOV74750CE","SILVER","11065.5","2024-11-26","74750","50.0","30","FUTCOM","CE","MCX_FO"
"MCX_FO|437268","437268","COPPER24AUG775PE","COPPER","6.12","2024-08-21","775","1.0","2500","FUTCOM","PE","MCX_FO"
"MCX_FO|431161","431161","GOLD24SEP73700PE","GOLD","6738.5","2024-09-24","73700","50.0","1","FUTCOM","PE","MCX_FO"
"MCX_FO|434736","434736","SILVERM24NOV102000CE","SILVER","1104.5","2024-11-20","102000","50.0","5","FUTCOM","CE","MCX_FO"
"MCX_FO|432200","432200","GOLD25MAR75400PE","GOLD","9384.0","2025-03-26","75400","50.0","1","FUTCOM","PE","MCX_FO"
"MCX_FO|429980","429980","SILVERM25FEB75000CE","SILVER","13791.5","2025-02-19","75000","50.0","5","FUTCOM","CE","MCX_FO"
"MCX_FO|436849","436849","GOLDM24SEP76900PE","GOLD","9185.0","2024-09-24","76900","50.0","100","FUTCOM","PE","MCX_FO"
"MCX_FO|434723","434723","SILVERM24AUG101500CE","SILVER","18.5","2024-08-21","101500","50.0","5","FUTCOM","CE","MCX_FO"
"MCX_FO|435835","435835","CRUDEOIL24SEP6450CE","CRUDE OIL","198.0","2024-09-17","6450","10.0","100","FUTCOM","CE","MCX_FO"
"MCX_FO|437448","437448","GOLDM24SEP67700PE","GOLD","2594.0","2024-09-24","67700","50.0","100","FUTCOM","PE","MCX_FO"
"MCX_FO|435618","435618","GOLDM24AUG69500CE","GOLD","605.0","2024-08-27","69500","50.0","100","FUTCOM","CE","MCX_FO"
"MCX_FO|435248","435248","NATGASMINI24AUG180PE","NATURALGAS","15.75","2024-08-23","180","5.0","250","FUTCOM","PE","MCX_FO"
"MCX_FO|430033","430033","SILVERM25FEB74250PE","SILVER","2851.0","2025-02-19","74250","50.0","5","FUTCOM","PE","MCX_FO"
"MCX_FO|429888","429888","SILVER25FEB82500CE","SILVER","9737.0","2025-02-24","82500","50.0","30","FUTCOM","CE","MCX_FO"
"MCX_FO|433010","433010","COPPER24AUG905CE","COPPER","0.03","2024-08-21","905","1.0","2500","FUTCOM","CE","MCX_FO"
"MCX_FO|436196","436196","NATGASMINI24SEP175PE","NATURALGAS","10.75","2024-09-23","175","5.0","250","FUTCOM","PE","MCX_FO"
"MCX_FO|437862","437862","SILVERM25APR81750CE","SILVER","0.0","2025-04-21","81750","50.0","5","FUTCOM","CE","MCX_FO"
"MCX_FO|436602","436602","SILVER25JUN99750CE","SILVER","6409.5","2025-06-25","99750","50.0","30","FUTCOM","CE","MCX_FO"
"MCX_FO|430666","430666","SILVER24AUG86000CE","SILVER","884.5","2024-08-27","86000","50.0","30","FUTCOM","CE","MCX_FO"
"MCX_FO|430055","430055","SILVERM25FEB84250PE","SILVER","6741.5","2025-02-19","84250","50.0","5","FUTCOM","PE","MCX_FO"
"MCX_FO|437387","437387","GOLDM24SEP69900CE","GOLD","1972.5","2024-09-24","69900","50.0","100","FUTCOM","CE","MCX_FO"
"MCX_FO|436872","436872","SILVER25JUN108500PE","SILVER","23072.5","2025-06-25","108500","50.0","30","FUTCOM","PE","MCX_FO"
"MCX_FO|434948","434948","CRUDEOILM24AUG6300PE","CRUDE OIL","94.7","2024-08-14","6300","5.0","10","FUTCOM","PE","MCX_FO"
"MCX_FO|436272","436272","COPPER24OCT860PE","COPPER","62.97","2024-10-22","860","1.0","2500","FUTCOM","PE","MCX_FO"
"MCX_FO|432439","432439","GOLD25MAR69400CE","GOLD","5533.5","2025-03-26","69400","50.0","1","FUTCOM","CE","MCX_FO"
"MCX_FO|433460","433460","SILVER24NOV95750CE","SILVER","2270.0","2024-11-26","95750","50.0","30","FUTCOM","CE","MCX_FO"
"MCX_FO|437230","437230","SILVERM25JUN92000PE","SILVER","12381.5","2025-06-19","92000","50.0","5","FUTCOM","PE","MCX_FO"
"MCX_FO|434640","434640","SILVER24AUG102750PE","SILVER","21312.0","2024-08-27","102750","50.0","30","FUTCOM","PE","MCX_FO"
"MCX_FO|429201","429201","GOLD25JAN67200PE","GOLD","4311.0","2025-01-27","67200","50.0","1","FUTCOM","PE","MCX_FO"
"MCX_FO|427213","427213","GOLD24NOV62500PE","GOLD","1478.0","2024-11-26","62500","50.0","1","FUTCOM","PE","MCX_FO"
"MCX_FO|436160","436160","NATGASMINI24SEP205CE","NATURALGAS","10.0","2024-09-23","205","5.0","250","FUTCOM","CE","MCX_FO"
"MCX_FO|437693","437693","SILVER25JUN85000CE","SILVER","11765.5","2025-06-25","85000","50.0","30","FUTCOM","CE","MCX_FO"
"MCX_FO|437602","437602","GOLD25MAR67400PE","GOLD","4806.5","2025-03-26","67400","50.0","1","FUTCOM","PE","MCX_FO"
"MCX_FO|426699","426699","SILVER24AUG75250CE","SILVER","7018.0","2024-08-27","75250","50.0","30","FUTCOM","CE","MCX_FO"
"MCX_FO|434933","434933","CRUDEOILM24AUG7400CE","CRUDE OIL","0.35","2024-08-14","7400","5.0","10","FUTCOM","CE","MCX_FO"
"MCX_FO|432123","432123","SILVERM25FEB97250PE","SILVER","14596.0","2025-02-19","97250","50.0","5","FUTCOM","PE","MCX_FO"
"MCX_FO|432196","432196","GOLD25JAN76000PE","GOLD","9560.5","2025-01-27","76000","50.0","1","FUTCOM","PE","MCX_FO"
"MCX_FO|435279","435279","SILVER24NOV106250CE","SILVER","840.5","2024-11-26","106250","50.0","30","FUTCOM","CE","MCX_FO"
"MCX_FO|428788","428788","GOLD25JAN63000CE","GOLD","8100.5","2025-01-27","63000","50.0","1","FUTCOM","CE","MCX_FO"
"MCX_FO|431657","431657","SILVER25FEB95250CE","SILVER","4832.5","2025-02-24","95250","50.0","30","FUTCOM","CE","MCX_FO"
"MCX_FO|436543","436543","GOLD25MAY77700CE","GOLD","3528.0","2025-05-27","77700","50.0","1","FUTCOM","CE","MCX_FO"
"MCX_FO|430899","430899","SILVERM24AUG87000CE","SILVER","719.5","2024-08-21","87000","50.0","5","FUTCOM","CE","MCX_FO"
"MCX_FO|427299","427299","SILVER24NOV79250PE","SILVER","4149.0","2024-11-26","79250","50.0","30","FUTCOM","PE","MCX_FO"
"MCX_FO|427241","427241","GOLD24NOV66000PE","GOLD","2704.0","2024-11-26","66000","50.0","1","FUTCOM","PE","MCX_FO"
"MCX_FO|436279","436279","NATURALGAS24SEP155CE","NATURALGAS","34.7","2024-09-23","155","5.0","1250","FUTCOM","CE","MCX_FO"
"MCX_FO|437467","437467","GOLDM24SEP69800PE","GOLD","3757.5","2024-09-24","69800","50.0","100","FUTCOM","PE","MCX_FO"
"MCX_FO|437674","437674","SILVER25APR84250CE","SILVER","10328.0","2025-04-24","84250","50.0","30","FUTCOM","CE","MCX_FO"
"MCX_FO|437861","437861","SILVERM25APR82000CE","SILVER","0.0","2025-04-21","82000","50.0","5","FUTCOM","CE","MCX_FO"
"MCX_FO|435109","435109","NATURALGAS24AUG180CE","NATURALGAS","9.55","2024-08-23","180","5.0","1250","FUTCOM","CE","MCX_FO"
"MCX_FO|431599","431599","GOLD25JAN74800CE","GOLD","2863.5","2025-01-27","74800","50.0","1","FUTCOM","CE","MCX_FO"
"MCX_FO|428140","428140","SILVERM24AUG68250CE","SILVER","13187.0","2024-08-21","68250","50.0","5","FUTCOM","CE","MCX_FO"
"MCX_FO|436376","436376","GOLD25MAY76800PE","GOLD","10614.5","2025-05-27","76800","50.0","1","FUTCOM","PE","MCX_FO"
"MCX_FO|434067","434067","SILVER24NOV98000PE","SILVER","16007.5","2024-11-26","98000","50.0","30","FUTCOM","PE","MCX_FO"
"MCX_FO|434901","434901","CRUDEOILM24AUG6150CE","CRUDE OIL","426.05","2024-08-14","6150","5.0","10","FUTCOM","CE","MCX_FO"
"MCX_FO|435376","435376","COPPER24SEP865PE","COPPER","69.7","2024-09-19","865","1.0","2500","FUTCOM","PE","MCX_FO"
"MCX_FO|437654","437654","GOLDM24AUG66000PE","GOLD","305.0","2024-08-27","66000","50.0","100","FUTCOM","PE","MCX_FO"
"MCX_FO|429870","429870","SILVER25FEB80250CE","SILVER","10901.0","2025-02-24","80250","50.0","30","FUTCOM","CE","MCX_FO"
"MCX_FO|436223","436223","COPPER24SEP795PE","COPPER","22.55","2024-09-19","795","1.0","2500","FUTCOM","PE","MCX_FO"
"MCX_FO|437744","437744","SILVERM25APR83500CE","SILVER","10938.0","2025-04-21","83500","50.0","5","FUTCOM","CE","MCX_FO"
"MCX_FO|434842","434842","SILVERM25FEB104500PE","SILVER","20054.5","2025-02-19","104500","50.0","5","FUTCOM","PE","MCX_FO"
"MCX_FO|428189","428189","GOLD24NOV60200PE","GOLD","922.5","2024-11-26","60200","50.0","1","FUTCOM","PE","MCX_FO"
"MCX_FO|429941","429941","SILVER25FEB83250PE","SILVER","6753.5","2025-02-24","83250","50.0","30","FUTCOM","PE","MCX_FO"
"MCX_FO|430998","430998","SILVER24NOV90750PE","SILVER","10567.5","2024-11-26","90750","50.0","30","FUTCOM","PE","MCX_FO"
"MCX_FO|430494","430494","SILVERM25FEB88750CE","SILVER","6645.5","2025-02-19","88750","50.0","5","FUTCOM","CE","MCX_FO"
"MCX_FO|430986","430986","SILVER24NOV90500CE","SILVER","3563.5","2024-11-26","90500","50.0","30","FUTCOM","CE","MCX_FO"
"MCX_FO|436825","436825","GOLDM24AUG76500CE","GOLD","132.5","2024-08-27","76500","50.0","100","FUTCOM","CE","MCX_FO"
"MCX_FO|427703","427703","SILVER24NOV72750CE","SILVER","12456.0","2024-11-26","72750","50.0","30","FUTCOM","CE","MCX_FO"
"MCX_FO|432779","432779","GOLD25MAR68500CE","GOLD","5929.5","2025-03-26","68500","50.0","1","FUTCOM","CE","MCX_FO"
"MCX_FO|429759","429759","GOLD25JAN70900PE","GOLD","6265.5","2025-01-27","70900","50.0","1","FUTCOM","PE","MCX_FO"
"MCX_FO|431497","431497","SILVER24NOV92250CE","SILVER","3077.5","2024-11-26","92250","50.0","30","FUTCOM","CE","MCX_FO"
"MCX_FO|433506","433506","SILVER25APR95250CE","SILVER","6111.5","2025-04-24","95250","50.0","30","FUTCOM","CE","MCX_FO"
"MCX_FO|437086","437086","SILVERM25JUN93250CE","SILVER","8939.5","2025-06-19","93250","50.0","5","FUTCOM","CE","MCX_FO"
"MCX_FO|435249","435249","NATGASMINI24AUG175PE","NATURALGAS","12.65","2024-08-23","175","5.0","250","FUTCOM","PE","MCX_FO"
"MCX_FO|436247","436247","ZINC24OCT260PE","ZINC","31.17","2024-10-22","260","1.0","5","FUTCOM","PE","MCX_FO"
"MCX_FO|436391","436391","NATURALGAS24AUG125PE","NATURALGAS","0.7","2024-08-23","125","5.0","1250","FUTCOM","PE","MCX_FO"
"MCX_FO|435927","435927","CRUDEOIL24SEP7650PE","CRUDE OIL","1147.3","2024-09-17","7650","10.0","100","FUTCOM","PE","MCX_FO"
"MCX_FO|434824","434824","SILVERM24NOV102500PE","SILVER","19470.0","2024-11-20","102500","50.0","5","FUTCOM","PE","MCX_FO"
"MCX_FO|435342","435342","COPPER24SEP890PE","COPPER","91.52","2024-09-19","890","1.0","2500","FUTCOM","PE","MCX_FO"
"MCX_FO|431159","431159","GOLD24SEP73500PE","GOLD","6582.5","2024-09-24","73500","50.0","1","FUTCOM","PE","MCX_FO"
"MCX_FO|437477","437477","SILVER25JUN89000CE","SILVER","10039.5","2025-06-25","89000","50.0","30","FUTCOM","CE","MCX_FO"
"MCX_FO|435564","435564","GOLDM24AUG70000PE","GOLD","1934.0","2024-08-27","70000","50.0","100","FUTCOM","PE","MCX_FO"
"MCX_FO|433527","433527","SILVER24NOV96000PE","SILVER","14422.5","2024-11-26","96000","50.0","30","FUTCOM","PE","MCX_FO"
"MCX_FO|436195","436195","NATGASMINI24SEP180PE","NATURALGAS","13.0","2024-09-23","180","5.0","250","FUTCOM","PE","MCX_FO"
"MCX_FO|434626","434626","SILVER24AUG99250PE","SILVER","17882.5","2024-08-27","99250","50.0","30","FUTCOM","PE","MCX_FO"
"MCX_FO|433698","433698","SILVERM25APR93250PE","SILVER","11280.5","2025-04-21","93250","50.0","5","FUTCOM","PE","MCX_FO"
"MCX_FO|434600","434600","SILVER25APR107500CE","SILVER","3229.0","2025-04-24","107500","50.0","30","FUTCOM","CE","MCX_FO"
"MCX_FO|437498","437498","SILVER25JUN88250PE","SILVER","10085.0","2025-06-25","88250","50.0","30","FUTCOM","PE","MCX_FO"
"MCX_FO|434330","434330","CRUDEOIL24AUG6650CE","CRUDE OIL","89.3","2024-08-14","6650","10.0","100","FUTCOM","CE","MCX_FO"
"MCX_FO|436808","436808","GOLD25MAY78200CE","GOLD","3397.5","2025-05-27","78200","50.0","1","FUTCOM","CE","MCX_FO"
"MCX_FO|433640","433640","SILVERM25APR95750CE","SILVER","5927.0","2025-04-21","95750","50.0","5","FUTCOM","CE","MCX_FO"
"MCX_FO|429954","429954","SILVER25FEB86500PE","SILVER","8400.5","2025-02-24","86500","50.0","30","FUTCOM","PE","MCX_FO"
"MCX_FO|430082","430082","SILVER25FEB75750PE","SILVER","3707.0","2025-02-24","75750","50.0","30","FUTCOM","PE","MCX_FO"
"MCX_FO|434106","434106","SILVER25APR104750PE","SILVER","20480.0","2025-04-24","104750","50.0","30","FUTCOM","PE","MCX_FO"
"MCX_FO|435569","435569","GOLDM24AUG73000PE","GOLD","4667.5","2024-08-27","73000","50.0","100","FUTCOM","PE","MCX_FO"
"MCX_FO|432081","432081","SILVER24NOV95000PE","SILVER","13652.0","2024-11-26","95000","50.0","30","FUTCOM","PE","MCX_FO"
"MCX_FO|433507","433507","SILVER25APR95500CE","SILVER","6035.5","2025-04-24","95500","50.0","30","FUTCOM","CE","MCX_FO"
"MCX_FO|436230","436230","ZINC24SEP225CE","ZINC","29.1","2024-09-19","225","1.0","5","FUTCOM","CE","MCX_FO"
"MCX_FO|436497","436497","GOLDM24SEP73500PE","GOLD","6346.0","2024-09-24","73500","50.0","100","FUTCOM","PE","MCX_FO"
"MCX_FO|429590","429590","GOLD24NOV69200PE","GOLD","4254.0","2024-11-26","69200","50.0","1","FUTCOM","PE","MCX_FO"
"MCX_FO|433046","433046","ZINC24AUG247.5PE","ZINC","2.63","2024-08-21","247.5","1.0","5","FUTCOM","PE","MCX_FO"
"MCX_FO|433990","433990","SILVER24NOV97250CE","SILVER","1984.0","2024-11-26","97250","50.0","30","FUTCOM","CE","MCX_FO"
"MCX_FO|434810","434810","SILVERM24AUG101750PE","SILVER","20214.5","2024-08-21","101750","50.0","5","FUTCOM","PE","MCX_FO"
"MCX_FO|427543","427543","GOLD24NOV67600CE","GOLD","4198.0","2024-11-26","67600","50.0","1","FUTCOM","CE","MCX_FO"
"MCX_FO|431922","431922","GOLD25MAR71400CE","GOLD","4725.5","2025-03-26","71400","50.0","1","FUTCOM","CE","MCX_FO"
"MCX_FO|426885","426885","SILVERM24NOV85000CE","SILVER","5267.5","2024-11-20","85000","50.0","5","FUTCOM","CE","MCX_FO"
"MCX_FO|433396","433396","GOLD25MAR77400CE","GOLD","2849.5","2025-03-26","77400","50.0","1","FUTCOM","CE","MCX_FO"
"MCX_FO|435305","435305","SILVERM24NOV105500CE","SILVER","764.5","2024-11-20","105500","50.0","5","FUTCOM","CE","MCX_FO"
"MCX_FO|431916","431916","GOLD25MAR72000CE","GOLD","4502.5","2025-03-26","72000","50.0","1","FUTCOM","CE","MCX_FO"
"MCX_FO|435947","435947","CRUDEOILM24SEP6150CE","CRUDE OIL","388.5","2024-09-17","6150","5.0","10","FUTCOM","CE","MCX_FO"
"MCX_FO|429706","429706","GOLD25JAN70600CE","GOLD","4278.5","2025-01-27","70600","50.0","1","FUTCOM","CE","MCX_FO"
"MCX_FO|436458","436458","GOLDM24SEP74600CE","GOLD","735.0","2024-09-24","74600","50.0","100","FUTCOM","CE","MCX_FO"
"MCX_FO|435987","435987","CRUDEOILM24SEP6700PE","CRUDE OIL","293.45","2024-09-17","6700","5.0","10","FUTCOM","PE","MCX_FO"
"MCX_FO|430061","430061","SILVERM25FEB85750PE","SILVER","7495.5","2025-02-19","85750","50.0","5","FUTCOM","PE","MCX_FO"
"MCX_FO|435370","435370","COPPER24SEP920CE","COPPER","1.11","2024-09-19","920","1.0","2500","FUTCOM","CE","MCX_FO"
"MCX_FO|433011","433011","COPPER24AUG910CE","COPPER","0.02","2024-08-21","910","1.0","2500","FUTCOM","CE","MCX_FO"
"MCX_FO|437465","437465","GOLDM24SEP69600PE","GOLD","3636.5","2024-09-24","69600","50.0","100","FUTCOM","PE","MCX_FO"
"MCX_FO|431978","431978","GOLD25MAR72200PE","GOLD","7371.5","2025-03-26","72200","50.0","1","FUTCOM","PE","MCX_FO"
"MCX_FO|433050","433050","ZINC24AUG265PE","ZINC","13.51","2024-08-21","265","1.0","5","FUTCOM","PE","MCX_FO"
"MCX_FO|435801","435801","ZINC24SEP227.5CE","ZINC","27.19","2024-09-19","227.5","1.0","5","FUTCOM","CE","MCX_FO"
"MCX_FO|431985","431985","GOLD25MAR71500PE","GOLD","6962.5","2025-03-26","71500","50.0","1","FUTCOM","PE","MCX_FO"
"MCX_FO|428267","428267","GOLD24SEP59500CE","GOLD","8645.5","2024-09-24","59500","50.0","1","FUTCOM","CE","MCX_FO"
"MCX_FO|434368","434368","CRUDEOIL24AUG5900PE","CRUDE OIL","26.0","2024-08-14","5900","10.0","100","FUTCOM","PE","MCX_FO"
"MCX_FO|435845","435845","CRUDEOIL24SEP5950CE","CRUDE OIL","557.3","2024-09-17","5950","10.0","100","FUTCOM","CE","MCX_FO"
"MCX_FO|436105","436105","NATURALGAS24SEP185CE","NATURALGAS","16.2","2024-09-23","185","5.0","1250","FUTCOM","CE","MCX_FO"
"MCX_FO|433694","433694","SILVERM25APR92250PE","SILVER","10690.0","2025-04-21","92250","50.0","5","FUTCOM","PE","MCX_FO"
"MCX_FO|436937","436937","COPPER24OCT800CE","COPPER","46.46","2024-10-22","800","1.0","2500","FUTCOM","CE","MCX_FO"
"MCX_FO|433812","433812","SILVERM25APR98750PE","SILVER","14784.5","2025-04-21","98750","50.0","5","FUTCOM","PE","MCX_FO"
"MCX_FO|436549","436549","GOLD25MAY77900PE","GOLD","11353.0","2025-05-27","77900","50.0","1","FUTCOM","PE","MCX_FO"
"MCX_FO|434315","434315","CRUDEOIL24AUG6050CE","CRUDE OIL","526.8","2024-08-14","6050","10.0","100","FUTCOM","CE","MCX_FO"
"MCX_FO|426677","426677","GOLD24SEP65500PE","GOLD","1832.0","2024-09-24","65500","50.0","1","FUTCOM","PE","MCX_FO"
"MCX_FO|430044","430044","SILVERM25FEB81500PE","SILVER","5473.0","2025-02-19","81500","50.0","5","FUTCOM","PE","MCX_FO"
"MCX_FO|433522","433522","SILVER24AUG93750PE","SILVER","12645.0","2024-08-27","93750","50.0","30","FUTCOM","PE","MCX_FO"
"MCX_FO|434071","434071","SILVER24NOV99000PE","SILVER","16820.5","2024-11-26","99000","50.0","30","FUTCOM","PE","MCX_FO"
"MCX_FO|426542","426542","GOLD24SEP62500CE","GOLD","6209.0","2024-09-24","62500","50.0","1","FUTCOM","CE","MCX_FO"
"MCX_FO|434260","434260","ZINC24AUG290PE","ZINC","37.46","2024-08-21","290","1.0","5","FUTCOM","PE","MCX_FO"
"MCX_FO|437869","437869","NATGASMINI24OCT220CE","NATURALGAS","0.0","2024-10-24","220","5.0","250","FUTCOM","CE","MCX_FO"
"MCX_FO|426732","426732","SILVER24AUG82750CE","SILVER","2600.0","2024-08-27","82750","50.0","30","FUTCOM","CE","MCX_FO"
"MCX_FO|436125","436125","NATURALGAS24SEP235PE","NATURALGAS","51.3","2024-09-23","235","5.0","1250","FUTCOM","PE","MCX_FO"
"MCX_FO|436392","436392","NATURALGAS24SEP135PE","NATURALGAS","0.95","2024-09-23","135","5.0","1250","FUTCOM","PE","MCX_FO"
"MCX_FO|430797","430797","GOLD24NOV71800PE","GOLD","5805.0","2024-11-26","71800","50.0","1","FUTCOM","PE","MCX_FO"
"MCX_FO|437913","437913","NATGASMINI24OCT150PE","NATURALGAS","0.0","2024-10-24","150","5.0","250","FUTCOM","PE","MCX_FO"
"MCX_FO|436984","436984","CRUDEOIL24OCT5500CE","CRUDE OIL","895.8","2024-10-17","5500","10.0","100","FUTCOM","CE","MCX_FO"
"MCX_FO|435635","435635","NATURALGAS24AUG325PE","NATURALGAS","148.35","2024-08-23","325","5.0","1250","FUTCOM","PE","MCX_FO"
"MCX_FO|434162","434162","SILVERM25FEB101500CE","SILVER","2994.0","2025-02-19","101500","50.0","5","FUTCOM","CE","MCX_FO"
"MCX_FO|436642","436642","SILVER25JUN104250CE","SILVER","5268.5","2025-06-25","104250","50.0","30","FUTCOM","CE","MCX_FO"
"MCX_FO|432119","432119","SILVERM24NOV93250PE","SILVER","11975.5","2024-11-20","93250","50.0","5","FUTCOM","PE","MCX_FO"
"MCX_FO|436290","436290","ZINC24OCT242.5CE","ZINC","19.73","2024-10-22","242.5","1.0","5","FUTCOM","CE","MCX_FO"
"MCX_FO|433477","433477","SILVER25APR88250CE","SILVER","8585.5","2025-04-24","88250","50.0","30","FUTCOM","CE","MCX_FO"
"MCX_FO|428293","428293","GOLD24NOV59600PE","GOLD","807.0","2024-11-26","59600","50.0","1","FUTCOM","PE","MCX_FO"
"MCX_FO|436573","436573","NATGASMINI24AUG120CE","NATURALGAS","55.8","2024-08-23","120","5.0","250","FUTCOM","CE","MCX_FO"
"MCX_FO|434459","434459","GOLD25JAN77900PE","GOLD","10941.0","2025-01-27","77900","50.0","1","FUTCOM","PE","MCX_FO"
"MCX_FO|436819","436819","GOLD25MAY78500PE","GOLD","11764.5","2025-05-27","78500","50.0","1","FUTCOM","PE","MCX_FO"
"MCX_FO|433814","433814","SILVERM25APR99250PE","SILVER","15123.0","2025-04-21","99250","50.0","5","FUTCOM","PE","MCX_FO"
"MCX_FO|435982","435982","CRUDEOILM24SEP7850CE","CRUDE OIL","0.3","2024-09-17","7850","5.0","10","FUTCOM","CE","MCX_FO"
"MCX_FO|436199","436199","NATGASMINI24SEP245PE","NATURALGAS","59.85","2024-09-23","245","5.0","250","FUTCOM","PE","MCX_FO"
"MCX_FO|434860","434860","SILVERM25APR107250PE","SILVER","20933.5","2025-04-21","107250","50.0","5","FUTCOM","PE","MCX_FO"
"MCX_FO|435843","435843","CRUDEOIL24SEP6050CE","CRUDE OIL","471.7","2024-09-17","6050","10.0","100","FUTCOM","CE","MCX_FO"
"MCX_FO|427225","427225","GOLD24NOV64400PE","GOLD","2083.5","2024-11-26","64400","50.0","1","FUTCOM","PE","MCX_FO"
"MCX_FO|436833","436833","GOLDM24SEP76800CE","GOLD","432.5","2024-09-24","76800","50.0","100","FUTCOM","CE","MCX_FO"
"MCX_FO|434849","434849","SILVERM25FEB106250PE","SILVER","21458.5","2025-02-19","106250","50.0","5","FUTCOM","PE","MCX_FO"
"MCX_FO|432084","432084","SILVER25FEB97000PE","SILVER","14930.0","2025-02-24","97000","50.0","30","FUTCOM","PE","MCX_FO"
"MCX_FO|437517","437517","SILVERM25JUN88250CE","SILVER","10863.0","2025-06-19","88250","50.0","5","FUTCOM","CE","MCX_FO"
"MCX_FO|435630","435630","GOLDM24AUG69200PE","GOLD","2875.0","2024-08-27","69200","50.0","100","FUTCOM","PE","MCX_FO"
"MCX_FO|436493","436493","GOLDM24SEP70800PE","GOLD","4394.0","2024-09-24","70800","50.0","100","FUTCOM","PE","MCX_FO"
"MCX_FO|436638","436638","SILVER25JUN103250CE","SILVER","5505.0","2025-06-25","103250","50.0","30","FUTCOM","CE","MCX_FO"
"MCX_FO|437618","437618","GOLD25MAY67800PE","GOLD","5452.5","2025-05-27","67800","50.0","1","FUTCOM","PE","MCX_FO"
"MCX_FO|437035","437035","CRUDEOIL24OCT5550PE","CRUDE OIL","2.2","2024-10-17","5550","10.0","100","FUTCOM","PE","MCX_FO"
"MCX_FO|437535","437535","SILVERM25JUN88000PE","SILVER","10206.0","2025-06-19","88000","50.0","5","FUTCOM","PE","MCX_FO"
"MCX_FO|437870","437870","NATGASMINI24OCT215CE","NATURALGAS","0.0","2024-10-24","215","5.0","250","FUTCOM","CE","MCX_FO"
"MCX_FO|436483","436483","GOLDM24SEP71800PE","GOLD","5079.5","2024-09-24","71800","50.0","100","FUTCOM","PE","MCX_FO"
"MCX_FO|431016","431016","SILVERM24AUG88000PE","SILVER","7010.0","2024-08-21","88000","50.0","5","FUTCOM","PE","MCX_FO"
"MCX_FO|434713","434713","SILVERM24AUG99000CE","SILVER","160.0","2024-08-21","99000","50.0","5","FUTCOM","CE","MCX_FO"
"MCX_FO|426540","426540","GOLD24SEP62700CE","GOLD","6060.0","2024-09-24","62700","50.0","1","FUTCOM","CE","MCX_FO"
"MCX_FO|426917","426917","SILVERM24AUG79000PE","SILVER","1077.0","2024-08-21","79000","50.0","5","FUTCOM","PE","MCX_FO"
"MCX_FO|436924","436924","NATGASMINI24AUG100CE","NATURALGAS","75.65","2024-08-23","100","5.0","250","FUTCOM","CE","MCX_FO"
"MCX_FO|437030","437030","CRUDEOIL24OCT5800PE","CRUDE OIL","12.0","2024-10-17","5800","10.0","100","FUTCOM","PE","MCX_FO"
"MCX_FO|430988","430988","SILVER25FEB92000CE","SILVER","5830.0","2025-02-24","92000","50.0","30","FUTCOM","CE","MCX_FO"
"MCX_FO|430911","430911","SILVERM25FEB89750CE","SILVER","6267.0","2025-02-19","89750","50.0","5","FUTCOM","CE","MCX_FO"
"MCX_FO|436964","436964","CRUDEOIL24SEP5300CE","CRUDE OIL","1179.7","2024-09-17","5300","10.0","100","FUTCOM","CE","MCX_FO"
"MCX_FO|434142","434142","SILVERM24NOV98250CE","SILVER","1611.5","2024-11-20","98250","50.0","5","FUTCOM","CE","MCX_FO"
"MCX_FO|430086","430086","SILVERM25FEB87000CE","SILVER","7352.0","2025-02-19","87000","50.0","5","FUTCOM","CE","MCX_FO"
"MCX_FO|433367","433367","COPPER24AUG950PE","COPPER","153.19","2024-08-21","950","1.0","2500","FUTCOM","PE","MCX_FO"
"MCX_FO|432161","432161","GOLD25MAR75700CE","GOLD","3304.5","2025-03-26","75700","50.0","1","FUTCOM","CE","MCX_FO"
"MCX_FO|430094","430094","SILVERM25FEB86500PE","SILVER","7888.5","2025-02-19","86500","50.0","5","FUTCOM","PE","MCX_FO"
"MCX_FO|433574","433574","SILVER25APR95750PE","SILVER","14164.0","2025-04-24","95750","50.0","30","FUTCOM","PE","MCX_FO"
"MCX_FO|435857","435857","CRUDEOIL24SEP6700CE","CRUDE OIL","95.3","2024-09-17","6700","10.0","100","FUTCOM","CE","MCX_FO"
"MCX_FO|435620","435620","GOLDM24AUG69300CE","GOLD","1405.0","2024-08-27","69300","50.0","100","FUTCOM","CE","MCX_FO"
"MCX_FO|430017","430017","SILVERM25FEB78250PE","SILVER","4168.0","2025-02-19","78250","50.0","5","FUTCOM","PE","MCX_FO"
"MCX_FO|435972","435972","CRUDEOILM24SEP7350CE","CRUDE OIL","5.45","2024-09-17","7350","5.0","10","FUTCOM","CE","MCX_FO"
"MCX_FO|435228","435228","NATGASMINI24AUG275CE","NATURALGAS","0.05","2024-08-23","275","5.0","250","FUTCOM","CE","MCX_FO"
"MCX_FO|433612","433612","SILVERM25APR88500CE","SILVER","8599.5","2025-04-21","88500","50.0","5","FUTCOM","CE","MCX_FO"
"MCX_FO|429965","429965","SILVERM25FEB78750CE","SILVER","11472.0","2025-02-19","78750","50.0","5","FUTCOM","CE","MCX_FO"
"MCX_FO|431946","431946","GOLD25MAR74100CE","GOLD","3785.5","2025-03-26","74100","50.0","1","FUTCOM","CE","MCX_FO"
"MCX_FO|431707","431707","SILVER24AUG91500PE","SILVER","10609.5","2024-08-27","91500","50.0","30","FUTCOM","PE","MCX_FO"
"MCX_FO|431165","431165","GOLD24NOV72800PE","GOLD","6466.0","2024-11-26","72800","50.0","1","FUTCOM","PE","MCX_FO"
"MCX_FO|436210","436210","NATGASMINI24SEP300PE","NATURALGAS","111.85","2024-09-23","300","5.0","250","FUTCOM","PE","MCX_FO"
"MCX_FO|436163","436163","NATGASMINI24SEP190CE","NATURALGAS","15.4","2024-09-23","190","5.0","250","FUTCOM","CE","MCX_FO"
"MCX_FO|433915","433915","GOLD25MAR77800PE","GOLD","11033.0","2025-03-26","77800","50.0","1","FUTCOM","PE","MCX_FO"
"MCX_FO|428993","428993","GOLD25JAN66500PE","GOLD","3986.5","2025-01-27","66500","50.0","1","FUTCOM","PE","MCX_FO"
"MCX_FO|435723","435723","GOLD25MAY70000CE","GOLD","6122.5","2025-05-27","70000","50.0","1","FUTCOM","CE","MCX_FO"
"MCX_FO|435229","435229","NATGASMINI24AUG280CE","NATURALGAS","0.05","2024-08-23","280","5.0","250","FUTCOM","CE","MCX_FO"
"MCX_FO|433467","433467","SILVER25APR90750CE","SILVER","7621.5","2025-04-24","90750","50.0","30","FUTCOM","CE","MCX_FO"
"MCX_FO|430784","430784","GOLD24SEP71600PE","GOLD","5179.0","2024-09-24","71600","50.0","1","FUTCOM","PE","MCX_FO"
"MCX_FO|427279","427279","SILVER24NOV81500CE","SILVER","7106.5","2024-11-26","81500","50.0","30","FUTCOM","CE","MCX_FO"
"MCX_FO|435448","435448","CRUDEOILM24AUG5050CE","CRUDE OIL","1513.1","2024-08-14","5050","5.0","10","FUTCOM","CE","MCX_FO"
"MCX_FO|429896","429896","SILVER25FEB84500CE","SILVER","8782.0","2025-02-24","84500","50.0","30","FUTCOM","CE","MCX_FO"
"MCX_FO|435610","435610","COPPER24SEP840CE","COPPER","10.81","2024-09-19","840","1.0","2500","FUTCOM","CE","MCX_FO"
"MCX_FO|433541","433541","SILVER25APR88750PE","SILVER","9951.0","2025-04-24","88750","50.0","30","FUTCOM","PE","MCX_FO"
"MCX_FO|434029","434029","SILVER25APR104000CE","SILVER","3894.0","2025-04-24","104000","50.0","30","FUTCOM","CE","MCX_FO"
"MCX_FO|436426","436426","GOLDM24SEP72500CE","GOLD","1171.0","2024-09-24","72500","50.0","100","FUTCOM","CE","MCX_FO"
"MCX_FO|427735","427735","SILVERM24NOV72250PE","SILVER","1595.5","2024-11-20","72250","50.0","5","FUTCOM","PE","MCX_FO"
"MCX_FO|430665","430665","SILVER24AUG85750CE","SILVER","901.0","2024-08-27","85750","50.0","30","FUTCOM","CE","MCX_FO"
"MCX_FO|433020","433020","COPPER24AUG885PE","COPPER","88.66","2024-08-21","885","1.0","2500","FUTCOM","PE","MCX_FO"
"MCX_FO|437003","437003","CRUDEOIL24OCT7200CE","CRUDE OIL","7.5","2024-10-17","7200","10.0","100","FUTCOM","CE","MCX_FO"
"MCX_FO|436063","436063","GOLD25MAY76400PE","GOLD","10351.5","2025-05-27","76400","50.0","1","FUTCOM","PE","MCX_FO"
"MCX_FO|431504","431504","SILVER25FEB94750CE","SILVER","4976.0","2025-02-24","94750","50.0","30","FUTCOM","CE","MCX_FO"
"MCX_FO|436292","436292","ZINC24OCT265CE","ZINC","11.56","2024-10-22","265","1.0","5","FUTCOM","CE","MCX_FO"
"MCX_FO|436708","436708","SILVERM25JUN98250CE","SILVER","7313.0","2025-06-19","98250","50.0","5","FUTCOM","CE","MCX_FO"
"MCX_FO|435907","435907","CRUDEOIL24SEP5400PE","CRUDE OIL","0.5","2024-09-17","5400","10.0","100","FUTCOM","PE","MCX_FO"
"MCX_FO|435943","435943","CRUDEOILM24SEP6350CE","CRUDE OIL","248.95","2024-09-17","6350","5.0","10","FUTCOM","CE","MCX_FO"
"MCX_FO|429692","429692","GOLD24NOV69800CE","GOLD","3212.5","2024-11-26","69800","50.0","1","FUTCOM","CE","MCX_FO"
"MCX_FO|434578","434578","SILVER25FEB105000CE","SILVER","2664.0","2025-02-24","105000","50.0","30","FUTCOM","CE","MCX_FO"
"MCX_FO|432447","432447","GOLD25MAR69700PE","GOLD","5964.0","2025-03-26","69700","50.0","1","FUTCOM","PE","MCX_FO"
"MCX_FO|434655","434655","SILVER24NOV103750PE","SILVER","20843.0","2024-11-26","103750","50.0","30","FUTCOM","PE","MCX_FO"
"MCX_FO|436755","436755","SILVERM25JUN99000PE","SILVER","16649.0","2025-06-19","99000","50.0","5","FUTCOM","PE","MCX_FO"
"MCX_FO|433488","433488","SILVER25APR85500CE","SILVER","9756.0","2025-04-24","85500","50.0","30","FUTCOM","CE","MCX_FO"
"MCX_FO|428852","428852","GOLD25JAN64400PE","GOLD","3101.0","2025-01-27","64400","50.0","1","FUTCOM","PE","MCX_FO"
"MCX_FO|427986","427986","GOLD24NOV61100PE","GOLD","1118.0","2024-11-26","61100","50.0","1","FUTCOM","PE","MCX_FO"
"MCX_FO|434854","434854","SILVERM25APR105750PE","SILVER","19792.5","2025-04-21","105750","50.0","5","FUTCOM","PE","MCX_FO"
"MCX_FO|429976","429976","SILVERM25FEB76000CE","SILVER","13145.5","2025-02-19","76000","50.0","5","FUTCOM","CE","MCX_FO"
"MCX_FO|435976","435976","CRUDEOILM24SEP7550CE","CRUDE OIL","1.85","2024-09-17","7550","5.0","10","FUTCOM","CE","MCX_FO"
"MCX_FO|435315","435315","SILVERM25APR110750CE","SILVER","2549.0","2025-04-21","110750","50.0","5","FUTCOM","CE","MCX_FO"
"MCX_FO|436422","436422","GOLDM24SEP72900CE","GOLD","1075.0","2024-09-24","72900","50.0","100","FUTCOM","CE","MCX_FO"
"MCX_FO|437301","437301","GOLD25MAY69300PE","GOLD","6194.0","2025-05-27","69300","50.0","1","FUTCOM","PE","MCX_FO"
"MCX_FO|427162","427162","GOLD24NOV62200CE","GOLD","7436.5","2024-11-26","62200","50.0","1","FUTCOM","CE","MCX_FO"
"MCX_FO|434144","434144","SILVERM24NOV98750CE","SILVER","1534.0","2024-11-20","98750","50.0","5","FUTCOM","CE","MCX_FO"
"MCX_FO|435958","435958","CRUDEOILM24SEP5600CE","CRUDE OIL","886.4","2024-09-17","5600","5.0","10","FUTCOM","CE","MCX_FO"
"MCX_FO|427176","427176","GOLD24NOV64900CE","GOLD","5672.5","2024-11-26","64900","50.0","1","FUTCOM","CE","MCX_FO"
"MCX_FO|426954","426954","SILVERM24NOV75500PE","SILVER","2466.5","2024-11-20","75500","50.0","5","FUTCOM","PE","MCX_FO"
"MCX_FO|437753","437753","SILVERM25JUN85500CE","SILVER","12058.5","2025-06-19","85500","50.0","5","FUTCOM","CE","MCX_FO"
"MCX_FO|427402","427402","SILVER24NOV86500PE","SILVER","7837.0","2024-11-26","86500","50.0","30","FUTCOM","PE","MCX_FO"
"MCX_FO|431349","431349","SILVER25FEB93750CE","SILVER","5273.5","2025-02-24","93750","50.0","30","FUTCOM","CE","MCX_FO"
"MCX_FO|435777","435777","GOLD25MAY72500PE","GOLD","7941.0","2025-05-27","72500","50.0","1","FUTCOM","PE","MCX_FO"
"MCX_FO|427725","427725","SILVERM24NOV72500CE","SILVER","12551.5","2024-11-20","72500","50.0","5","FUTCOM","CE","MCX_FO"
"MCX_FO|436369","436369","GOLD25MAY76500CE","GOLD","3858.5","2025-05-27","76500","50.0","1","FUTCOM","CE","MCX_FO"
"MCX_FO|437485","437485","SILVER25JUN87000CE","SILVER","10875.0","2025-06-25","87000","50.0","30","FUTCOM","CE","MCX_FO"
"MCX_FO|435245","435245","NATGASMINI24AUG195PE","NATURALGAS","22.7","2024-08-23","195","5.0","250","FUTCOM","PE","MCX_FO"
"MCX_FO|435513","435513","GOLDM24AUG70100CE","GOLD","1133.0","2024-08-27","70100","50.0","100","FUTCOM","CE","MCX_FO"
"MCX_FO|426691","426691","SILVER24AUG77250CE","SILVER","5581.0","2024-08-27","77250","50.0","30","FUTCOM","CE","MCX_FO"
"MCX_FO|430738","430738","GOLD24SEP71900CE","GOLD","1410.5","2024-09-24","71900","50.0","1","FUTCOM","CE","MCX_FO"
"MCX_FO|437355","437355","GOLDM24SEP68900CE","GOLD","2371.5","2024-09-24","68900","50.0","100","FUTCOM","CE","MCX_FO"
"MCX_FO|434336","434336","CRUDEOIL24AUG6950CE","CRUDE OIL","30.4","2024-08-14","6950","10.0","100","FUTCOM","CE","MCX_FO"
"MCX_FO|428138","428138","SILVER24NOV70250PE","SILVER","1389.5","2024-11-26","70250","50.0","30","FUTCOM","PE","MCX_FO"
"MCX_FO|427336","427336","SILVER24NOV83250PE","SILVER","6024.0","2024-11-26","83250","50.0","30","FUTCOM","PE","MCX_FO"
"MCX_FO|426736","426736","SILVER24AUG83750CE","SILVER","2213.5","2024-08-27","83750","50.0","30","FUTCOM","CE","MCX_FO"
"MCX_FO|426707","426707","SILVER24AUG73250CE","SILVER","8616.5","2024-08-27","73250","50.0","30","FUTCOM","CE","MCX_FO"
"MCX_FO|432021","432021","GOLD25MAR75200PE","GOLD","9252.0","2025-03-26","75200","50.0","1","FUTCOM","PE","MCX_FO"
"MCX_FO|427672","427672","SILVER24NOV73250CE","SILVER","12099.5","2024-11-26","73250","50.0","30","FUTCOM","CE","MCX_FO"
"MCX_FO|428285","428285","GOLD24SEP59600PE","GOLD","384.5","2024-09-24","59600","50.0","1","FUTCOM","PE","MCX_FO"
"MCX_FO|427282","427282","SILVER24NOV82250CE","SILVER","6737.5","2024-11-26","82250","50.0","30","FUTCOM","CE","MCX_FO"
"MCX_FO|430946","430946","SILVERM25FEB91500PE","SILVER","10771.0","2025-02-19","91500","50.0","5","FUTCOM","PE","MCX_FO"
"MCX_FO|430025","430025","SILVERM25FEB76250PE","SILVER","3470.0","2025-02-19","76250","50.0","5","FUTCOM","PE","MCX_FO"
"MCX_FO|429324","429324","GOLD24SEP68000PE","GOLD","1130.0","2024-09-24","68000","50.0","1","FUTCOM","PE","MCX_FO"
"MCX_FO|431522","431522","SILVER24NOV93000PE","SILVER","12160.5","2024-11-26","93000","50.0","30","FUTCOM","PE","MCX_FO"
"MCX_FO|435589","435589","GOLDM24AUG75000PE","GOLD","7430.0","2024-08-27","75000","50.0","100","FUTCOM","PE","MCX_FO"
"MCX_FO|437728","437728","SILVER25JUN84250PE","SILVER","8105.0","2025-06-25","84250","50.0","30","FUTCOM","PE","MCX_FO"
"MCX_FO|436424","436424","GOLDM24SEP72700CE","GOLD","1122.0","2024-09-24","72700","50.0","100","FUTCOM","CE","MCX_FO"
"MCX_FO|437694","437694","SILVER25JUN84750CE","SILVER","11881.0","2025-06-25","84750","50.0","30","FUTCOM","CE","MCX_FO"
"MCX_FO|434694","434694","SILVER25APR109250PE","SILVER","23942.0","2025-04-24","109250","50.0","30","FUTCOM","PE","MCX_FO"
"MCX_FO|434675","434675","SILVER25FEB107500PE","SILVER","22915.5","2025-02-24","107500","50.0","30","FUTCOM","PE","MCX_FO"
"MCX_FO|432143","432143","GOLD24NOV75500CE","GOLD","1465.5","2024-11-26","75500","50.0","1","FUTCOM","CE","MCX_FO"
"MCX_FO|434572","434572","SILVER25FEB103500CE","SILVER","2928.0","2025-02-24","103500","50.0","30","FUTCOM","CE","MCX_FO"
"MCX_FO|431976","431976","GOLD25MAR72400PE","GOLD","7491.0","2025-03-26","72400","50.0","1","FUTCOM","PE","MCX_FO"
"MCX_FO|431948","431948","GOLD25MAR74300CE","GOLD","3722.5","2025-03-26","74300","50.0","1","FUTCOM","CE","MCX_FO"
"MCX_FO|437278","437278","CRUDEOIL24OCT5100PE","CRUDE OIL","0.1","2024-10-17","5100","10.0","100","FUTCOM","PE","MCX_FO"
"MCX_FO|435711","435711","GOLD25MAY71200CE","GOLD","5639.5","2025-05-27","71200","50.0","1","FUTCOM","CE","MCX_FO"
"MCX_FO|435721","435721","GOLD25MAY70200CE","GOLD","6040.0","2025-05-27","70200","50.0","1","FUTCOM","CE","MCX_FO"
"MCX_FO|434549","434549","SILVER24AUG101750CE","SILVER","40.0","2024-08-27","101750","50.0","30","FUTCOM","CE","MCX_FO"
"MCX_FO|434557","434557","SILVER24NOV101000CE","SILVER","1401.5","2024-11-26","101000","50.0","30","FUTCOM","CE","MCX_FO"
"MCX_FO|437335","437335","GOLDM24AUG68300CE","GOLD","1808.5","2024-08-27","68300","50.0","100","FUTCOM","CE","MCX_FO"
"MCX_FO|434970","434970","CRUDEOILM24AUG6750PE","CRUDE OIL","331.45","2024-08-14","6750","5.0","10","FUTCOM","PE","MCX_FO"
"MCX_FO|437081","437081","SILVER25JUN92500PE","SILVER","12424.5","2025-06-25","92500","50.0","30","FUTCOM","PE","MCX_FO"
"MCX_FO|434820","434820","SILVERM24NOV101500PE","SILVER","18606.5","2024-11-20","101500","50.0","5","FUTCOM","PE","MCX_FO"
"MCX_FO|429198","429198","GOLD25JAN68100CE","GOLD","5347.0","2025-01-27","68100","50.0","1","FUTCOM","CE","MCX_FO"
"MCX_FO|429931","429931","SILVER25FEB77250PE","SILVER","4230.5","2025-02-24","77250","50.0","30","FUTCOM","PE","MCX_FO"
"MCX_FO|437524","437524","SILVERM25JUN90750PE","SILVER","11680.0","2025-06-19","90750","50.0","5","FUTCOM","PE","MCX_FO"
"MCX_FO|433714","433714","SILVERM25APR97250PE","SILVER","13787.5","2025-04-21","97250","50.0","5","FUTCOM","PE","MCX_FO"
"MCX_FO|435884","435884","CRUDEOIL24SEP6550PE","CRUDE OIL","208.0","2024-09-17","6550","10.0","100","FUTCOM","PE","MCX_FO"
"MCX_FO|435642","435642","ZINC24SEP237.5PE","ZINC","6.84","2024-09-19","237.5","1.0","5","FUTCOM","PE","MCX_FO"
"MCX_FO|437377","437377","GOLDM24SEP66700CE","GOLD","3443.0","2024-09-24","66700","50.0","100","FUTCOM","CE","MCX_FO"
"MCX_FO|429934","429934","SILVER25FEB76500PE","SILVER","3963.5","2025-02-24","76500","50.0","30","FUTCOM","PE","MCX_FO"
"MCX_FO|435665","435665","ZINC24AUG240CE","ZINC","13.12","2024-08-21","240","1.0","5","FUTCOM","CE","MCX_FO"
"MCX_FO|433730","433730","GOLD24SEP76300CE","GOLD","552.0","2024-09-24","76300","50.0","1","FUTCOM","CE","MCX_FO"
"MCX_FO|426744","426744","SILVER24AUG76500PE","SILVER","1299.5","2024-08-27","76500","50.0","30","FUTCOM","PE","MCX_FO"
"MCX_FO|431190","431190","GOLD25JAN73700PE","GOLD","7995.5","2025-01-27","73700","50.0","1","FUTCOM","PE","MCX_FO"
"MCX_FO|434924","434924","CRUDEOILM24AUG6950CE","CRUDE OIL","42.4","2024-08-14","6950","5.0","10","FUTCOM","CE","MCX_FO"
"MCX_FO|433911","433911","GOLD25JAN77400PE","GOLD","10570.5","2025-01-27","77400","50.0","1","FUTCOM","PE","MCX_FO"
"MCX_FO|437090","437090","SILVERM25JUN92250CE","SILVER","9299.5","2025-06-19","92250","50.0","5","FUTCOM","CE","MCX_FO"
"MCX_FO|432290","432290","SILVERM25FEB98500CE","SILVER","3644.5","2025-02-19","98500","50.0","5","FUTCOM","CE","MCX_FO"
"MCX_FO|432433","432433","GOLD25MAR70000CE","GOLD","5281.0","2025-03-26","70000","50.0","1","FUTCOM","CE","MCX_FO"
"MCX_FO|434371","434371","CRUDEOIL24AUG5750PE","CRUDE OIL","0.4","2024-08-14","5750","10.0","100","FUTCOM","PE","MCX_FO"
"MCX_FO|435308","435308","SILVERM25FEB107500CE","SILVER","1991.0","2025-02-19","107500","50.0","5","FUTCOM","CE","MCX_FO"
"MCX_FO|427203","427203","GOLD24NOV63500PE","GOLD","1779.5","2024-11-26","63500","50.0","1","FUTCOM","PE","MCX_FO"
"MCX_FO|436910","436910","NATURALGAS24SEP110CE","NATURALGAS","75.4","2024-09-23","110","5.0","1250","FUTCOM","CE","MCX_FO"
"MCX_FO|429968","429968","SILVERM25FEB78000CE","SILVER","11913.5","2025-02-19","78000","50.0","5","FUTCOM","CE","MCX_FO"
"MCX_FO|435377","435377","COPPER24SEP860PE","COPPER","65.57","2024-09-19","860","1.0","2500","FUTCOM","PE","MCX_FO"
"MCX_FO|431702","431702","SILVER24AUG91750CE","SILVER","478.5","2024-08-27","91750","50.0","30","FUTCOM","CE","MCX_FO"
"MCX_FO|436129","436129","NATURALGAS24SEP215PE","NATURALGAS","34.75","2024-09-23","215","5.0","1250","FUTCOM","PE","MCX_FO"
"MCX_FO|433420","433420","GOLD25MAR76700PE","GOLD","10263.5","2025-03-26","76700","50.0","1","FUTCOM","PE","MCX_FO"
"MCX_FO|432152","432152","GOLD25JAN75800CE","GOLD","2590.0","2025-01-27","75800","50.0","1","FUTCOM","CE","MCX_FO"
"MCX_FO|427188","427188","GOLD24NOV66100CE","GOLD","4981.0","2024-11-26","66100","50.0","1","FUTCOM","CE","MCX_FO"
"MCX_FO|434735","434735","SILVERM24NOV101750CE","SILVER","1133.0","2024-11-20","101750","50.0","5","FUTCOM","CE","MCX_FO"
"MCX_FO|432169","432169","GOLD25MAR76500CE","GOLD","3083.5","2025-03-26","76500","50.0","1","FUTCOM","CE","MCX_FO"
"MCX_FO|426967","426967","SILVERM24NOV80500PE","SILVER","4336.5","2024-11-20","80500","50.0","5","FUTCOM","PE","MCX_FO"
"MCX_FO|434837","434837","SILVERM25FEB103250PE","SILVER","19070.5","2025-02-19","103250","50.0","5","FUTCOM","PE","MCX_FO"
"MCX_FO|437665","437665","GOLDM24SEP66200PE","GOLD","1914.5","2024-09-24","66200","50.0","100","FUTCOM","PE","MCX_FO"
"MCX_FO|433981","433981","SILVER24AUG97000CE","SILVER","125.0","2024-08-27","97000","50.0","30","FUTCOM","CE","MCX_FO"
"MCX_FO|429391","429391","SILVER24NOV87750CE","SILVER","4451.0","2024-11-26","87750","50.0","30","FUTCOM","CE","MCX_FO"
"MCX_FO|437923","437923","NATGASMINI24OCT275PE","NATURALGAS","0.0","2024-10-24","275","5.0","250","FUTCOM","PE","MCX_FO"
"MCX_FO|435557","435557","GOLDM24AUG70700PE","GOLD","3880.0","2024-08-27","70700","50.0","100","FUTCOM","PE","MCX_FO"
"MCX_FO|431123","431123","GOLD25JAN73600CE","GOLD","3222.5","2025-01-27","73600","50.0","1","FUTCOM","CE","MCX_FO"
"MCX_FO|434757","434757","SILVERM25FEB104750CE","SILVER","2406.0","2025-02-19","104750","50.0","5","FUTCOM","CE","MCX_FO"
"MCX_FO|430913","430913","SILVERM25FEB90250CE","SILVER","6084.0","2025-02-19","90250","50.0","5","FUTCOM","CE","MCX_FO"
"MCX_FO|432150","432150","GOLD25JAN75600CE","GOLD","2643.0","2025-01-27","75600","50.0","1","FUTCOM","CE","MCX_FO"
"MCX_FO|435240","435240","NATGASMINI24AUG220PE","NATURALGAS","44.45","2024-08-23","220","5.0","250","FUTCOM","PE","MCX_FO"
"MCX_FO|431855","431855","SILVER25FEB96500PE","SILVER","14582.0","2025-02-24","96500","50.0","30","FUTCOM","PE","MCX_FO"
"MCX_FO|436842","436842","GOLDM24AUG76700PE","GOLD","9007.5","2024-08-27","76700","50.0","100","FUTCOM","PE","MCX_FO"
"MCX_FO|435503","435503","GOLDM24AUG71100CE","GOLD","851.5","2024-08-27","71100","50.0","100","FUTCOM","CE","MCX_FO"
"MCX_FO|434052","434052","SILVER24AUG96250PE","SILVER","14992.0","2024-08-27","96250","50.0","30","FUTCOM","PE","MCX_FO"
"MCX_FO|429745","429745","GOLD24NOV70100PE","GOLD","4762.5","2024-11-26","70100","50.0","1","FUTCOM","PE","MCX_FO"
"MCX_FO|436026","436026","CRUDEOILM24SEP7500PE","CRUDE OIL","997.9","2024-09-17","7500","5.0","10","FUTCOM","PE","MCX_FO"
"MCX_FO|432446","432446","GOLD25MAR69800PE","GOLD","6017.5","2025-03-26","69800","50.0","1","FUTCOM","PE","MCX_FO"
"MCX_FO|434461","434461","GOLD25JAN78100PE","GOLD","11090.5","2025-01-27","78100","50.0","1","FUTCOM","PE","MCX_FO"
"MCX_FO|431611","431611","GOLD24SEP74400PE","GOLD","7294.5","2024-09-24","74400","50.0","1","FUTCOM","PE","MCX_FO"
"MCX_FO|427296","427296","SILVER24NOV85750CE","SILVER","5200.0","2024-11-26","85750","50.0","30","FUTCOM","CE","MCX_FO"
"MCX_FO|432434","432434","GOLD25MAR69900CE","GOLD","5322.5","2025-03-26","69900","50.0","1","FUTCOM","CE","MCX_FO"
"MCX_FO|432080","432080","SILVER24NOV94750PE","SILVER","13462.0","2024-11-26","94750","50.0","30","FUTCOM","PE","MCX_FO"
"MCX_FO|437788","437788","SILVERM25JUN84000PE","SILVER","8240.0","2025-06-19","84000","50.0","5","FUTCOM","PE","MCX_FO"
"MCX_FO|429989","429989","SILVERM25FEB80250CE","SILVER","10622.5","2025-02-19","80250","50.0","5","FUTCOM","CE","MCX_FO"
"MCX_FO|429925","429925","SILVER25FEB79000PE","SILVER","4895.5","2025-02-24","79000","50.0","30","FUTCOM","PE","MCX_FO"
"MCX_FO|435532","435532","GOLDM24AUG74300CE","GOLD","301.5","2024-08-27","74300","50.0","100","FUTCOM","CE","MCX_FO"
"MCX_FO|429877","429877","SILVER25FEB78250CE","SILVER","12016.0","2025-02-24","78250","50.0","30","FUTCOM","CE","MCX_FO"
"MCX_FO|437581","437581","GOLD25MAY68400CE","GOLD","6816.0","2025-05-27","68400","50.0","1","FUTCOM","CE","MCX_FO"
"MCX_FO|433495","433495","SILVER25APR92500CE","SILVER","7001.0","2025-04-24","92500","50.0","30","FUTCOM","CE","MCX_FO"
"MCX_FO|436128","436128","NATURALGAS24SEP220PE","NATURALGAS","38.7","2024-09-23","220","5.0","1250","FUTCOM","PE","MCX_FO"
"MCX_FO|426653","426653","GOLD24SEP61400PE","GOLD","665.5","2024-09-24","61400","50.0","1","FUTCOM","PE","MCX_FO"
"MCX_FO|435413","435413","ZINC24SEP285PE","ZINC","36.51","2024-09-19","285","1.0","5","FUTCOM","PE","MCX_FO"
"MCX_FO|430759","430759","GOLD25JAN72300CE","GOLD","3651.5","2025-01-27","72300","50.0","1","FUTCOM","CE","MCX_FO"
"MCX_FO|434326","434326","CRUDEOIL24AUG5500CE","CRUDE OIL","1067.9","2024-08-14","5500","10.0","100","FUTCOM","CE","MCX_FO"
"MCX_FO|436025","436025","CRUDEOILM24SEP7450PE","CRUDE OIL","949.2","2024-09-17","7450","5.0","10","FUTCOM","PE","MCX_FO"
"MCX_FO|437238","437238","ZINC24OCT227.5CE","ZINC","27.25","2024-10-22","227.5","1.0","5","FUTCOM","CE","MCX_FO"
"MCX_FO|437739","437739","SILVERM25APR84750CE","SILVER","10313.0","2025-04-21","84750","50.0","5","FUTCOM","CE","MCX_FO"
"MCX_FO|435339","435339","NATGASMINI24AUG155PE","NATURALGAS","4.7","2024-08-23","155","5.0","250","FUTCOM","PE","MCX_FO"
"MCX_FO|428274","428274","GOLD24NOV59600CE","GOLD","9386.5","2024-11-26","59600","50.0","1","FUTCOM","CE","MCX_FO"
"MCX_FO|429986","429986","SILVERM25FEB73500CE","SILVER","14796.5","2025-02-19","73500","50.0","5","FUTCOM","CE","MCX_FO"
"MCX_FO|427745","427745","SILVERM24AUG69750PE","SILVER","113.5","2024-08-21","69750","50.0","5","FUTCOM","PE","MCX_FO"
"MCX_FO|429098","429098","SILVERM24AUG67250PE","SILVER","38.0","2024-08-21","67250","50.0","5","FUTCOM","PE","MCX_FO"
"MCX_FO|434314","434314","CRUDEOIL24AUG6100CE","CRUDE OIL","430.2","2024-08-14","6100","10.0","100","FUTCOM","CE","MCX_FO"
"MCX_FO|430051","430051","SILVERM25FEB83250PE","SILVER","6263.0","2025-02-19","83250","50.0","5","FUTCOM","PE","MCX_FO"
"MCX_FO|436557","436557","GOLDM24AUG75900PE","GOLD","8257.5","2024-08-27","75900","50.0","100","FUTCOM","PE","MCX_FO"
"MCX_FO|436890","436890","SILVERM25JUN107750PE","SILVER","22688.5","2025-06-19","107750","50.0","5","FUTCOM","PE","MCX_FO"
"MCX_FO|436635","436635","SILVER25JUN102500CE","SILVER","5688.5","2025-06-25","102500","50.0","30","FUTCOM","CE","MCX_FO"
"MCX_FO|427711","427711","SILVER24AUG70500PE","SILVER","260.5","2024-08-27","70500","50.0","30","FUTCOM","PE","MCX_FO"
"MCX_FO|436648","436648","SILVER25JUN105750CE","SILVER","4930.5","2025-06-25","105750","50.0","30","FUTCOM","CE","MCX_FO"
"MCX_FO|436215","436215","NATURALGAS24SEP165PE","NATURALGAS","6.55","2024-09-23","165","5.0","1250","FUTCOM","PE","MCX_FO"
"MCX_FO|435645","435645","ZINC24SEP230PE","ZINC","4.53","2024-09-19","230","1.0","5","FUTCOM","PE","MCX_FO"
"MCX_FO|426924","426924","SILVERM24AUG80750PE","SILVER","2546.0","2024-08-21","80750","50.0","5","FUTCOM","PE","MCX_FO"
"MCX_FO|437087","437087","SILVERM25JUN93000CE","SILVER","9028.5","2025-06-19","93000","50.0","5","FUTCOM","CE","MCX_FO"
"MCX_FO|437235","437235","ZINC24OCT235CE","ZINC","23.27","2024-10-22","235","1.0","5","FUTCOM","CE","MCX_FO"
"MCX_FO|431461","431461","GOLD25JAN74600PE","GOLD","8593.0","2025-01-27","74600","50.0","1","FUTCOM","PE","MCX_FO"
"MCX_FO|434423","434423","GOLD24NOV77400CE","GOLD","1097.0","2024-11-26","77400","50.0","1","FUTCOM","CE","MCX_FO"
"MCX_FO|434200","434200","SILVERM24AUG96250PE","SILVER","14821.5","2024-08-21","96250","50.0","5","FUTCOM","PE","MCX_FO"
"MCX_FO|435739","435739","GOLD25MAY73700CE","GOLD","4730.5","2025-05-27","73700","50.0","1","FUTCOM","CE","MCX_FO"
"MCX_FO|428862","428862","GOLD25JAN65400PE","GOLD","3506.0","2025-01-27","65400","50.0","1","FUTCOM","PE","MCX_FO"
"MCX_FO|437697","437697","SILVER25JUN84000CE","SILVER","12232.5","2025-06-25","84000","50.0","30","FUTCOM","CE","MCX_FO"
"MCX_FO|436189","436189","NATGASMINI24SEP210PE","NATURALGAS","31.15","2024-09-23","210","5.0","250","FUTCOM","PE","MCX_FO"
"MCX_FO|426858","426858","SILVERM24NOV74500CE","SILVER","11114.0","2024-11-20","74500","50.0","5","FUTCOM","CE","MCX_FO"
"MCX_FO|436517","436517","GOLDM24SEP75500PE","GOLD","7974.5","2024-09-24","75500","50.0","100","FUTCOM","PE","MCX_FO"
"MCX_FO|429958","429958","SILVER25FEB87500PE","SILVER","8945.5","2025-02-24","87500","50.0","30","FUTCOM","PE","MCX_FO"
"MCX_FO|436466","436466","GOLDM24SEP75400CE","GOLD","609.0","2024-09-24","75400","50.0","100","FUTCOM","CE","MCX_FO"
"MCX_FO|431435","431435","GOLD24SEP74000CE","GOLD","251.0","2024-09-24","74000","50.0","1","FUTCOM","CE","MCX_FO"
"MCX_FO|436405","436405","COPPER24OCT910PE","COPPER","100.61","2024-10-22","910","1.0","2500","FUTCOM","PE","MCX_FO"
"MCX_FO|426807","426807","SILVERM24AUG73250CE","SILVER","8550.5","2024-08-21","73250","50.0","5","FUTCOM","CE","MCX_FO"
"MCX_FO|436134","436134","NATURALGAS24SEP190PE","NATURALGAS","17.75","2024-09-23","190","5.0","1250","FUTCOM","PE","MCX_FO"
"MCX_FO|432997","432997","ZINC24AUG260PE","ZINC","11.61","2024-08-21","260","1.0","5","FUTCOM","PE","MCX_FO"
"MCX_FO|426792","426792","SILVERM24AUG77000CE","SILVER","5559.0","2024-08-21","77000","50.0","5","FUTCOM","CE","MCX_FO"
"MCX_FO|435200","435200","SILVERM25FEB107000PE","SILVER","22069.0","2025-02-19","107000","50.0","5","FUTCOM","PE","MCX_FO"
"MCX_FO|437742","437742","SILVERM25APR84000CE","SILVER","10684.5","2025-04-21","84000","50.0","5","FUTCOM","CE","MCX_FO"
"MCX_FO|435753","435753","GOLD25MAY72000PE","GOLD","7653.5","2025-05-27","72000","50.0","1","FUTCOM","PE","MCX_FO"
"MCX_FO|431342","431342","SILVER24NOV91250CE","SILVER","3348.0","2024-11-26","91250","50.0","30","FUTCOM","CE","MCX_FO"
"MCX_FO|433877","433877","GOLD24SEP76700CE","GOLD","503.5","2024-09-24","76700","50.0","1","FUTCOM","CE","MCX_FO"
"MCX_FO|427269","427269","SILVER24NOV74250CE","SILVER","11404.5","2024-11-26","74250","50.0","30","FUTCOM","CE","MCX_FO"
"MCX_FO|436032","436032","CRUDEOILM24SEP7800PE","CRUDE OIL","1292.75","2024-09-17","7800","5.0","10","FUTCOM","PE","MCX_FO"
"MCX_FO|431173","431173","GOLD24NOV73600PE","GOLD","7018.0","2024-11-26","73600","50.0","1","FUTCOM","PE","MCX_FO"
"MCX_FO|434776","434776","SILVERM25APR107750CE","SILVER","3038.5","2025-04-21","107750","50.0","5","FUTCOM","CE","MCX_FO"
"MCX_FO|435478","435478","ZINC24SEP245PE","ZINC","9.84","2024-09-19","245","1.0","5","FUTCOM","PE","MCX_FO"
"MCX_FO|431932","431932","GOLD25MAR70400CE","GOLD","5117.5","2025-03-26","70400","50.0","1","FUTCOM","CE","MCX_FO"
"MCX_FO|435065","435065","CRUDEOILM24AUG5150CE","CRUDE OIL","1413.5","2024-08-14","5150","5.0","10","FUTCOM","CE","MCX_FO"
"MCX_FO|434151","434151","SILVERM25FEB98750CE","SILVER","3586.0","2025-02-19","98750","50.0","5","FUTCOM","CE","MCX_FO"
"MCX_FO|437375","437375","GOLDM24SEP66900CE","GOLD","3334.0","2024-09-24","66900","50.0","100","FUTCOM","CE","MCX_FO"
"MCX_FO|436749","436749","SILVERM25JUN105750CE","SILVER","5359.0","2025-06-19","105750","50.0","5","FUTCOM","CE","MCX_FO"
"MCX_FO|434673","434673","SILVER25FEB107000PE","SILVER","22510.0","2025-02-24","107000","50.0","30","FUTCOM","PE","MCX_FO"
"MCX_FO|426842","426842","SILVERM24NOV78500CE","SILVER","8543.0","2024-11-20","78500","50.0","5","FUTCOM","CE","MCX_FO"
"MCX_FO|434166","434166","SILVERM25APR101000CE","SILVER","4457.0","2025-04-21","101000","50.0","5","FUTCOM","CE","MCX_FO"
"MCX_FO|435866","435866","CRUDEOIL24SEP7150CE","CRUDE OIL","17.2","2024-09-17","7150","10.0","100","FUTCOM","CE","MCX_FO"
"MCX_FO|433800","433800","SILVERM25APR99500CE","SILVER","4841.0","2025-04-21","99500","50.0","5","FUTCOM","CE","MCX_FO"
"MCX_FO|437236","437236","ZINC24OCT232.5CE","ZINC","24.55","2024-10-22","232.5","1.0","5","FUTCOM","CE","MCX_FO"
"MCX_FO|429871","429871","SILVER25FEB80000CE","SILVER","11036.0","2025-02-24","80000","50.0","30","FUTCOM","CE","MCX_FO"
"MCX_FO|436522","436522","ZINC24SEP287.5CE","ZINC","2.58","2024-09-19","287.5","1.0","5","FUTCOM","CE","MCX_FO"
"MCX_FO|430933","430933","SILVERM24NOV88250PE","SILVER","8528.5","2024-11-20","88250","50.0","5","FUTCOM","PE","MCX_FO"
"MCX_FO|430024","430024","SILVERM25FEB76500PE","SILVER","3553.0","2025-02-19","76500","50.0","5","FUTCOM","PE","MCX_FO"
"MCX_FO|437893","437893","NATGASMINI24OCT275CE","NATURALGAS","0.0","2024-10-24","275","5.0","250","FUTCOM","CE","MCX_FO"
"MCX_FO|427709","427709","SILVER24AUG71000PE","SILVER","305.0","2024-08-27","71000","50.0","30","FUTCOM","PE","MCX_FO"
"MCX_FO|437601","437601","GOLD25MAR67500PE","GOLD","4854.0","2025-03-26","67500","50.0","1","FUTCOM","PE","MCX_FO"
"MCX_FO|433818","433818","SILVERM25APR100250PE","SILVER","15809.5","2025-04-21","100250","50.0","5","FUTCOM","PE","MCX_FO"
"MCX_FO|435117","435117","NATURALGAS24AUG255CE","NATURALGAS","0.8","2024-08-23","255","5.0","1250","FUTCOM","CE","MCX_FO"
"MCX_FO|437651","437651","GOLDM24AUG66300PE","GOLD","1393.5","2024-08-27","66300","50.0","100","FUTCOM","PE","MCX_FO"
"MCX_FO|437269","437269","COPPER24OCT785PE","COPPER","23.04","2024-10-22","785","1.0","2500","FUTCOM","PE","MCX_FO"
"MCX_FO|436045","436045","CRUDEOILM24SEP5400PE","CRUDE OIL","0.3","2024-09-17","5400","5.0","10","FUTCOM","PE","MCX_FO"
"MCX_FO|435628","435628","GOLDM24AUG69400PE","GOLD","3000.0","2024-08-27","69400","50.0","100","FUTCOM","PE","MCX_FO"
"MCX_FO|427154","427154","GOLD24NOV63000CE","GOLD","6884.5","2024-11-26","63000","50.0","1","FUTCOM","CE","MCX_FO"
"MCX_FO|435128","435128","NATURALGAS24AUG310CE","NATURALGAS","0.05","2024-08-23","310","5.0","1250","FUTCOM","CE","MCX_FO"
"MCX_FO|434981","434981","CRUDEOILM24AUG7300PE","CRUDE OIL","729.1","2024-08-14","7300","5.0","10","FUTCOM","PE","MCX_FO"
"MCX_FO|426747","426747","SILVER24AUG75750PE","SILVER","1097.5","2024-08-27","75750","50.0","30","FUTCOM","PE","MCX_FO"
"MCX_FO|435758","435758","GOLD25MAY71500PE","GOLD","7371.5","2025-05-27","71500","50.0","1","FUTCOM","PE","MCX_FO"
"MCX_FO|437835","437835","NATURALGAS24OCT200PE","NATURALGAS","0.0","2024-10-24","200","5.0","1250","FUTCOM","PE","MCX_FO"
"MCX_FO|433623","433623","SILVERM25APR85750CE","SILVER","9832.5","2025-04-21","85750","50.0","5","FUTCOM","CE","MCX_FO"
"MCX_FO|431935","431935","GOLD25MAR73000CE","GOLD","4148.5","2025-03-26","73000","50.0","1","FUTCOM","CE","MCX_FO"
"MCX_FO|429267","429267","GOLD24SEP67500CE","GOLD","1730.5","2024-09-24","67500","50.0","1","FUTCOM","CE","MCX_FO"
"MCX_FO|437758","437758","SILVERM25JUN84250CE","SILVER","12635.5","2025-06-19","84250","50.0","5","FUTCOM","CE","MCX_FO"
"MCX_FO|436955","436955","CRUDEOIL24OCT6500CE","CRUDE OIL","128.7","2024-10-17","6500","10.0","100","FUTCOM","CE","MCX_FO"
"MCX_FO|433553","433553","SILVER25APR85750PE","SILVER","8365.5","2025-04-24","85750","50.0","30","FUTCOM","PE","MCX_FO"
"MCX_FO|430365","430365","GOLD24SEP70600PE","GOLD","4502.0","2024-09-24","70600","50.0","1","FUTCOM","PE","MCX_FO"
"MCX_FO|437126","437126","CRUDEOILM24OCT6600CE","CRUDE OIL","169.7","2024-10-17","6600","5.0","10","FUTCOM","CE","MCX_FO"
"MCX_FO|437825","437825","NATURALGAS24OCT275CE","NATURALGAS","0.0","2024-10-24","275","5.0","1250","FUTCOM","CE","MCX_FO"
"MCX_FO|433028","433028","ZINC24AUG257.5CE","ZINC","2.62","2024-08-21","257.5","1.0","5","FUTCOM","CE","MCX_FO"
"MCX_FO|437594","437594","GOLD25MAY67100CE","GOLD","7422.0","2025-05-27","67100","50.0","1","FUTCOM","CE","MCX_FO"
"MCX_FO|428389","428389","GOLD24SEP58500CE","GOLD","9526.5","2024-09-24","58500","50.0","1","FUTCOM","CE","MCX_FO"
"MCX_FO|432105","432105","SILVERM25FEB97750CE","SILVER","3825.0","2025-02-19","97750","50.0","5","FUTCOM","CE","MCX_FO"
"MCX_FO|426926","426926","SILVERM24AUG81250PE","SILVER","2791.5","2024-08-21","81250","50.0","5","FUTCOM","PE","MCX_FO"
"MCX_FO|426666","426666","GOLD24SEP64400PE","GOLD","1437.5","2024-09-24","64400","50.0","1","FUTCOM","PE","MCX_FO"
"MCX_FO|433727","433727","COPPER24AUG955PE","COPPER","158.17","2024-08-21","955","1.0","2500","FUTCOM","PE","MCX_FO"
"MCX_FO|435960","435960","CRUDEOILM24SEP5500CE","CRUDE OIL","984.4","2024-09-17","5500","5.0","10","FUTCOM","CE","MCX_FO"
"MCX_FO|436421","436421","GOLDM24SEP73000CE","GOLD","1052.0","2024-09-24","73000","50.0","100","FUTCOM","CE","MCX_FO"
"MCX_FO|426818","426818","SILVERM24AUG79250CE","SILVER","4076.5","2024-08-21","79250","50.0","5","FUTCOM","CE","MCX_FO"
"MCX_FO|437878","437878","NATGASMINI24OCT175CE","NATURALGAS","0.0","2024-10-24","175","5.0","250","FUTCOM","CE","MCX_FO"
"MCX_FO|435892","435892","CRUDEOIL24SEP6150PE","CRUDE OIL","53.4","2024-09-17","6150","10.0","100","FUTCOM","PE","MCX_FO"
"MCX_FO|436710","436710","SILVERM25JUN97750CE","SILVER","7463.0","2025-06-19","97750","50.0","5","FUTCOM","CE","MCX_FO"
"MCX_FO|434663","434663","SILVER25FEB104500PE","SILVER","20516.5","2025-02-24","104500","50.0","30","FUTCOM","PE","MCX_FO"
"MCX_FO|437554","437554","COPPER24AUG765PE","COPPER","3.73","2024-08-21","765","1.0","2500","FUTCOM","PE","MCX_FO"
"MCX_FO|435709","435709","GOLD25MAY71400CE","GOLD","5562.0","2025-05-27","71400","50.0","1","FUTCOM","CE","MCX_FO"
"MCX_FO|426903","426903","SILVERM24AUG74250PE","SILVER","540.5","2024-08-21","74250","50.0","5","FUTCOM","PE","MCX_FO"
"MCX_FO|437187","437187","CRUDEOILM24OCT7050PE","CRUDE OIL","699.85","2024-10-17","7050","5.0","10","FUTCOM","PE","MCX_FO"
"MCX_FO|429599","429599","GOLD25JAN69800PE","GOLD","5643.5","2025-01-27","69800","50.0","1","FUTCOM","PE","MCX_FO"
"MCX_FO|431815","431815","GOLD24SEP74700PE","GOLD","7538.0","2024-09-24","74700","50.0","1","FUTCOM","PE","MCX_FO"
"MCX_FO|428858","428858","GOLD25JAN65000PE","GOLD","3340.0","2025-01-27","65000","50.0","1","FUTCOM","PE","MCX_FO"
"MCX_FO|430865","430865","SILVER25FEB91000CE","SILVER","6169.5","2025-02-24","91000","50.0","30","FUTCOM","CE","MCX_FO"
"MCX_FO|430551","430551","GOLD24SEP70700CE","GOLD","1773.0","2024-09-24","70700","50.0","1","FUTCOM","CE","MCX_FO"
"MCX_FO|427395","427395","SILVER24AUG85000CE","SILVER","1103.0","2024-08-27","85000","50.0","30","FUTCOM","CE","MCX_FO"
"MCX_FO|437419","437419","GOLDM24AUG68000PE","GOLD","811.5","2024-08-27","68000","50.0","100","FUTCOM","PE","MCX_FO"
"MCX_FO|436553","436553","GOLDM24SEP75900CE","GOLD","540.0","2024-09-24","75900","50.0","100","FUTCOM","CE","MCX_FO"
"MCX_FO|429332","429332","GOLD24NOV68200PE","GOLD","3726.0","2024-11-26","68200","50.0","1","FUTCOM","PE","MCX_FO"
"MCX_FO|433538","433538","SILVER25APR89500PE","SILVER","10368.5","2025-04-24","89500","50.0","30","FUTCOM","PE","MCX_FO"
"MCX_FO|430795","430795","GOLD24NOV71600PE","GOLD","5677.0","2024-11-26","71600","50.0","1","FUTCOM","PE","MCX_FO"
"MCX_FO|434019","434019","SILVER25APR101500CE","SILVER","4441.0","2025-04-24","101500","50.0","30","FUTCOM","CE","MCX_FO"
"MCX_FO|435163","435163","SILVER24NOV105250CE","SILVER","928.5","2024-11-26","105250","50.0","30","FUTCOM","CE","MCX_FO"
"MCX_FO|435522","435522","GOLDM24AUG73300CE","GOLD","425.5","2024-08-27","73300","50.0","100","FUTCOM","CE","MCX_FO"
"MCX_FO|437358","437358","GOLDM24SEP68600CE","GOLD","2501.5","2024-09-24","68600","50.0","100","FUTCOM","CE","MCX_FO"
"MCX_FO|431937","431937","GOLD25MAR73200CE","GOLD","4080.5","2025-03-26","73200","50.0","1","FUTCOM","CE","MCX_FO"
"MCX_FO|428737","428737","SILVERM24NOV69000CE","SILVER","15286.0","2024-11-20","69000","50.0","5","FUTCOM","CE","MCX_FO"
"MCX_FO|433374","433374","GOLD24NOV76400CE","GOLD","1280.0","2024-11-26","76400","50.0","1","FUTCOM","CE","MCX_FO"
"MCX_FO|426716","426716","SILVER24AUG78750CE","SILVER","4622.5","2024-08-27","78750","50.0","30","FUTCOM","CE","MCX_FO"
"MCX_FO|435923","435923","CRUDEOIL24SEP7450PE","CRUDE OIL","952.1","2024-09-17","7450","10.0","100","FUTCOM","PE","MCX_FO"
"MCX_FO|434651","434651","SILVER24NOV102750PE","SILVER","19976.5","2024-11-26","102750","50.0","30","FUTCOM","PE","MCX_FO"
"MCX_FO|433552","433552","SILVER25APR86000PE","SILVER","8492.5","2025-04-24","86000","50.0","30","FUTCOM","PE","MCX_FO"
"MCX_FO|430801","430801","GOLD24NOV72200PE","GOLD","6065.5","2024-11-26","72200","50.0","1","FUTCOM","PE","MCX_FO"
"MCX_FO|429196","429196","GOLD25JAN67900CE","GOLD","5440.0","2025-01-27","67900","50.0","1","FUTCOM","CE","MCX_FO"
"MCX_FO|434563","434563","SILVER24NOV102500CE","SILVER","1214.5","2024-11-26","102500","50.0","30","FUTCOM","CE","MCX_FO"
"MCX_FO|427330","427330","SILVER24NOV81750PE","SILVER","5273.5","2024-11-26","81750","50.0","30","FUTCOM","PE","MCX_FO"
"MCX_FO|434007","434007","SILVER25FEB100750CE","SILVER","3473.0","2025-02-24","100750","50.0","30","FUTCOM","CE","MCX_FO"
"MCX_FO|436499","436499","GOLDM24SEP73700PE","GOLD","6503.0","2024-09-24","73700","50.0","100","FUTCOM","PE","MCX_FO"
"MCX_FO|434538","434538","SILVER24AUG99000CE","SILVER","83.5","2024-08-27","99000","50.0","30","FUTCOM","CE","MCX_FO"
"MCX_FO|431992","431992","GOLD25MAR70800PE","GOLD","6564.5","2025-03-26","70800","50.0","1","FUTCOM","PE","MCX_FO"
"MCX_FO|434922","434922","CRUDEOILM24AUG6850CE","CRUDE OIL","47.5","2024-08-14","6850","5.0","10","FUTCOM","CE","MCX_FO"
"MCX_FO|436485","436485","GOLDM24SEP71600PE","GOLD","4938.5","2024-09-24","71600","50.0","100","FUTCOM","PE","MCX_FO"
"MCX_FO|427148","427148","GOLD24NOV63600CE","GOLD","6486.5","2024-11-26","63600","50.0","1","FUTCOM","CE","MCX_FO"
"MCX_FO|431088","431088","GOLD24SEP73000CE","GOLD","326.5","2024-09-24","73000","50.0","1","FUTCOM","CE","MCX_FO"
"MCX_FO|430871","430871","SILVER24AUG86750PE","SILVER","6695.5","2024-08-27","86750","50.0","30","FUTCOM","PE","MCX_FO"
"MCX_FO|426846","426846","SILVERM24NOV77500CE","SILVER","9146.5","2024-11-20","77500","50.0","5","FUTCOM","CE","MCX_FO"
"MCX_FO|437188","437188","CRUDEOILM24OCT7100PE","CRUDE OIL","741.75","2024-10-17","7100","5.0","10","FUTCOM","PE","MCX_FO"
"MCX_FO|433748","433748","SILVER24NOV96250CE","SILVER","2171.0","2024-11-26","96250","50.0","30","FUTCOM","CE","MCX_FO"
"MCX_FO|435303","435303","SILVERM24AUG103750CE","SILVER","8.5","2024-08-21","103750","50.0","5","FUTCOM","CE","MCX_FO"
"MCX_FO|428270","428270","GOLD24NOV60000CE","GOLD","9072.0","2024-11-26","60000","50.0","1","FUTCOM","CE","MCX_FO"
"MCX_FO|436121","436121","NATURALGAS24SEP310CE","NATURALGAS","0.15","2024-09-23","310","5.0","1250","FUTCOM","CE","MCX_FO"
"MCX_FO|437280","437280","GOLD25MAR68200CE","GOLD","6066.0","2025-03-26","68200","50.0","1","FUTCOM","CE","MCX_FO"
"MCX_FO|434323","434323","CRUDEOIL24AUG5650CE","CRUDE OIL","918.5","2024-08-14","5650","10.0","100","FUTCOM","CE","MCX_FO"
"MCX_FO|430809","430809","GOLD25JAN72400PE","GOLD","7167.0","2025-01-27","72400","50.0","1","FUTCOM","PE","MCX_FO"
"MCX_FO|437009","437009","CRUDEOIL24OCT7500CE","CRUDE OIL","1.5","2024-10-17","7500","10.0","100","FUTCOM","CE","MCX_FO"
"MCX_FO|427324","427324","SILVER24NOV80250PE","SILVER","4579.5","2024-11-26","80250","50.0","30","FUTCOM","PE","MCX_FO"
"MCX_FO|426910","426910","SILVERM24AUG72500PE","SILVER","311.0","2024-08-21","72500","50.0","5","FUTCOM","PE","MCX_FO"
"MCX_FO|430780","430780","GOLD24SEP71200PE","GOLD","4903.0","2024-09-24","71200","50.0","1","FUTCOM","PE","MCX_FO"
"MCX_FO|431665","431665","SILVER24NOV93500PE","SILVER","12527.0","2024-11-26","93500","50.0","30","FUTCOM","PE","MCX_FO"
"MCX_FO|435604","435604","GOLDM24AUG75500PE","GOLD","7887.0","2024-08-27","75500","50.0","100","FUTCOM","PE","MCX_FO"
"MCX_FO|427277","427277","SILVER24NOV81000CE","SILVER","7360.0","2024-11-26","81000","50.0","30","FUTCOM","CE","MCX_FO"
"MCX_FO|433491","433491","SILVER25APR91500CE","SILVER","7350.5","2025-04-24","91500","50.0","30","FUTCOM","CE","MCX_FO"
"MCX_FO|435699","435699","GOLD25MAY72300CE","GOLD","5224.0","2025-05-27","72300","50.0","1","FUTCOM","CE","MCX_FO"
"MCX_FO|435123","435123","NATURALGAS24AUG285CE","NATURALGAS","0.05","2024-08-23","285","5.0","1250","FUTCOM","CE","MCX_FO"
"MCX_FO|437700","437700","SILVER25JUN83250CE","SILVER","12591.5","2025-06-25","83250","50.0","30","FUTCOM","CE","MCX_FO"
"MCX_FO|434390","434390","CRUDEOIL24AUG7150PE","CRUDE OIL","582.6","2024-08-14","7150","10.0","100","FUTCOM","PE","MCX_FO"
"MCX_FO|430917","430917","SILVERM25FEB91250CE","SILVER","5731.0","2025-02-19","91250","50.0","5","FUTCOM","CE","MCX_FO"
"MCX_FO|436686","436686","SILVER25JUN102750PE","SILVER","18951.0","2025-06-25","102750","50.0","30","FUTCOM","PE","MCX_FO"
"MCX_FO|435160","435160","SILVER24AUG103250CE","SILVER","26.0","2024-08-27","103250","50.0","30","FUTCOM","CE","MCX_FO"
"MCX_FO|426479","426479","SILVERM24AUG78000CE","SILVER","4868.0","2024-08-21","78000","50.0","5","FUTCOM","CE","MCX_FO"
"MCX_FO|426977","426977","SILVERM24NOV83000PE","SILVER","5521.0","2024-11-20","83000","50.0","5","FUTCOM","PE","MCX_FO"
"MCX_FO|434420","434420","GOLD24SEP77100CE","GOLD","458.0","2024-09-24","77100","50.0","1","FUTCOM","CE","MCX_FO"
"MCX_FO|426675","426675","GOLD24SEP65300PE","GOLD","1755.5","2024-09-24","65300","50.0","1","FUTCOM","PE","MCX_FO"
"MCX_FO|437915","437915","NATGASMINI24OCT235PE","NATURALGAS","0.0","2024-10-24","235","5.0","250","FUTCOM","PE","MCX_FO"
"MCX_FO|436339","436339","NATURALGAS24AUG135PE","NATURALGAS","0.25","2024-08-23","135","5.0","1250","FUTCOM","PE","MCX_FO"
"MCX_FO|435144","435144","NATURALGAS24AUG235PE","NATURALGAS","59.05","2024-08-23","235","5.0","1250","FUTCOM","PE","MCX_FO"
"MCX_FO|436352","436352","NATURALGAS24SEP140CE","NATURALGAS","47.1","2024-09-23","140","5.0","1250","FUTCOM","CE","MCX_FO"
"MCX_FO|434078","434078","SILVER25FEB100000PE","SILVER","17086.5","2025-02-24","100000","50.0","30","FUTCOM","PE","MCX_FO"
"MCX_FO|431128","431128","GOLD25JAN74100CE","GOLD","3069.0","2025-01-27","74100","50.0","1","FUTCOM","CE","MCX_FO"
"MCX_FO|427272","427272","SILVER24NOV73500CE","SILVER","11923.5","2024-11-26","73500","50.0","30","FUTCOM","CE","MCX_FO"
"MCX_FO|431112","431112","GOLD25JAN72500CE","GOLD","3582.5","2025-01-27","72500","50.0","1","FUTCOM","CE","MCX_FO"
"MCX_FO|434988","434988","CRUDEOILM24AUG7650PE","CRUDE OIL","1076.85","2024-08-14","7650","5.0","10","FUTCOM","PE","MCX_FO"
"MCX_FO|428848","428848","GOLD25JAN64000PE","GOLD","2947.5","2025-01-27","64000","50.0","1","FUTCOM","PE","MCX_FO"
"MCX_FO|433009","433009","COPPER24AUG900CE","COPPER","0.04","2024-08-21","900","1.0","2500","FUTCOM","CE","MCX_FO"
"MCX_FO|436950","436950","GOLD25MAY79000PE","GOLD","12111.5","2025-05-27","79000","50.0","1","FUTCOM","PE","MCX_FO"
"MCX_FO|435425","435425","COPPER24SEP930CE","COPPER","0.79","2024-09-19","930","1.0","2500","FUTCOM","CE","MCX_FO"
"MCX_FO|433813","433813","SILVERM25APR99000PE","SILVER","14953.5","2025-04-21","99000","50.0","5","FUTCOM","PE","MCX_FO"
"MCX_FO|433039","433039","ZINC24AUG272.5CE","ZINC","0.26","2024-08-21","272.5","1.0","5","FUTCOM","CE","MCX_FO"
"MCX_FO|437181","437181","CRUDEOILM24OCT6750PE","CRUDE OIL","467.85","2024-10-17","6750","5.0","10","FUTCOM","PE","MCX_FO"
"MCX_FO|432061","432061","SILVER24NOV95000CE","SILVER","2426.0","2024-11-26","95000","50.0","30","FUTCOM","CE","MCX_FO"
"MCX_FO|431439","431439","GOLD24NOV74300CE","GOLD","1747.5","2024-11-26","74300","50.0","1","FUTCOM","CE","MCX_FO"
"MCX_FO|437160","437160","CRUDEOILM24OCT6150PE","CRUDE OIL","144.2","2024-10-17","6150","5.0","10","FUTCOM","PE","MCX_FO"
"MCX_FO|427696","427696","SILVER24AUG71000CE","SILVER","10570.0","2024-08-27","71000","50.0","30","FUTCOM","CE","MCX_FO"
"MCX_FO|434366","434366","CRUDEOIL24AUG6000PE","CRUDE OIL","32.2","2024-08-14","6000","10.0","100","FUTCOM","PE","MCX_FO"
"MCX_FO|433765","433765","SILVER25APR100750CE","SILVER","4617.5","2025-04-24","100750","50.0","30","FUTCOM","CE","MCX_FO"
"MCX_FO|434754","434754","SILVERM25FEB104000CE","SILVER","2531.5","2025-02-19","104000","50.0","5","FUTCOM","CE","MCX_FO"
"MCX_FO|433311","433311","ZINC24AUG287.5CE","ZINC","0.01","2024-08-21","287.5","1.0","5","FUTCOM","CE","MCX_FO"
"MCX_FO|436054","436054","GOLD25MAY76200CE","GOLD","3945.0","2025-05-27","76200","50.0","1","FUTCOM","CE","MCX_FO"
"MCX_FO|431444","431444","GOLD25JAN74700CE","GOLD","2892.5","2025-01-27","74700","50.0","1","FUTCOM","CE","MCX_FO"
"MCX_FO|434349","434349","CRUDEOIL24AUG7600CE","CRUDE OIL","8.2","2024-08-14","7600","10.0","100","FUTCOM","CE","MCX_FO"
"MCX_FO|427313","427313","SILVER24NOV75750PE","SILVER","2841.5","2024-11-26","75750","50.0","30","FUTCOM","PE","MCX_FO"
"MCX_FO|433457","433457","SILVER24AUG94000CE","SILVER","243.0","2024-08-27","94000","50.0","30","FUTCOM","CE","MCX_FO"
"MCX_FO|437124","437124","CRUDEOILM24OCT5350CE","CRUDE OIL","1040.7","2024-10-17","5350","5.0","10","FUTCOM","CE","MCX_FO"
"MCX_FO|436315","436315","NATGASMINI24SEP155CE","NATURALGAS","36.1","2024-09-23","155","5.0","250","FUTCOM","CE","MCX_FO"
"MCX_FO|434160","434160","SILVERM25FEB101000CE","SILVER","3095.0","2025-02-19","101000","50.0","5","FUTCOM","CE","MCX_FO"
"MCX_FO|436357","436357","CRUDEOILM24AUG8150PE","CRUDE OIL","1574.85","2024-08-14","8150","5.0","10","FUTCOM","PE","MCX_FO"
"MCX_FO|429879","429879","SILVER25FEB77750CE","SILVER","12307.0","2025-02-24","77750","50.0","30","FUTCOM","CE","MCX_FO"
"MCX_FO|434369","434369","CRUDEOIL24AUG5850PE","CRUDE OIL","1.1","2024-08-14","5850","10.0","100","FUTCOM","PE","MCX_FO"
"MCX_FO|427240","427240","GOLD24NOV65900PE","GOLD","2662.5","2024-11-26","65900","50.0","1","FUTCOM","PE","MCX_FO"
"MCX_FO|436148","436148","NATURALGAS24SEP295PE","NATURALGAS","107.8","2024-09-23","295","5.0","1250","FUTCOM","PE","MCX_FO"
"MCX_FO|434643","434643","SILVER24NOV100750PE","SILVER","18273.5","2024-11-26","100750","50.0","30","FUTCOM","PE","MCX_FO"
"MCX_FO|430277","430277","GOLD25JAN71400CE","GOLD","3973.5","2025-01-27","71400","50.0","1","FUTCOM","CE","MCX_FO"
"MCX_FO|436903","436903","GOLD24NOV77700PE","GOLD","10136.0","2024-11-26","77700","50.0","1","FUTCOM","PE","MCX_FO"
"MCX_FO|436061","436061","GOLD25MAY76200PE","GOLD","10221.0","2025-05-27","76200","50.0","1","FUTCOM","PE","MCX_FO"
"MCX_FO|426690","426690","SILVER24AUG77500CE","SILVER","5414.0","2024-08-27","77500","50.0","30","FUTCOM","CE","MCX_FO"
"MCX_FO|427258","427258","SILVER24NOV77000CE","SILVER","9618.0","2024-11-26","77000","50.0","30","FUTCOM","CE","MCX_FO"
"MCX_FO|428818","428818","GOLD25JAN62300PE","GOLD","2348.5","2025-01-27","62300","50.0","1","FUTCOM","PE","MCX_FO"
"MCX_FO|437565","437565","GOLD25MAR68000CE","GOLD","6158.5","2025-03-26","68000","50.0","1","FUTCOM","CE","MCX_FO"
"MCX_FO|437521","437521","SILVERM25JUN87250CE","SILVER","11286.0","2025-06-19","87250","50.0","5","FUTCOM","CE","MCX_FO"
"MCX_FO|437177","437177","CRUDEOILM24OCT5300PE","CRUDE OIL","6.85","2024-10-17","5300","5.0","10","FUTCOM","PE","MCX_FO"
"MCX_FO|435879","435879","CRUDEOIL24SEP7800CE","CRUDE OIL","0.6","2024-09-17","7800","10.0","100","FUTCOM","CE","MCX_FO"
"MCX_FO|434813","434813","SILVERM24AUG102500PE","SILVER","20957.0","2024-08-21","102500","50.0","5","FUTCOM","PE","MCX_FO"
"MCX_FO|433603","433603","SILVERM25APR90750CE","SILVER","7683.0","2025-04-21","90750","50.0","5","FUTCOM","CE","MCX_FO"
"MCX_FO|434838","434838","SILVERM25FEB103500PE","SILVER","19266.0","2025-02-19","103500","50.0","5","FUTCOM","PE","MCX_FO"
"MCX_FO|435729","435729","GOLD25MAY72700CE","GOLD","5079.0","2025-05-27","72700","50.0","1","FUTCOM","CE","MCX_FO"
"MCX_FO|436783","436783","SILVERM25JUN101750PE","SILVER","18470.0","2025-06-19","101750","50.0","5","FUTCOM","PE","MCX_FO"
"MCX_FO|430876","430876","SILVER24NOV88500PE","SILVER","9074.0","2024-11-26","88500","50.0","30","FUTCOM","PE","MCX_FO"
"MCX_FO|433248","433248","COPPER24AUG920CE","COPPER","0.01","2024-08-21","920","1.0","2500","FUTCOM","CE","MCX_FO"
"MCX_FO|429869","429869","SILVER25FEB80500CE","SILVER","10767.0","2025-02-24","80500","50.0","30","FUTCOM","CE","MCX_FO"
"MCX_FO|437781","437781","SILVERM25JUN85750PE","SILVER","9073.5","2025-06-19","85750","50.0","5","FUTCOM","PE","MCX_FO"
"MCX_FO|437002","437002","CRUDEOIL24OCT7150CE","CRUDE OIL","9.6","2024-10-17","7150","10.0","100","FUTCOM","CE","MCX_FO"
"MCX_FO|429743","429743","GOLD24NOV69900PE","GOLD","4647.0","2024-11-26","69900","50.0","1","FUTCOM","PE","MCX_FO"
"MCX_FO|434716","434716","SILVERM24AUG99750CE","SILVER","32.5","2024-08-21","99750","50.0","5","FUTCOM","CE","MCX_FO"
"MCX_FO|437733","437733","SILVER25JUN83000PE","SILVER","7533.0","2025-06-25","83000","50.0","30","FUTCOM","PE","MCX_FO"
"MCX_FO|427342","427342","SILVER24NOV84750PE","SILVER","6829.5","2024-11-26","84750","50.0","30","FUTCOM","PE","MCX_FO"
"MCX_FO|431860","431860","SILVERM25FEB96750CE","SILVER","4077.5","2025-02-19","96750","50.0","5","FUTCOM","CE","MCX_FO"
"MCX_FO|435367","435367","COPPER24SEP905CE","COPPER","1.79","2024-09-19","905","1.0","2500","FUTCOM","CE","MCX_FO"
"MCX_FO|428291","428291","GOLD24NOV59800PE","GOLD","844.0","2024-11-26","59800","50.0","1","FUTCOM","PE","MCX_FO"
"MCX_FO|434942","434942","CRUDEOILM24AUG7850CE","CRUDE OIL","0.05","2024-08-14","7850","5.0","10","FUTCOM","CE","MCX_FO"
"MCX_FO|430032","430032","SILVERM25FEB74500PE","SILVER","2924.5","2025-02-19","74500","50.0","5","FUTCOM","PE","MCX_FO"
"MCX_FO|434004","434004","SILVER25FEB100000CE","SILVER","3636.0","2025-02-24","100000","50.0","30","FUTCOM","CE","MCX_FO"
"MCX_FO|434457","434457","GOLD25JAN77700PE","GOLD","10792.0","2025-01-27","77700","50.0","1","FUTCOM","PE","MCX_FO"
"MCX_FO|434428","434428","GOLD25JAN78000CE","GOLD","2064.5","2025-01-27","78000","50.0","1","FUTCOM","CE","MCX_FO"
"MCX_FO|435474","435474","COPPER24SEP845CE","COPPER","9.58","2024-09-19","845","1.0","2500","FUTCOM","CE","MCX_FO"
"MCX_FO|429833","429833","SILVERM25FEB79000CE","SILVER","11327.0","2025-02-19","79000","50.0","5","FUTCOM","CE","MCX_FO"
"MCX_FO|431503","431503","SILVER25FEB94500CE","SILVER","5049.0","2025-02-24","94500","50.0","30","FUTCOM","CE","MCX_FO"
"MCX_FO|435540","435540","GOLDM24AUG72400PE","GOLD","5184.0","2024-08-27","72400","50.0","100","FUTCOM","PE","MCX_FO"
"MCX_FO|435155","435155","NATURALGAS24AUG295PE","NATURALGAS","118.55","2024-08-23","295","5.0","1250","FUTCOM","PE","MCX_FO"
"MCX_FO|436764","436764","SILVERM25JUN96750PE","SILVER","15217.5","2025-06-19","96750","50.0","5","FUTCOM","PE","MCX_FO"
"MCX_FO|437504","437504","SILVER25JUN86750PE","SILVER","9316.5","2025-06-25","86750","50.0","30","FUTCOM","PE","MCX_FO"
"MCX_FO|435168","435168","SILVER25APR109750CE","SILVER","2858.0","2025-04-24","109750","50.0","30","FUTCOM","CE","MCX_FO"
"MCX_FO|433008","433008","COPPER24AUG895CE","COPPER","0.06","2024-08-21","895","1.0","2500","FUTCOM","CE","MCX_FO"
"MCX_FO|436856","436856","SILVER25JUN106750CE","SILVER","4716.0","2025-06-25","106750","50.0","30","FUTCOM","CE","MCX_FO"
"MCX_FO|434345","434345","CRUDEOIL24AUG7400CE","CRUDE OIL","8.3","2024-08-14","7400","10.0","100","FUTCOM","CE","MCX_FO"
"MCX_FO|434392","434392","CRUDEOIL24AUG7250PE","CRUDE OIL","678.8","2024-08-14","7250","10.0","100","FUTCOM","PE","MCX_FO"
"MCX_FO|431798","431798","GOLD24SEP75100CE","GOLD","724.0","2024-09-24","75100","50.0","1","FUTCOM","CE","MCX_FO"
"MCX_FO|434894","434894","CRUDEOILM24AUG6500CE","CRUDE OIL","150.6","2024-08-14","6500","5.0","10","FUTCOM","CE","MCX_FO"
"MCX_FO|427981","427981","GOLD24SEP60800PE","GOLD","559.0","2024-09-24","60800","50.0","1","FUTCOM","PE","MCX_FO"
"MCX_FO|437816","437816","NATURALGAS24OCT230CE","NATURALGAS","0.0","2024-10-24","230","5.0","1250","FUTCOM","CE","MCX_FO"
"MCX_FO|431494","431494","SILVER24AUG90500CE","SILVER","625.5","2024-08-27","90500","50.0","30","FUTCOM","CE","MCX_FO"
"MCX_FO|436313","436313","CRUDEOILM24SEP8050PE","CRUDE OIL","1539.8","2024-09-17","8050","5.0","10","FUTCOM","PE","MCX_FO"
"MCX_FO|431561","431561","SILVERM24AUG90500PE","SILVER","9455.0","2024-08-21","90500","50.0","5","FUTCOM","PE","MCX_FO"
"MCX_FO|437065","437065","CRUDEOIL24OCT7700PE","CRUDE OIL","1270.5","2024-10-17","7700","10.0","100","FUTCOM","PE","MCX_FO"
"MCX_FO|432065","432065","SILVER25FEB97250CE","SILVER","4293.0","2025-02-24","97250","50.0","30","FUTCOM","CE","MCX_FO"
"MCX_FO|437620","437620","GOLD25MAY67600PE","GOLD","5357.5","2025-05-27","67600","50.0","1","FUTCOM","PE","MCX_FO"
"MCX_FO|433547","433547","SILVER25APR87250PE","SILVER","9140.5","2025-04-24","87250","50.0","30","FUTCOM","PE","MCX_FO"
"MCX_FO|431609","431609","GOLD24SEP74200PE","GOLD","7134.0","2024-09-24","74200","50.0","1","FUTCOM","PE","MCX_FO"
"MCX_FO|428271","428271","GOLD24NOV59900CE","GOLD","9150.0","2024-11-26","59900","50.0","1","FUTCOM","CE","MCX_FO"
"MCX_FO|435883","435883","CRUDEOIL24SEP6600PE","CRUDE OIL","237.0","2024-09-17","6600","10.0","100","FUTCOM","PE","MCX_FO"
"MCX_FO|437578","437578","GOLD25MAR66700CE","GOLD","6784.5","2025-03-26","66700","50.0","1","FUTCOM","CE","MCX_FO"
"MCX_FO|435402","435402","ZINC24SEP260PE","ZINC","17.89","2024-09-19","260","1.0","5","FUTCOM","PE","MCX_FO"
"MCX_FO|433598","433598","SILVERM24NOV95750CE","SILVER","2053.5","2024-11-20","95750","50.0","5","FUTCOM","CE","MCX_FO"
"MCX_FO|431908","431908","GOLD25JAN75500CE","GOLD","2670.0","2025-01-27","75500","50.0","1","FUTCOM","CE","MCX_FO"
"MCX_FO|433697","433697","SILVERM25APR93000PE","SILVER","11131.5","2025-04-21","93000","50.0","5","FUTCOM","PE","MCX_FO"
"MCX_FO|434102","434102","SILVER25APR103750PE","SILVER","19735.5","2025-04-24","103750","50.0","30","FUTCOM","PE","MCX_FO"
"MCX_FO|436260","436260","COPPER24OCT870CE","COPPER","18.35","2024-10-22","870","1.0","2500","FUTCOM","CE","MCX_FO"
"MCX_FO|431118","431118","GOLD25JAN73100CE","GOLD","3382.5","2025-01-27","73100","50.0","1","FUTCOM","CE","MCX_FO"
"MCX_FO|435991","435991","CRUDEOILM24SEP6500PE","CRUDE OIL","173.1","2024-09-17","6500","5.0","10","FUTCOM","PE","MCX_FO"
"MCX_FO|436229","436229","NATURALGAS24SEP160PE","NATURALGAS","5.1","2024-09-23","160","5.0","1250","FUTCOM","PE","MCX_FO"
"MCX_FO|427689","427689","SILVERM24NOV73000CE","SILVER","12183.0","2024-11-20","73000","50.0","5","FUTCOM","CE","MCX_FO"
"MCX_FO|430085","430085","SILVERM25FEB86750CE","SILVER","7457.5","2025-02-19","86750","50.0","5","FUTCOM","CE","MCX_FO"
"MCX_FO|436891","436891","SILVERM25JUN108000PE","SILVER","22871.0","2025-06-19","108000","50.0","5","FUTCOM","PE","MCX_FO"
"MCX_FO|434325","434325","CRUDEOIL24AUG5550CE","CRUDE OIL","1018.1","2024-08-14","5550","10.0","100","FUTCOM","CE","MCX_FO"
"MCX_FO|435533","435533","GOLDM24AUG74400CE","GOLD","291.0","2024-08-27","74400","50.0","100","FUTCOM","CE","MCX_FO"
"MCX_FO|437588","437588","GOLD25MAY67700CE","GOLD","7137.5","2025-05-27","67700","50.0","1","FUTCOM","CE","MCX_FO"
"MCX_FO|435231","435231","NATGASMINI24AUG290CE","NATURALGAS","0.05","2024-08-23","290","5.0","250","FUTCOM","CE","MCX_FO"
"MCX_FO|435363","435363","COPPER24SEP860CE","COPPER","6.56","2024-09-19","860","1.0","2500","FUTCOM","CE","MCX_FO"
"MCX_FO|435506","435506","GOLDM24AUG70800CE","GOLD","929.5","2024-08-27","70800","50.0","100","FUTCOM","CE","MCX_FO"
"MCX_FO|434715","434715","SILVERM24AUG99500CE","SILVER","35.0","2024-08-21","99500","50.0","5","FUTCOM","CE","MCX_FO"
"MCX_FO|426545","426545","GOLD24SEP62200CE","GOLD","6436.5","2024-09-24","62200","50.0","1","FUTCOM","CE","MCX_FO"
"MCX_FO|437159","437159","CRUDEOILM24OCT6200PE","CRUDE OIL","162.95","2024-10-17","6200","5.0","10","FUTCOM","PE","MCX_FO"
"MCX_FO|433030","433030","ZINC24AUG252.5CE","ZINC","4.62","2024-08-21","252.5","1.0","5","FUTCOM","CE","MCX_FO"
"MCX_FO|431953","431953","GOLD25MAR74800CE","GOLD","3568.5","2025-03-26","74800","50.0","1","FUTCOM","CE","MCX_FO"
"MCX_FO|427285","427285","SILVER24NOV83000CE","SILVER","6383.0","2024-11-26","83000","50.0","30","FUTCOM","CE","MCX_FO"
"MCX_FO|437553","437553","COPPER24AUG770PE","COPPER","5.43","2024-08-21","770","1.0","2500","FUTCOM","PE","MCX_FO"
"MCX_FO|435141","435141","NATURALGAS24AUG170PE","NATURALGAS","10.3","2024-08-23","170","5.0","1250","FUTCOM","PE","MCX_FO"
"MCX_FO|434170","434170","SILVERM25APR102000CE","SILVER","4216.0","2025-04-21","102000","50.0","5","FUTCOM","CE","MCX_FO"
"MCX_FO|436465","436465","GOLDM24SEP75300CE","GOLD","623.5","2024-09-24","75300","50.0","100","FUTCOM","CE","MCX_FO"
"MCX_FO|433695","433695","SILVERM25APR92500PE","SILVER","10836.5","2025-04-21","92500","50.0","5","FUTCOM","PE","MCX_FO"
"MCX_FO|436057","436057","GOLD25MAY75800PE","GOLD","9962.0","2025-05-27","75800","50.0","1","FUTCOM","PE","MCX_FO"
"MCX_FO|433577","433577","SILVER25APR96500PE","SILVER","14654.5","2025-04-24","96500","50.0","30","FUTCOM","PE","MCX_FO"
"MCX_FO|437305","437305","GOLD25MAY68900PE","GOLD","5991.0","2025-05-27","68900","50.0","1","FUTCOM","PE","MCX_FO"
"MCX_FO|437497","437497","SILVER25JUN88500PE","SILVER","10216.0","2025-06-25","88500","50.0","30","FUTCOM","PE","MCX_FO"
"MCX_FO|433618","433618","SILVERM25APR87000CE","SILVER","9256.5","2025-04-21","87000","50.0","5","FUTCOM","CE","MCX_FO"
"MCX_FO|429287","429287","GOLD25JAN68200CE","GOLD","5300.5","2025-01-27","68200","50.0","1","FUTCOM","CE","MCX_FO"
"MCX_FO|430788","430788","GOLD24SEP72000PE","GOLD","4240.0","2024-09-24","72000","50.0","1","FUTCOM","PE","MCX_FO"
"MCX_FO|437130","437130","CRUDEOILM24OCT6800CE","CRUDE OIL","109.35","2024-10-17","6800","5.0","10","FUTCOM","CE","MCX_FO"
"MCX_FO|436967","436967","CRUDEOIL24OCT6350CE","CRUDE OIL","198.3","2024-10-17","6350","10.0","100","FUTCOM","CE","MCX_FO"
"MCX_FO|433033","433033","ZINC24AUG245CE","ZINC","9.17","2024-08-21","245","1.0","5","FUTCOM","CE","MCX_FO"
"MCX_FO|430098","430098","SILVERM25FEB87500PE","SILVER","8429.0","2025-02-19","87500","50.0","5","FUTCOM","PE","MCX_FO"
"MCX_FO|431713","431713","SILVERM24AUG91250CE","SILVER","372.0","2024-08-21","91250","50.0","5","FUTCOM","CE","MCX_FO"
"MCX_FO|437169","437169","CRUDEOILM24OCT5700PE","CRUDE OIL","37.15","2024-10-17","5700","5.0","10","FUTCOM","PE","MCX_FO"
"MCX_FO|436033","436033","CRUDEOILM24SEP7850PE","CRUDE OIL","1342.1","2024-09-17","7850","5.0","10","FUTCOM","PE","MCX_FO"
"MCX_FO|430745","430745","GOLD24NOV71500CE","GOLD","2577.0","2024-11-26","71500","50.0","1","FUTCOM","CE","MCX_FO"
"MCX_FO|436182","436182","NATGASMINI24SEP310CE","NATURALGAS","0.25","2024-09-23","310","5.0","250","FUTCOM","CE","MCX_FO"
"MCX_FO|434238","434238","SILVERM25FEB102000PE","SILVER","18103.0","2025-02-19","102000","50.0","5","FUTCOM","PE","MCX_FO"
"MCX_FO|437787","437787","SILVERM25JUN84250PE","SILVER","8356.5","2025-06-19","84250","50.0","5","FUTCOM","PE","MCX_FO"
"MCX_FO|427309","427309","SILVER24NOV76750PE","SILVER","3183.5","2024-11-26","76750","50.0","30","FUTCOM","PE","MCX_FO"
"MCX_FO|427410","427410","SILVER24NOV86750CE","SILVER","4814.5","2024-11-26","86750","50.0","30","FUTCOM","CE","MCX_FO"
"MCX_FO|427228","427228","GOLD24NOV64700PE","GOLD","2192.0","2024-11-26","64700","50.0","1","FUTCOM","PE","MCX_FO"
"MCX_FO|436273","436273","COPPER24OCT865PE","COPPER","66.39","2024-10-22","865","1.0","2500","FUTCOM","PE","MCX_FO"
"MCX_FO|436193","436193","NATGASMINI24SEP190PE","NATURALGAS","18.2","2024-09-23","190","5.0","250","FUTCOM","PE","MCX_FO"
"MCX_FO|437382","437382","GOLDM24SEP69400CE","GOLD","2165.5","2024-09-24","69400","50.0","100","FUTCOM","CE","MCX_FO"
"MCX_FO|431701","431701","SILVER24AUG91500CE","SILVER","303.0","2024-08-27","91500","50.0","30","FUTCOM","CE","MCX_FO"
"MCX_FO|436843","436843","GOLDM24AUG76800PE","GOLD","9102.0","2024-08-27","76800","50.0","100","FUTCOM","PE","MCX_FO"
"MCX_FO|434245","434245","SILVERM25APR102250PE","SILVER","17219.0","2025-04-21","102250","50.0","5","FUTCOM","PE","MCX_FO"
"MCX_FO|426838","426838","SILVERM24AUG84250CE","SILVER","1754.5","2024-08-21","84250","50.0","5","FUTCOM","CE","MCX_FO"
"MCX_FO|426712","426712","SILVER24AUG72000CE","SILVER","9684.0","2024-08-27","72000","50.0","30","FUTCOM","CE","MCX_FO"
"MCX_FO|431094","431094","GOLD24SEP73600CE","GOLD","999.5","2024-09-24","73600","50.0","1","FUTCOM","CE","MCX_FO"
"MCX_FO|433878","433878","GOLD24SEP76800CE","GOLD","491.5","2024-09-24","76800","50.0","1","FUTCOM","CE","MCX_FO"
"MCX_FO|437859","437859","NATURALGAS24OCT295PE","NATURALGAS","0.0","2024-10-24","295","5.0","1250","FUTCOM","PE","MCX_FO"
"MCX_FO|437427","437427","GOLDM24AUG67200PE","GOLD","1784.5","2024-08-27","67200","50.0","100","FUTCOM","PE","MCX_FO"
"MCX_FO|435189","435189","SILVERM25FEB107000CE","SILVER","2061.5","2025-02-19","107000","50.0","5","FUTCOM","CE","MCX_FO"
"MCX_FO|436368","436368","CRUDEOIL24SEP8100PE","CRUDE OIL","1591.3","2024-09-17","8100","10.0","100","FUTCOM","PE","MCX_FO"
"MCX_FO|426969","426969","SILVERM24NOV81000PE","SILVER","4560.0","2024-11-20","81000","50.0","5","FUTCOM","PE","MCX_FO"
"MCX_FO|428150","428150","SILVER24NOV70000PE","SILVER","1339.5","2024-11-26","70000","50.0","30","FUTCOM","PE","MCX_FO"
"MCX_FO|426635","426635","GOLD24SEP63200PE","GOLD","1078.0","2024-09-24","63200","50.0","1","FUTCOM","PE","MCX_FO"
"MCX_FO|434960","434960","CRUDEOILM24AUG5700PE","CRUDE OIL","0.05","2024-08-14","5700","5.0","10","FUTCOM","PE","MCX_FO"
"MCX_FO|428288","428288","GOLD24NOV60100PE","GOLD","902.5","2024-11-26","60100","50.0","1","FUTCOM","PE","MCX_FO"
"MCX_FO|436145","436145","NATURALGAS24SEP280PE","NATURALGAS","93.25","2024-09-23","280","5.0","1250","FUTCOM","PE","MCX_FO"
"MCX_FO|435636","435636","ZINC24SEP240CE","ZINC","18.7","2024-09-19","240","1.0","5","FUTCOM","CE","MCX_FO"
"MCX_FO|436639","436639","SILVER25JUN103500CE","SILVER","5445.0","2025-06-25","103500","50.0","30","FUTCOM","CE","MCX_FO"
"MCX_FO|435609","435609","NATURALGAS24AUG315PE","NATURALGAS","138.4","2024-08-23","315","5.0","1250","FUTCOM","PE","MCX_FO"
"MCX_FO|431927","431927","GOLD25MAR70900CE","GOLD","4918.5","2025-03-26","70900","50.0","1","FUTCOM","CE","MCX_FO"
"MCX_FO|437721","437721","SILVER25JUN86000PE","SILVER","8944.0","2025-06-25","86000","50.0","30","FUTCOM","PE","MCX_FO"
"MCX_FO|436455","436455","GOLDM24SEP74300CE","GOLD","787.5","2024-09-24","74300","50.0","100","FUTCOM","CE","MCX_FO"
"MCX_FO|435760","435760","GOLD25MAY71300PE","GOLD","7260.0","2025-05-27","71300","50.0","1","FUTCOM","PE","MCX_FO"
"MCX_FO|429685","429685","GOLD24SEP69600CE","GOLD","2164.5","2024-09-24","69600","50.0","1","FUTCOM","CE","MCX_FO"
"MCX_FO|436601","436601","NATURALGAS24AUG115PE","NATURALGAS","0.05","2024-08-23","115","5.0","1250","FUTCOM","PE","MCX_FO"
"MCX_FO|431989","431989","GOLD25MAR71100PE","GOLD","6733.5","2025-03-26","71100","50.0","1","FUTCOM","PE","MCX_FO"
"MCX_FO|437852","437852","NATURALGAS24OCT260PE","NATURALGAS","0.0","2024-10-24","260","5.0","1250","FUTCOM","PE","MCX_FO"
"MCX_FO|437163","437163","CRUDEOILM24OCT6000PE","CRUDE OIL","96.85","2024-10-17","6000","5.0","10","FUTCOM","PE","MCX_FO"
"MCX_FO|434550","434550","SILVER24AUG102000CE","SILVER","72.5","2024-08-27","102000","50.0","30","FUTCOM","CE","MCX_FO"
"MCX_FO|434771","434771","SILVERM25APR106500CE","SILVER","3266.0","2025-04-21","106500","50.0","5","FUTCOM","CE","MCX_FO"
"MCX_FO|435573","435573","GOLDM24AUG73400PE","GOLD","6017.5","2024-08-27","73400","50.0","100","FUTCOM","PE","MCX_FO"
"MCX_FO|432443","432443","GOLD25MAR69000CE","GOLD","5707.0","2025-03-26","69000","50.0","1","FUTCOM","CE","MCX_FO"
"MCX_FO|427733","427733","SILVERM24NOV72750PE","SILVER","1713.0","2024-11-20","72750","50.0","5","FUTCOM","PE","MCX_FO"
"MCX_FO|437435","437435","GOLDM24SEP69000PE","GOLD","3285.5","2024-09-24","69000","50.0","100","FUTCOM","PE","MCX_FO"
"MCX_FO|436718","436718","SILVERM25JUN95750CE","SILVER","8091.0","2025-06-19","95750","50.0","5","FUTCOM","CE","MCX_FO"
"MCX_FO|428787","428787","GOLD25JAN60400CE","GOLD","9803.0","2025-01-27","60400","50.0","1","FUTCOM","CE","MCX_FO"
"MCX_FO|436418","436418","GOLD25MAY77400PE","GOLD","11015.0","2025-05-27","77400","50.0","1","FUTCOM","PE","MCX_FO"
"MCX_FO|436268","436268","COPPER24OCT825PE","COPPER","41.55","2024-10-22","825","1.0","2500","FUTCOM","PE","MCX_FO"
"MCX_FO|437764","437764","SILVERM25JUN82750CE","SILVER","13357.0","2025-06-19","82750","50.0","5","FUTCOM","CE","MCX_FO"
"MCX_FO|426674","426674","GOLD24SEP65200PE","GOLD","1718.0","2024-09-24","65200","50.0","1","FUTCOM","PE","MCX_FO"
"MCX_FO|430940","430940","SILVERM25FEB90000PE","SILVER","9860.0","2025-02-19","90000","50.0","5","FUTCOM","PE","MCX_FO"
"MCX_FO|436705","436705","SILVERM25JUN99000CE","SILVER","7092.5","2025-06-19","99000","50.0","5","FUTCOM","CE","MCX_FO"
"MCX_FO|435373","435373","COPPER24SEP880PE","COPPER","82.59","2024-09-19","880","1.0","2500","FUTCOM","PE","MCX_FO"
"MCX_FO|427385","427385","SILVERM24NOV86250CE","SILVER","4763.0","2024-11-20","86250","50.0","5","FUTCOM","CE","MCX_FO"
"MCX_FO|437459","437459","GOLDM24SEP66600PE","GOLD","2083.0","2024-09-24","66600","50.0","100","FUTCOM","PE","MCX_FO"
"MCX_FO|436308","436308","ZINC24OCT270PE","ZINC","38.1","2024-10-22","270","1.0","5","FUTCOM","PE","MCX_FO"
"MCX_FO|437152","437152","CRUDEOILM24SEP5300PE","CRUDE OIL","0.1","2024-09-17","5300","5.0","10","FUTCOM","PE","MCX_FO"
"MCX_FO|436431","436431","GOLDM24SEP72000CE","GOLD","1301.0","2024-09-24","72000","50.0","100","FUTCOM","CE","MCX_FO"
"MCX_FO|436092","436092","COPPER24SEP805PE","COPPER","27.63","2024-09-19","805","1.0","2500","FUTCOM","PE","MCX_FO"
"MCX_FO|433716","433716","SILVERM25APR97750PE","SILVER","14116.5","2025-04-21","97750","50.0","5","FUTCOM","PE","MCX_FO"
"MCX_FO|426723","426723","SILVER24AUG80500CE","SILVER","2745.5","2024-08-27","80500","50.0","30","FUTCOM","CE","MCX_FO"
"MCX_FO|436939","436939","COPPER24OCT810PE","COPPER","33.84","2024-10-22","810","1.0","2500","FUTCOM","PE","MCX_FO"
"MCX_FO|435508","435508","GOLDM24AUG70600CE","GOLD","984.5","2024-08-27","70600","50.0","100","FUTCOM","CE","MCX_FO"
"MCX_FO|435088","435088","SILVER25APR109500PE","SILVER","24139.5","2025-04-24","109500","50.0","30","FUTCOM","PE","MCX_FO"
"MCX_FO|433415","433415","GOLD25JAN76900PE","GOLD","10205.0","2025-01-27","76900","50.0","1","FUTCOM","PE","MCX_FO"
"MCX_FO|435962","435962","CRUDEOILM24SEP6850CE","CRUDE OIL","52.2","2024-09-17","6850","5.0","10","FUTCOM","CE","MCX_FO"
"MCX_FO|434087","434087","SILVER25FEB102250PE","SILVER","18774.0","2025-02-24","102250","50.0","30","FUTCOM","PE","MCX_FO"
"MCX_FO|435585","435585","GOLDM24AUG74600PE","GOLD","7069.5","2024-08-27","74600","50.0","100","FUTCOM","PE","MCX_FO"
"MCX_FO|436156","436156","NATGASMINI24SEP225CE","NATURALGAS","5.35","2024-09-23","225","5.0","250","FUTCOM","CE","MCX_FO"
"MCX_FO|437368","437368","GOLDM24SEP67600CE","GOLD","2971.5","2024-09-24","67600","50.0","100","FUTCOM","CE","MCX_FO"
"MCX_FO|435957","435957","CRUDEOILM24SEP5650CE","CRUDE OIL","837.75","2024-09-17","5650","5.0","10","FUTCOM","CE","MCX_FO"
"MCX_FO|436097","436097","NATURALGAS24SEP225CE","NATURALGAS","4.45","2024-09-23","225","5.0","1250","FUTCOM","CE","MCX_FO"
"MCX_FO|436439","436439","GOLDM24SEP71200CE","GOLD","1532.0","2024-09-24","71200","50.0","100","FUTCOM","CE","MCX_FO"
"MCX_FO|435614","435614","GOLDM24AUG69900CE","GOLD","1197.0","2024-08-27","69900","50.0","100","FUTCOM","CE","MCX_FO"
"MCX_FO|435726","435726","GOLD25MAY72400CE","GOLD","5187.5","2025-05-27","72400","50.0","1","FUTCOM","CE","MCX_FO"
"MCX_FO|437731","437731","SILVER25JUN83500PE","SILVER","7759.0","2025-06-25","83500","50.0","30","FUTCOM","PE","MCX_FO"
"MCX_FO|430895","430895","SILVERM24AUG86000CE","SILVER","848.0","2024-08-21","86000","50.0","5","FUTCOM","CE","MCX_FO"
"MCX_FO|437730","437730","SILVER25JUN83750PE","SILVER","7873.5","2025-06-25","83750","50.0","30","FUTCOM","PE","MCX_FO"
"MCX_FO|435568","435568","GOLDM24AUG72900PE","GOLD","5595.0","2024-08-27","72900","50.0","100","FUTCOM","PE","MCX_FO"
"MCX_FO|434577","434577","SILVER25FEB104750CE","SILVER","2706.5","2025-02-24","104750","50.0","30","FUTCOM","CE","MCX_FO"
"MCX_FO|431436","431436","GOLD24SEP74100CE","GOLD","899.5","2024-09-24","74100","50.0","1","FUTCOM","CE","MCX_FO"
"MCX_FO|432289","432289","SILVER25FEB98000PE","SILVER","15636.5","2025-02-24","98000","50.0","30","FUTCOM","PE","MCX_FO"
"MCX_FO|436060","436060","GOLD25MAY76100PE","GOLD","10156.0","2025-05-27","76100","50.0","1","FUTCOM","PE","MCX_FO"
"MCX_FO|436774","436774","SILVERM25JUN94250PE","SILVER","13692.5","2025-06-19","94250","50.0","5","FUTCOM","PE","MCX_FO"
"MCX_FO|436568","436568","NATURALGAS24AUG120PE","NATURALGAS","0.6","2024-08-23","120","5.0","1250","FUTCOM","PE","MCX_FO"
"MCX_FO|435909","435909","CRUDEOIL24SEP6750PE","CRUDE OIL","336.1","2024-09-17","6750","10.0","100","FUTCOM","PE","MCX_FO"
"MCX_FO|436763","436763","SILVERM25JUN97000PE","SILVER","15374.0","2025-06-19","97000","50.0","5","FUTCOM","PE","MCX_FO"
"MCX_FO|433525","433525","SILVER24AUG94500PE","SILVER","13341.5","2024-08-27","94500","50.0","30","FUTCOM","PE","MCX_FO"
"MCX_FO|431382","431382","SILVERM25FEB93250CE","SILVER","5075.5","2025-02-19","93250","50.0","5","FUTCOM","CE","MCX_FO"
"MCX_FO|426891","426891","SILVERM24AUG77250PE","SILVER","1207.5","2024-08-21","77250","50.0","5","FUTCOM","PE","MCX_FO"
"MCX_FO|429930","429930","SILVER25FEB77500PE","SILVER","4322.0","2025-02-24","77500","50.0","30","FUTCOM","PE","MCX_FO"
"MCX_FO|433862","433862","COPPER24AUG975PE","COPPER","178.06","2024-08-21","975","1.0","2500","FUTCOM","PE","MCX_FO"
"MCX_FO|426976","426976","SILVERM24NOV82750PE","SILVER","5395.0","2024-11-20","82750","50.0","5","FUTCOM","PE","MCX_FO"
"MCX_FO|431501","431501","SILVER25FEB94000CE","SILVER","5197.5","2025-02-24","94000","50.0","30","FUTCOM","CE","MCX_FO"
"MCX_FO|426875","426875","SILVERM24NOV82500CE","SILVER","6395.5","2024-11-20","82500","50.0","5","FUTCOM","CE","MCX_FO"
"MCX_FO|426986","426986","SILVERM24NOV85250PE","SILVER","6726.5","2024-11-20","85250","50.0","5","FUTCOM","PE","MCX_FO"
"MCX_FO|437244","437244","CRUDEOILM24OCT5250CE","CRUDE OIL","1135.7","2024-10-17","5250","5.0","10","FUTCOM","CE","MCX_FO"
"MCX_FO|427423","427423","GOLD24NOV67200PE","GOLD","3237.5","2024-11-26","67200","50.0","1","FUTCOM","PE","MCX_FO"
"MCX_FO|437091","437091","SILVERM25JUN93500PE","SILVER","13248.5","2025-06-19","93500","50.0","5","FUTCOM","PE","MCX_FO"
"MCX_FO|427386","427386","SILVERM24AUG84500PE","SILVER","3913.5","2024-08-21","84500","50.0","5","FUTCOM","PE","MCX_FO"
"MCX_FO|435391","435391","ZINC24SEP252.5CE","ZINC","12.09","2024-09-19","252.5","1.0","5","FUTCOM","CE","MCX_FO"
"MCX_FO|426774","426774","SILVER24AUG80750PE","SILVER","2936.5","2024-08-27","80750","50.0","30","FUTCOM","PE","MCX_FO"
"MCX_FO|437209","437209","COPPER24AUG780PE","COPPER","8.38","2024-08-21","780","1.0","2500","FUTCOM","PE","MCX_FO"
"MCX_FO|435223","435223","NATGASMINI24AUG250CE","NATURALGAS","0.1","2024-08-23","250","5.0","250","FUTCOM","CE","MCX_FO"
"MCX_FO|436776","436776","SILVERM25JUN93750PE","SILVER","13396.0","2025-06-19","93750","50.0","5","FUTCOM","PE","MCX_FO"
"MCX_FO|435149","435149","NATURALGAS24AUG265PE","NATURALGAS","88.7","2024-08-23","265","5.0","1250","FUTCOM","PE","MCX_FO"
"MCX_FO|430945","430945","SILVERM25FEB91250PE","SILVER","10616.5","2025-02-19","91250","50.0","5","FUTCOM","PE","MCX_FO"
"MCX_FO|437125","437125","CRUDEOILM24OCT5300CE","CRUDE OIL","1088.0","2024-10-17","5300","5.0","10","FUTCOM","CE","MCX_FO"
"MCX_FO|430089","430089","SILVERM25FEB87750CE","SILVER","7042.5","2025-02-19","87750","50.0","5","FUTCOM","CE","MCX_FO"
"MCX_FO|437438","437438","GOLDM24SEP68700PE","GOLD","3118.0","2024-09-24","68700","50.0","100","FUTCOM","PE","MCX_FO"
"MCX_FO|429285","429285","GOLD24NOV68700CE","GOLD","3681.5","2024-11-26","68700","50.0","1","FUTCOM","CE","MCX_FO"
"MCX_FO|435184","435184","SILVERM24AUG103250CE","SILVER","10.0","2024-08-21","103250","50.0","5","FUTCOM","CE","MCX_FO"
"MCX_FO|433886","433886","GOLD25JAN77600CE","GOLD","2152.5","2025-01-27","77600","50.0","1","FUTCOM","CE","MCX_FO"
"MCX_FO|431367","431367","SILVER25FEB93500PE","SILVER","12565.5","2025-02-24","93500","50.0","30","FUTCOM","PE","MCX_FO"
"MCX_FO|433090","433090","COPPER24AUG825PE","COPPER","33.37","2024-08-21","825","1.0","2500","FUTCOM","PE","MCX_FO"
"MCX_FO|426751","426751","SILVER24AUG74750PE","SILVER","864.5","2024-08-27","74750","50.0","30","FUTCOM","PE","MCX_FO"
"MCX_FO|434338","434338","CRUDEOIL24AUG7050CE","CRUDE OIL","21.4","2024-08-14","7050","10.0","100","FUTCOM","CE","MCX_FO"
"MCX_FO|434566","434566","SILVER24NOV103250CE","SILVER","1129.5","2024-11-26","103250","50.0","30","FUTCOM","CE","MCX_FO"
"MCX_FO|429689","429689","GOLD24SEP70000CE","GOLD","713.0","2024-09-24","70000","50.0","1","FUTCOM","CE","MCX_FO"
"MCX_FO|428139","428139","SILVERM24AUG68500CE","SILVER","12945.5","2024-08-21","68500","50.0","5","FUTCOM","CE","MCX_FO"
"MCX_FO|426775","426775","SILVER24AUG81000PE","SILVER","2109.0","2024-08-27","81000","50.0","30","FUTCOM","PE","MCX_FO"
"MCX_FO|434775","434775","SILVERM25APR107500CE","SILVER","3083.0","2025-04-21","107500","50.0","5","FUTCOM","CE","MCX_FO"
"MCX_FO|430807","430807","GOLD25JAN72200PE","GOLD","7043.5","2025-01-27","72200","50.0","1","FUTCOM","PE","MCX_FO"
"MCX_FO|435154","435154","NATURALGAS24AUG290PE","NATURALGAS","113.55","2024-08-23","290","5.0","1250","FUTCOM","PE","MCX_FO"
"MCX_FO|436314","436314","NATGASMINI24AUG145CE","NATURALGAS","31.95","2024-08-23","145","5.0","250","FUTCOM","CE","MCX_FO"
"MCX_FO|428813","428813","GOLD25JAN62800PE","GOLD","2515.5","2025-01-27","62800","50.0","1","FUTCOM","PE","MCX_FO"
"MCX_FO|436780","436780","SILVERM25JUN101000PE","SILVER","17966.0","2025-06-19","101000","50.0","5","FUTCOM","PE","MCX_FO"
"MCX_FO|431994","431994","GOLD25MAR70600PE","GOLD","6453.0","2025-03-26","70600","50.0","1","FUTCOM","PE","MCX_FO"
"MCX_FO|429755","429755","GOLD25JAN70500PE","GOLD","6035.5","2025-01-27","70500","50.0","1","FUTCOM","PE","MCX_FO"
"MCX_FO|434634","434634","SILVER24AUG101250PE","SILVER","19837.5","2024-08-27","101250","50.0","30","FUTCOM","PE","MCX_FO"
"MCX_FO|428738","428738","SILVERM24NOV68750CE","SILVER","15491.0","2024-11-20","68750","50.0","5","FUTCOM","CE","MCX_FO"
"MCX_FO|430676","430676","SILVERM24NOV87000PE","SILVER","7751.5","2024-11-20","87000","50.0","5","FUTCOM","PE","MCX_FO"
"MCX_FO|432166","432166","GOLD25MAR76200CE","GOLD","3164.5","2025-03-26","76200","50.0","1","FUTCOM","CE","MCX_FO"
"MCX_FO|437444","437444","GOLDM24SEP68100PE","GOLD","2797.0","2024-09-24","68100","50.0","100","FUTCOM","PE","MCX_FO"
"MCX_FO|432004","432004","GOLD25MAR73500PE","GOLD","8162.0","2025-03-26","73500","50.0","1","FUTCOM","PE","MCX_FO"
"MCX_FO|433225","433225","ZINC24AUG280PE","ZINC","27.56","2024-08-21","280","1.0","5","FUTCOM","PE","MCX_FO"
